INSERT INTO MODULE_ACTION_TYPE (MODULE_ACTION_TYPE_ID, ACTION_TYPE, MODULE_CODE, SUB_MODULE_CODE, IS_ACTIVE, DESCRIPTION) VALUES ('80','FCOI_LOCATION_REVIEWER_ACK', '8', '0', 'Y', 'FCOI Location Reviewer Acknowledgement');
INSERT INTO MODULE_ACTION_TYPE (MODULE_ACTION_TYPE_ID, ACTION_TYPE, MODULE_CODE, SUB_MODULE_CODE, IS_ACTIVE, DESCRIPTION) VALUES ('81','PROJECT_LOCATION_REVIEWER_ACK', '8', '0', 'Y', 'Project Location Reviewer Acknowledgement');
INSERT INTO MODULE_ACTION_TYPE (MODULE_ACTION_TYPE_ID, ACTION_TYPE, MODULE_CODE, SUB_MODULE_CODE, IS_ACTIVE, DESCRIPTION) VALUES ('82','OPA_LOCATION_REVIEWER_ACK', '23', '0', 'Y', 'OPA Location Reviewer Acknowledgement');

INSERT INTO MQ_ROUTER_ACTION_CONFIGURATION (ACTION_TYPE, IS_ACTIVE, MODULE_CODE, QUEUE_NAME, SUB_MODULE_CODE) VALUES ('FCOI_LOCATION_REVIEWER_ACK', 'Y', '8', 'Q_NOTIFICATION', '0');
INSERT INTO MQ_ROUTER_ACTION_CONFIGURATION (ACTION_TYPE, IS_ACTIVE, MODULE_CODE, QUEUE_NAME, SUB_MODULE_CODE) VALUES ('PROJECT_LOCATION_REVIEWER_ACK', 'Y', '8', 'Q_NOTIFICATION', '0');
INSERT INTO MQ_ROUTER_ACTION_CONFIGURATION (ACTION_TYPE, IS_ACTIVE, MODULE_CODE, QUEUE_NAME, SUB_MODULE_CODE) VALUES ('OPA_LOCATION_REVIEWER_ACK', 'Y', '23', 'Q_NOTIFICATION', '0');

INSERT INTO `NOTIFICATION_TYPE` (`NOTIFICATION_TYPE_ID`,`MODULE_CODE`,`SUB_MODULE_CODE`,`DESCRIPTION`,`SUBJECT`,`MESSAGE`,`PROMPT_USER`,`IS_ACTIVE`,`CREATE_USER`,`CREATE_TIMESTAMP`,`IS_SYSTEM_SPECIFIC`,`SHOW_TEMPLATE_IN_MODULE`,`SENT_TO_INITIATOR`) VALUES (8081,8,0,'FCOI Location review completed acknowledgement for reviewer.','Review has been completed for COI Annual disclosure Submitted by  {COI_DISCLOSURE#REPORTER_NAME} - No action required','<p>Dear Reviewer,</p><p>Your assigned {COI_DISCL_REVIEW#REVIEW_LOCATION} Review for<strong> COI Annual Disclosure </strong>submitted on {COI_DISCLOSURE#CERTIFICATION_DATE} by {COI_DISCLOSURE#REPORTER_NAME}  was completed by {COI_DISCLOSURE#ADMINISTRATOR_NAME}.</p><p>No more action required from your side</p><p>Please go to <a target=\"_blank\" rel=\"noopener noreferrer\" href=\"https://mycoi-opa-dev.mit.edu/fibi-core/%7BOPA_URL#OPA_URL%7D\">this link</a> to view the details.</p><p>Thank you.<br> </p><p>Note: This is a system-generated email. Please do not reply to this email.</p><p style=\"margin-left:0px;\">Touchstone@MIT - Stale Request</p><p> </p>','N','Y','admin',now(),'N',NULL,'N');
INSERT INTO `NOTIFICATION_TYPE` (`NOTIFICATION_TYPE_ID`,`MODULE_CODE`,`SUB_MODULE_CODE`,`DESCRIPTION`,`SUBJECT`,`MESSAGE`,`PROMPT_USER`,`IS_ACTIVE`,`CREATE_USER`,`CREATE_TIMESTAMP`,`IS_SYSTEM_SPECIFIC`,`SHOW_TEMPLATE_IN_MODULE`,`SENT_TO_INITIATOR`) VALUES (8083,8,0,'Project Location review completed acknowledgement for reviewer.','Review has been completed for Project disclosure Submitted by  {COI_DISCLOSURE#REPORTER_NAME} - No action required','<p>Dear Reviewer,</p><p>Your assigned {COI_DISCL_REVIEW#REVIEW_LOCATION} Review for<strong> Project Disclosure </strong>submitted on {COI_DISCLOSURE#CERTIFICATION_DATE} by {COI_DISCLOSURE#REPORTER_NAME} was completed by {COI_DISCLOSURE#ADMINISTRATOR_NAME}.</p><p>No more action required from your side</p><p>Please go to <a target=\"_blank\" rel=\"noopener noreferrer\" href=\"https://mycoi-opa-dev.mit.edu/fibi-core/%7BOPA_URL#OPA_URL%7D\">this link</a> to view the details.</p><p>Thank you.<br> </p><p>Note: This is a system-generated email. Please do not reply to this email.</p><p style=\"margin-left:0px;\">Touchstone@MIT - Stale Request</p><p> </p>','N','Y','admin',now(),'N',NULL,'N');
INSERT INTO `NOTIFICATION_TYPE` (`NOTIFICATION_TYPE_ID`,`MODULE_CODE`,`SUB_MODULE_CODE`,`DESCRIPTION`,`SUBJECT`,`MESSAGE`,`PROMPT_USER`,`IS_ACTIVE`,`CREATE_USER`,`CREATE_TIMESTAMP`,`IS_SYSTEM_SPECIFIC`,`SHOW_TEMPLATE_IN_MODULE`,`SENT_TO_INITIATOR`) VALUES (8084,23,0,'OPA Location review completed acknowledgement for reviewer.','Review has been completed for OPA disclosure Submitted by {OPA_DETAILS#REPORTER_NAME} - No action required','<p>Dear Reviewer,</p><p>Your assigned {OPA_OTHER#REVIEW_LOCATION} Review for<strong> OPA Disclosure </strong>submitted on {OPA_DETAILS#CERTIFICATION_DATE} by {OPA_DETAILS#REPORTER_NAME} was completed by {OPA_OTHER#ADMINISTRATOR_NAME}.</p><p>No more action required from your side</p><p>Please go to <a target=\"_blank\" rel=\"noopener noreferrer\" href=\"https://mycoi-opa-dev.mit.edu/fibi-core/%7BOPA_URL#OPA_URL%7D\">this link</a> to view the details.</p><p>Thank you.<br> </p><p>Note: This is a system-generated email. Please do not reply to this email.</p><p style=\"margin-left:0px;\">Touchstone@MIT - Stale Request</p><p> </p>','N','Y','admin',now(),'N',NULL,'N');

INSERT INTO `NOTIFICATION_RECIPIENT` (`NOTIFICATION_TYPE_ID`,`RECIPIENT_PERSON_ID`,`ROLE_TYPE_CODE`,`CREATE_USER`,`CREATE_TIMESTAMP`,`UPDATE_USER`,`UPDATE_TIMESTAMP`,`RECIPIENT_TYPE`,`RECIPIENT_NAME`) VALUES (8081,NULL,57,'admin',now(),NULL,NULL,'TO','COI Reviewer');
INSERT INTO `NOTIFICATION_RECIPIENT` (`NOTIFICATION_TYPE_ID`,`RECIPIENT_PERSON_ID`,`ROLE_TYPE_CODE`,`CREATE_USER`,`CREATE_TIMESTAMP`,`UPDATE_USER`,`UPDATE_TIMESTAMP`,`RECIPIENT_TYPE`,`RECIPIENT_NAME`) VALUES (8083,NULL,57,'admin',now(),NULL,NULL,'TO','COI Reviewer');
INSERT INTO `NOTIFICATION_RECIPIENT` (`NOTIFICATION_TYPE_ID`,`RECIPIENT_PERSON_ID`,`ROLE_TYPE_CODE`,`CREATE_USER`,`CREATE_TIMESTAMP`,`UPDATE_USER`,`UPDATE_TIMESTAMP`,`RECIPIENT_TYPE`,`RECIPIENT_NAME`) VALUES (8084,NULL,70,'admin',now(),NULL,NULL,'TO','OPA Reviewer');

INSERT INTO `NOTIFY_ACTION_TYPE_MAP` (`NOTIFICATION_TYPE_ID`,`MODULE_ACTION_TYPE_ID`,`UPDATE_TIMESTAMP`,`UPDATE_USER`) VALUES (8081,80,now(),'admin');
INSERT INTO `NOTIFY_ACTION_TYPE_MAP` (`NOTIFICATION_TYPE_ID`,`MODULE_ACTION_TYPE_ID`,`UPDATE_TIMESTAMP`,`UPDATE_USER`) VALUES (8083,81,now(),'admin');
INSERT INTO `NOTIFY_ACTION_TYPE_MAP` (`NOTIFICATION_TYPE_ID`,`MODULE_ACTION_TYPE_ID`,`UPDATE_TIMESTAMP`,`UPDATE_USER`) VALUES (8084,82,now(),'admin');

UPDATE NOTIFICATION_TYPE SET `MESSAGE` = '<p>Hello Reviewer,</p><p>The COI Annual Disclosure submitted on {COI_DISCLOSURE#CERTIFICATION_DATE} by {COI_DISCLOSURE#REPORTER_NAME} is marked as {COI_DISCL_REVIEW#REVIEWER_REVIEW_STATUS} status at {COI_DISCL_REVIEW#REVIEW_LOCATION} by {COI_DISCLOSURE#ADMINISTRATOR_NAME}.</p><p><span style=\"color:hsl(0,0%,0%);\">Department: </span><span style=\"font-family:Arial, Helvetica, sans-serif;\">{COI_DISCLOSURE#DEPARTMENT_NUMBER} - {COI_DISCLOSURE#DEPARTMENT_NAME}</span></p><p><span style=\"color:hsl(0,0%,0%);\">Disclosure Status: </span><span style=\"font-family:Arial, Helvetica, sans-serif;\">{COI_DISCLOSURE#DISCLOSURE_STATUS}</span></p><p><span style=\"color:hsl(0,0%,0%);\">Review Location: {COI_DISCL_REVIEW#REVIEW_LOCATION}</span></p><p><span style=\"color:hsl(0,0%,0%);\">Review Status: {COI_DISCL_REVIEW#REVIEWER_REVIEW_STATUS}</span></p><p><span style=\"color:hsl(0,0%,0%);font-family:Arial, Helvetica, sans-serif;\">Please follow</span><span style=\"color:rgb(23,43,77);font-family:Arial, Helvetica, sans-serif;\"> </span><a href=\"{COI_DISCL_URL#DISCLOSURE_URL}\"><span style=\"font-family:Arial, Helvetica, sans-serif;\">this link</span></a><span style=\"color:rgb(23,43,77);font-family:Arial, Helvetica, sans-serif;\"> </span><span style=\"color:hsl(0,0%,0%);font-family:Arial, Helvetica, sans-serif;\">to review the application.</span></p><p><span style=\"color:hsl(0,0%,0%);\">Note: This is a system-generated email. Please do not reply to this email.</span></p>' WHERE (`NOTIFICATION_TYPE_ID` = '8018');
UPDATE NOTIFICATION_TYPE SET `MESSAGE` = '<p>Hello Reviewer,</p><p>The Project Disclosure submitted on {COI_DISCLOSURE#CERTIFICATION_DATE} by {COI_DISCLOSURE#REPORTER_NAME} is marked as {COI_DISCL_REVIEW#REVIEWER_REVIEW_STATUS} status at {COI_DISCL_REVIEW#REVIEW_LOCATION} by {COI_DISCLOSURE#ADMINISTRATOR_NAME}.</p><p><span style=\"color:hsl(0,0%,0%);\">Department: </span><span style=\"font-family:Arial, Helvetica, sans-serif;\">{COI_DISCLOSURE#DEPARTMENT_NUMBER} - {COI_DISCLOSURE#DEPARTMENT_NAME}</span></p><p><span style=\"color:hsl(0,0%,0%);\">Disclosure Status: </span><span style=\"font-family:Arial, Helvetica, sans-serif;\">{COI_DISCLOSURE#DISCLOSURE_STATUS}</span></p><p><span style=\"color:hsl(0,0%,0%);\">Review Location: {COI_DISCL_REVIEW#REVIEW_LOCATION}</span></p><p><span style=\"color:hsl(0,0%,0%);\">Review Status: {COI_DISCL_REVIEW#REVIEWER_REVIEW_STATUS}</span></p><p><span style=\"color:hsl(0,0%,0%);font-family:Arial, Helvetica, sans-serif;\">Please follow</span><span style=\"color:rgb(23,43,77);font-family:Arial, Helvetica, sans-serif;\"> </span><a href=\"{COI_DISCL_URL#DISCLOSURE_URL}\"><span style=\"font-family:Arial, Helvetica, sans-serif;\">this link</span></a><span style=\"color:rgb(23,43,77);font-family:Arial, Helvetica, sans-serif;\"> </span><span style=\"color:hsl(0,0%,0%);font-family:Arial, Helvetica, sans-serif;\">to review the application.</span></p><p><span style=\"color:hsl(0,0%,0%);\">Note: This is a system-generated email. Please do not reply to this email.</span></p>' WHERE (`NOTIFICATION_TYPE_ID` = '8034');
UPDATE NOTIFICATION_TYPE SET `MESSAGE` = '<p>Hello Reviewer,</p><p>The OPA Disclosure submitted on {OPA_DETAILS#CERTIFICATION_DATE} by {OPA_DETAILS#REPORTER_NAME} is marked as {OPA_OTHER#REVIEWER_REVIEW_STATUS} status at {OPA_OTHER#REVIEW_LOCATION} by {OPA_OTHER#ADMINISTRATOR_NAME}.</p><p>Department: {OPA_DETAILS#DEPARTMENT_NUMBER} - {OPA_DETAILS#DEPARTMENT_NAME}</p><p>Disclosure Status: {OPA_DETAILS#DISPOSITION_STATUS}</p><p>Review Location: {OPA_OTHER#REVIEW_LOCATION}</p><p>Review Status: {OPA_OTHER#REVIEWER_REVIEW_STATUS}</p><p>Please follow <a href=\"{OPA_URL#OPA_URL}\">this link</a> to review the application.</p><p>Note: This is a system-generated email. Please do not reply to this email.</p>' WHERE (`NOTIFICATION_TYPE_ID` = '8082');
