SET FOREIGN_KEY_CHECKS=0; 

-- INSERT INTO ENTITY_TYPE (ENTITY_TYPE_CODE,DESCRIPTION,IS_ACTIVE,UPDATE_TIMESTAMP,UPDATE_USER) VALUES ('1','Publicly Owned','Y',now(),'quickstart');
-- INSERT INTO ENTITY_TYPE (ENTITY_TYPE_CODE,DESCRIPTION,IS_ACTIVE,UPDATE_TIMESTAMP,UPDATE_USER) VALUES ('2','Private','Y',now(),'quickstart');
-- INSERT INTO ENTITY_TYPE (ENTITY_TYPE_CODE,DESCRIPTION,IS_ACTIVE,UPDATE_TIMESTAMP,UPDATE_USER) VALUES ('3','Non-Profit','Y',now(),'quickstart');
-- INSERT INTO ENTITY_TYPE (ENTITY_TYPE_CODE,DESCRIPTION,IS_ACTIVE,UPDATE_TIMESTAMP,UPDATE_USER) VALUES ('4','For-Profit','Y',now(),'quickstart');
-- INSERT INTO ENTITY_TYPE (ENTITY_TYPE_CODE,DESCRIPTION,IS_ACTIVE,UPDATE_TIMESTAMP,UPDATE_USER) VALUES ('5', 'Federal', 'Y', now(), 'quickstart');

-- INSERT INTO COI_DISCLOSURE_TYPE (DISCLOSURE_TYPE_CODE,DESCRIPTION,IS_ACTIVE,UPDATE_TIMESTAMP,UPDATE_USER) VALUES ('1','Financial','Y',now(),'quickstart');
-- INSERT INTO COI_DISCLOSURE_TYPE (DISCLOSURE_TYPE_CODE,DESCRIPTION,IS_ACTIVE,UPDATE_TIMESTAMP,UPDATE_USER) VALUES ('2','Commitment','N',now(),'quickstart');
-- INSERT INTO COI_DISCLOSURE_TYPE (DISCLOSURE_TYPE_CODE,DESCRIPTION,IS_ACTIVE,UPDATE_TIMESTAMP,UPDATE_USER) VALUES ('3','Travel','Y',now(),'quickstart');

INSERT INTO PERSON_ENTITY_REL_TYPE (RELATIONSHIP_TYPE_CODE,DESCRIPTION,IS_ACTIVE,UPDATE_TIMESTAMP,UPDATE_USER) VALUES ('1','Self','Y',now(),'quickstart');
INSERT INTO PERSON_ENTITY_REL_TYPE (RELATIONSHIP_TYPE_CODE,DESCRIPTION,IS_ACTIVE,UPDATE_TIMESTAMP,UPDATE_USER) VALUES ('2','Spouse','Y',now(),'quickstart');
INSERT INTO PERSON_ENTITY_REL_TYPE (RELATIONSHIP_TYPE_CODE,DESCRIPTION,IS_ACTIVE,UPDATE_TIMESTAMP,UPDATE_USER) VALUES ('3','Dependant','Y',now(),'quickstart');

INSERT INTO VALID_PERSON_ENTITY_REL_TYPE (VALID_PERS_ENTITY_REL_TYP_CODE,DISCLOSURE_TYPE_CODE,RELATIONSHIP_TYPE_CODE,DESCRIPTION,QUESTIONNAIRE_NUMBER,IS_ACTIVE,UPDATE_TIMESTAMP,UPDATE_USER) VALUES (1,'1','1','Financial : Self',NULL,'Y',now(),'quickstart');
INSERT INTO VALID_PERSON_ENTITY_REL_TYPE (VALID_PERS_ENTITY_REL_TYP_CODE,DISCLOSURE_TYPE_CODE,RELATIONSHIP_TYPE_CODE,DESCRIPTION,QUESTIONNAIRE_NUMBER,IS_ACTIVE,UPDATE_TIMESTAMP,UPDATE_USER) VALUES (2,'1','2','Financial : Spouse',NULL,'Y',now(),'quickstart');
INSERT INTO VALID_PERSON_ENTITY_REL_TYPE (VALID_PERS_ENTITY_REL_TYP_CODE,DISCLOSURE_TYPE_CODE,RELATIONSHIP_TYPE_CODE,DESCRIPTION,QUESTIONNAIRE_NUMBER,IS_ACTIVE,UPDATE_TIMESTAMP,UPDATE_USER) VALUES (3,'1','3','Financial : Dependant',NULL,'Y',now(),'quickstart');
INSERT INTO VALID_PERSON_ENTITY_REL_TYPE (VALID_PERS_ENTITY_REL_TYP_CODE,DISCLOSURE_TYPE_CODE,RELATIONSHIP_TYPE_CODE,DESCRIPTION,QUESTIONNAIRE_NUMBER,IS_ACTIVE,UPDATE_TIMESTAMP,UPDATE_USER) VALUES (4,'3','1','Traveller',NULL,'Y',now(),'quickstart');
INSERT INTO VALID_PERSON_ENTITY_REL_TYPE (VALID_PERS_ENTITY_REL_TYP_CODE,DISCLOSURE_TYPE_CODE,RELATIONSHIP_TYPE_CODE,DESCRIPTION,QUESTIONNAIRE_NUMBER,IS_ACTIVE,UPDATE_TIMESTAMP,UPDATE_USER) VALUES (5,'2','1','Commitment : Self',NULL,'Y',now(),'quickstart');

INSERT INTO ENTITY_STATUS (ENTITY_STATUS_CODE,DESCRIPTION,IS_ACTIVE,UPDATE_TIMESTAMP,UPDATE_USER) VALUES ('1','Verified','Y',now(),'quickstart');
INSERT INTO ENTITY_STATUS (ENTITY_STATUS_CODE,DESCRIPTION,IS_ACTIVE,UPDATE_TIMESTAMP,UPDATE_USER) VALUES ('2','Unverified','Y',now(),'quickstart');

INSERT INTO ENTITY_RISK_CATEGORY (RISK_CATEGORY_CODE,DESCRIPTION,IS_ACTIVE,UPDATE_TIMESTAMP,UPDATE_USER,SORT_ORDER) VALUES ('1','High','Y',now(),'quickstart',3);
INSERT INTO ENTITY_RISK_CATEGORY (RISK_CATEGORY_CODE,DESCRIPTION,IS_ACTIVE,UPDATE_TIMESTAMP,UPDATE_USER,SORT_ORDER) VALUES ('2','Medium','Y',now(),'quickstart',2);
INSERT INTO ENTITY_RISK_CATEGORY (RISK_CATEGORY_CODE,DESCRIPTION,IS_ACTIVE,UPDATE_TIMESTAMP,UPDATE_USER,SORT_ORDER) VALUES ('3','Low','Y',now(),'quickstart',1);

UPDATE COI_TRAVELER SET DESCRIPTION = 'Self', IS_ACTIVE = 'Y', UPDATE_TIMESTAMP = now(), UPDATE_USER = 'quickstart'
WHERE TRAVELER_TYPE_CODE = '1';

UPDATE COI_TRAVELER SET DESCRIPTION = 'Spouse/Domestic Partner', IS_ACTIVE = 'Y', UPDATE_TIMESTAMP = now(), UPDATE_USER = 'quickstart'
WHERE TRAVELER_TYPE_CODE = '2';

UPDATE COI_TRAVELER SET DESCRIPTION = 'Dependent Children', IS_ACTIVE = 'Y', UPDATE_TIMESTAMP = now(), UPDATE_USER = 'quickstart'
WHERE TRAVELER_TYPE_CODE = '3';

INSERT INTO COI_TRAVEL_STATUS (TRAVEL_STATUS_CODE,DESCRIPTION,IS_ACTIVE,UPDATE_TIMESTAMP,UPDATE_USER) VALUES ('1','Pending','Y',now(),'quickstart');
INSERT INTO COI_TRAVEL_STATUS (TRAVEL_STATUS_CODE,DESCRIPTION,IS_ACTIVE,UPDATE_TIMESTAMP,UPDATE_USER) VALUES ('2','Submitted','Y',now(),'quickstart');
INSERT INTO COI_TRAVEL_STATUS (TRAVEL_STATUS_CODE,DESCRIPTION,IS_ACTIVE,UPDATE_TIMESTAMP,UPDATE_USER) VALUES ('3','Approved','Y',now(),'quickstart');

INSERT INTO COI_RISK_CATEGORY (RISK_CATEGORY_CODE,DESCRIPTION,IS_ACTIVE,UPDATE_TIMESTAMP,UPDATE_USER,SORT_ORDER) VALUES ('1','High','Y',now(),'quickstart',3);
INSERT INTO COI_RISK_CATEGORY (RISK_CATEGORY_CODE,DESCRIPTION,IS_ACTIVE,UPDATE_TIMESTAMP,UPDATE_USER,SORT_ORDER) VALUES ('2','Medium','Y',now(),'quickstart',2);
INSERT INTO COI_RISK_CATEGORY (RISK_CATEGORY_CODE,DESCRIPTION,IS_ACTIVE,UPDATE_TIMESTAMP,UPDATE_USER,SORT_ORDER) VALUES ('3','Low','Y',now(),'quickstart',1);

INSERT INTO COI_REVIEW_STATUS_TYPE (REVIEW_STATUS_CODE,DESCRIPTION,IS_ACTIVE,UPDATE_TIMESTAMP,UPDATE_USER,SORT_ORDER) VALUES ('1','Pending','Y',now(),'quickstart',1);
INSERT INTO COI_REVIEW_STATUS_TYPE (REVIEW_STATUS_CODE,DESCRIPTION,IS_ACTIVE,UPDATE_TIMESTAMP,UPDATE_USER,SORT_ORDER) VALUES ('2','Submitted','Y',now(),'quickstart',2);
INSERT INTO COI_REVIEW_STATUS_TYPE (REVIEW_STATUS_CODE,DESCRIPTION,IS_ACTIVE,UPDATE_TIMESTAMP,UPDATE_USER,SORT_ORDER) VALUES ('3','Review in progress','Y',now(),'quickstart',3);
INSERT INTO COI_REVIEW_STATUS_TYPE (REVIEW_STATUS_CODE,DESCRIPTION,IS_ACTIVE,UPDATE_TIMESTAMP,UPDATE_USER,SORT_ORDER) VALUES ('4','Completed','Y',now(),'quickstart',6);
INSERT INTO COI_REVIEW_STATUS_TYPE (REVIEW_STATUS_CODE,DESCRIPTION,IS_ACTIVE,UPDATE_TIMESTAMP,UPDATE_USER,SORT_ORDER) VALUES ('5','Returned','Y',now(),'quickstart',8);
INSERT INTO COI_REVIEW_STATUS_TYPE (REVIEW_STATUS_CODE,DESCRIPTION,IS_ACTIVE,UPDATE_TIMESTAMP,UPDATE_USER,SORT_ORDER) VALUES ('6','Withdrawn','Y',now(),'quickstart',7);
INSERT INTO COI_REVIEW_STATUS_TYPE (REVIEW_STATUS_CODE,DESCRIPTION,IS_ACTIVE,UPDATE_TIMESTAMP,UPDATE_USER,SORT_ORDER) VALUES ('7','Review assigned','Y',now(),'quickstart',4);
INSERT INTO COI_REVIEW_STATUS_TYPE (REVIEW_STATUS_CODE,DESCRIPTION,IS_ACTIVE,UPDATE_TIMESTAMP,UPDATE_USER,SORT_ORDER) VALUES ('8','Assigned Review Completed','Y',now(),'quickstart',5);

INSERT INTO COI_PROJECT_TYPE (COI_PROJECT_TYPE_CODE,DESCRIPTION,IS_ACTIVE,UPDATE_TIMESTAMP,UPDATE_USER) VALUES ('1','Award','Y',now(),'quickstart');
INSERT INTO COI_PROJECT_TYPE (COI_PROJECT_TYPE_CODE,DESCRIPTION,IS_ACTIVE,UPDATE_TIMESTAMP,UPDATE_USER) VALUES ('3','Development Proposal','Y',now(),'quickstart');
INSERT INTO COI_PROJECT_TYPE (COI_PROJECT_TYPE_CODE,DESCRIPTION,IS_ACTIVE,UPDATE_TIMESTAMP,UPDATE_USER) VALUES ('4', 'IRB Protocol', 'Y', now(), 'quickstart');
INSERT INTO COI_PROJECT_TYPE (COI_PROJECT_TYPE_CODE,DESCRIPTION,IS_ACTIVE,UPDATE_TIMESTAMP,UPDATE_USER) VALUES ('5', 'IACUC Protocol', 'Y', now(), 'quickstart');

INSERT INTO COI_PROJ_CONFLICT_STATUS_TYPE (PROJECT_CONFLICT_STATUS_CODE,DESCRIPTION,IS_ACTIVE,UPDATE_TIMESTAMP,UPDATE_USER) VALUES ('100','No Conflict','Y',now(),'quickstart');
INSERT INTO COI_PROJ_CONFLICT_STATUS_TYPE (PROJECT_CONFLICT_STATUS_CODE,DESCRIPTION,IS_ACTIVE,UPDATE_TIMESTAMP,UPDATE_USER) VALUES ('200','Potential Conflict','Y',now(),'quickstart');
INSERT INTO COI_PROJ_CONFLICT_STATUS_TYPE (PROJECT_CONFLICT_STATUS_CODE,DESCRIPTION,IS_ACTIVE,UPDATE_TIMESTAMP,UPDATE_USER) VALUES ('300','Conflict Identified','Y',now(),'quickstart');

INSERT INTO COI_DISPOSITION_STATUS_TYPE (DISPOSITION_STATUS_CODE,DESCRIPTION,IS_ACTIVE,UPDATE_TIMESTAMP,UPDATE_USER,SORT_ORDER) VALUES ('1','Pending','Y',now(),'quickstart',1);
INSERT INTO COI_DISPOSITION_STATUS_TYPE (DISPOSITION_STATUS_CODE,DESCRIPTION,IS_ACTIVE,UPDATE_TIMESTAMP,UPDATE_USER,SORT_ORDER) VALUES ('2','Void','Y',now(),'quickstart',3);
INSERT INTO COI_DISPOSITION_STATUS_TYPE (DISPOSITION_STATUS_CODE,DESCRIPTION,IS_ACTIVE,UPDATE_TIMESTAMP,UPDATE_USER,SORT_ORDER) VALUES ('3','Approved','Y',now(),'quickstart',2);

INSERT INTO COI_DISCLOSURE_FCOI_TYPE (FCOI_TYPE_CODE,DESCRIPTION,IS_ACTIVE,UPDATE_TIMESTAMP,UPDATE_USER) VALUES ('1','FCOI','Y',now(),'quickstart');
INSERT INTO COI_DISCLOSURE_FCOI_TYPE (FCOI_TYPE_CODE,DESCRIPTION,IS_ACTIVE,UPDATE_TIMESTAMP,UPDATE_USER) VALUES ('2','Proposal','Y',now(),'quickstart');
INSERT INTO COI_DISCLOSURE_FCOI_TYPE (FCOI_TYPE_CODE,DESCRIPTION,IS_ACTIVE,UPDATE_TIMESTAMP,UPDATE_USER) VALUES ('3','Award','Y',now(),'quickstart');
INSERT INTO COI_DISCLOSURE_FCOI_TYPE (FCOI_TYPE_CODE,DESCRIPTION,IS_ACTIVE,UPDATE_TIMESTAMP,UPDATE_USER) VALUES ('4','Revision','Y',now(),'quickstart');

INSERT INTO COI_CONFLICT_STATUS_TYPE (CONFLICT_STATUS_CODE,DESCRIPTION,IS_ACTIVE,UPDATE_TIMESTAMP,UPDATE_USER,SORT_ORDER) VALUES ('1','No Conflict','Y',now(),'quickstart',1);
INSERT INTO COI_CONFLICT_STATUS_TYPE (CONFLICT_STATUS_CODE,DESCRIPTION,IS_ACTIVE,UPDATE_TIMESTAMP,UPDATE_USER,SORT_ORDER) VALUES ('2','Potential Conflict','Y',now(),'quickstart',2);
INSERT INTO COI_CONFLICT_STATUS_TYPE (CONFLICT_STATUS_CODE,DESCRIPTION,IS_ACTIVE,UPDATE_TIMESTAMP,UPDATE_USER,SORT_ORDER) VALUES ('3','Conflict Identified','Y',now(),'quickstart',3);
INSERT INTO COI_CONFLICT_STATUS_TYPE (CONFLICT_STATUS_CODE,DESCRIPTION,IS_ACTIVE,UPDATE_TIMESTAMP,UPDATE_USER,SORT_ORDER) VALUES ('4','No Conflict without SFI','Y',now(),'quickstart',4);


INSERT INTO COI_TRAVEL_DISCLOSURE_STATUS (TRAVEL_DISCLOSURE_STATUS_CODE,DESCRIPTION,IS_ACTIVE,UPDATE_TIMESTAMP,UPDATE_USER,SORT_ORDER) VALUES ('1','No Conflict','Y',now(),'admin',1);
INSERT INTO COI_TRAVEL_DISCLOSURE_STATUS (TRAVEL_DISCLOSURE_STATUS_CODE,DESCRIPTION,IS_ACTIVE,UPDATE_TIMESTAMP,UPDATE_USER,SORT_ORDER) VALUES ('2','Potential Conflict','Y',now(),'admin',2);
INSERT INTO COI_TRAVEL_DISCLOSURE_STATUS (TRAVEL_DISCLOSURE_STATUS_CODE,DESCRIPTION,IS_ACTIVE,UPDATE_TIMESTAMP,UPDATE_USER,SORT_ORDER) VALUES ('3','Conflict Identified','Y',now(),'admin',3);
INSERT INTO COI_TRAVEL_DISCLOSURE_STATUS (TRAVEL_DISCLOSURE_STATUS_CODE,DESCRIPTION,IS_ACTIVE,UPDATE_TIMESTAMP,UPDATE_USER,SORT_ORDER) VALUES ('4','Conflict Managed','Y',now(),'admin',4);

INSERT INTO COI_TRAVEL_REVIEW_STATUS (REVIEW_STATUS_CODE,DESCRIPTION,IS_ACTIVE,UPDATE_TIMESTAMP,UPDATE_USER) VALUES ('1','Pending','Y',now(),'admin');
INSERT INTO COI_TRAVEL_REVIEW_STATUS (REVIEW_STATUS_CODE,DESCRIPTION,IS_ACTIVE,UPDATE_TIMESTAMP,UPDATE_USER) VALUES ('2','Submitted','Y',now(),'admin');
INSERT INTO COI_TRAVEL_REVIEW_STATUS (REVIEW_STATUS_CODE,DESCRIPTION,IS_ACTIVE,UPDATE_TIMESTAMP,UPDATE_USER) VALUES ('3','Review In progress','Y',now(),'admin');
INSERT INTO COI_TRAVEL_REVIEW_STATUS (REVIEW_STATUS_CODE,DESCRIPTION,IS_ACTIVE,UPDATE_TIMESTAMP,UPDATE_USER) VALUES ('4','Returned','Y',now(),'admin');
INSERT INTO COI_TRAVEL_REVIEW_STATUS (REVIEW_STATUS_CODE,DESCRIPTION,IS_ACTIVE,UPDATE_TIMESTAMP,UPDATE_USER) VALUES ('5','Withdrawn','Y',now(),'admin');
INSERT INTO COI_TRAVEL_REVIEW_STATUS (REVIEW_STATUS_CODE,DESCRIPTION,IS_ACTIVE,UPDATE_TIMESTAMP,UPDATE_USER) VALUES ('6','Completed','Y',now(),'admin');
INSERT INTO COI_TRAVEL_REVIEW_STATUS (REVIEW_STATUS_CODE,DESCRIPTION,IS_ACTIVE,UPDATE_TIMESTAMP,UPDATE_USER) VALUES ('7','Approved','Y',now(),'admin');

INSERT INTO COI_TRAVEL_DOCUMENT_STATUS (DOCUMENT_STATUS_CODE,DESCRIPTION,IS_ACTIVE,UPDATE_TIMESTAMP,UPDATE_USER) VALUES ('1','Draft','Y',now(),'admin');
INSERT INTO COI_TRAVEL_DOCUMENT_STATUS (DOCUMENT_STATUS_CODE,DESCRIPTION,IS_ACTIVE,UPDATE_TIMESTAMP,UPDATE_USER) VALUES ('2','Approved','Y',now(),'admin');

INSERT INTO ENTITY_RELATIONSHIP_TYPE (ENTITY_REL_TYPE_CODE, DESCRIPTION, IS_ACTIVE, UPDATE_TIMESTAMP, UPDATE_USER) VALUES ('1', 'New', 'Y', now(), 'quickstart');
INSERT INTO ENTITY_RELATIONSHIP_TYPE (ENTITY_REL_TYPE_CODE, DESCRIPTION, IS_ACTIVE, UPDATE_TIMESTAMP, UPDATE_USER) VALUES ('2', 'Duplicate', 'Y', now(), 'quickstart');
INSERT INTO ENTITY_RELATIONSHIP_TYPE (ENTITY_REL_TYPE_CODE, DESCRIPTION, IS_ACTIVE, UPDATE_TIMESTAMP, UPDATE_USER) VALUES ('3', 'Parent', 'Y', now(), 'quickstart');
INSERT INTO ENTITY_RELATIONSHIP_TYPE (ENTITY_REL_TYPE_CODE, DESCRIPTION, IS_ACTIVE, UPDATE_TIMESTAMP, UPDATE_USER) VALUES ('4', 'Subsidiary', 'Y', now(), 'quickstart');

INSERT INTO DISCLOSURE_ACTION_TYPE (ACTION_TYPE_CODE,MESSAGE,DESCRIPTION,UPDATE_TIMESTAMP,UPDATE_USER) VALUES ('1','{FCOI /Project /Travel} disclosure <b>created</b> by <b>{REPORTER}</b> ','Created',now(),'quickstart');
INSERT INTO DISCLOSURE_ACTION_TYPE (ACTION_TYPE_CODE,MESSAGE,DESCRIPTION,UPDATE_TIMESTAMP,UPDATE_USER) VALUES ('10','{FCOI /Project /Travel} Disclosure Risk <b>changed</b> from <b>{LOW}</b> to <b>{HIGH}</b> by <b>{ADMIN_NAME}</b> ','Manage Risk',now(),'quickstart');
INSERT INTO DISCLOSURE_ACTION_TYPE (ACTION_TYPE_CODE,MESSAGE,DESCRIPTION,UPDATE_TIMESTAMP,UPDATE_USER) VALUES ('11','{FCOI /Project /Travel} disclosure review <b>completed</b> by <b>{ADMIN_NAME}</b> ','Admin  Review Completed',now(),'quickstart');
INSERT INTO DISCLOSURE_ACTION_TYPE (ACTION_TYPE_CODE,MESSAGE,DESCRIPTION,UPDATE_TIMESTAMP,UPDATE_USER) VALUES ('12','{FCOI /Project /Travel} disclosure has <b>expired</b> ','Expired',now(),'quickstart');
INSERT INTO DISCLOSURE_ACTION_TYPE (ACTION_TYPE_CODE,MESSAGE,DESCRIPTION,UPDATE_TIMESTAMP,UPDATE_USER) VALUES ('13','{FCOI /Project /Travel} disclosure <b>approved</b> ','Approved',now(),'quickstart');
INSERT INTO DISCLOSURE_ACTION_TYPE (ACTION_TYPE_CODE,MESSAGE,DESCRIPTION,UPDATE_TIMESTAMP,UPDATE_USER) VALUES ('14','{FCOI /Project /Travel} disclosure status has been added as <b>No Conflict</b>','Created',now(),'quickstart');
INSERT INTO DISCLOSURE_ACTION_TYPE (ACTION_TYPE_CODE,MESSAGE,DESCRIPTION,UPDATE_TIMESTAMP,UPDATE_USER) VALUES ('15','{FCOI /Project /Travel} disclosure status <b>changed</b> from <b>{STATUS_ONE}</b> to <b>{STATUS_TWO}</b> ','Manage Status',now(),'quickstart');
INSERT INTO DISCLOSURE_ACTION_TYPE (ACTION_TYPE_CODE,MESSAGE,DESCRIPTION,UPDATE_TIMESTAMP,UPDATE_USER) VALUES ('16','Review assigned to <b>{REVIEWER_ONE}</b> at  <b>{LOCATION}</b> with status <b>{REVIEW_STATUS}</b> by Administrator <b>{ADMIN_NAME}</b>','Review Added with Reviewer',now(),'quickstart');
INSERT INTO DISCLOSURE_ACTION_TYPE (ACTION_TYPE_CODE,MESSAGE,DESCRIPTION,UPDATE_TIMESTAMP,UPDATE_USER) VALUES ('17','Assigned Review <b>started</b> by <b>{REVIEWER_NAME}</b>   at <b>{LOCATION}</b>','Review Started by Reviewer',now(),'quickstart');
INSERT INTO DISCLOSURE_ACTION_TYPE (ACTION_TYPE_CODE,MESSAGE,DESCRIPTION,UPDATE_TIMESTAMP,UPDATE_USER) VALUES ('18','Assigned Review <b>started</b> by <b>{ADMIN_NAME}</b>   at <b>{LOCATION}</b>','Review Started by Admin with Reviewer',now(),'quickstart');
INSERT INTO DISCLOSURE_ACTION_TYPE (ACTION_TYPE_CODE,MESSAGE,DESCRIPTION,UPDATE_TIMESTAMP,UPDATE_USER) VALUES ('19','Assigned review <b>completed</b> by <b>{REVIEWER_NAME}</b>  at <b>{LOCATION}</b>','Review Completed by Reviewer',now(),'quickstart');
INSERT INTO DISCLOSURE_ACTION_TYPE (ACTION_TYPE_CODE,MESSAGE,DESCRIPTION,UPDATE_TIMESTAMP,UPDATE_USER) VALUES ('2','{FCOI /Project /Travel} disclosure <b>submitted</b> by <b>{REPORTER}</b> ','Submitted',now(),'quickstart');
INSERT INTO DISCLOSURE_ACTION_TYPE (ACTION_TYPE_CODE,MESSAGE,DESCRIPTION,UPDATE_TIMESTAMP,UPDATE_USER) VALUES ('20','Assigned Review by <b>{REVIEWER_NAME}</b> at <b>{LOCATION}</b> <b>completed</b> by <b>{ADMIN_NAME}</b>','Review Completed by Admin with Reviewer',now(),'quickstart');
INSERT INTO DISCLOSURE_ACTION_TYPE (ACTION_TYPE_CODE,MESSAGE,DESCRIPTION,UPDATE_TIMESTAMP,UPDATE_USER) VALUES ('21','Assigned Review by <b>{REVIEWER_NAME}</b> at <b>{LOCATION}</b> <b>deleted</b> by <b>{ADMIN_NAME}</b>','Review Deleted with Reviewer',now(),'quickstart');
INSERT INTO DISCLOSURE_ACTION_TYPE (ACTION_TYPE_CODE,MESSAGE,DESCRIPTION,UPDATE_TIMESTAMP,UPDATE_USER) VALUES ('22','Review modified and assigned to <b>{REVIEWER_ONE}</b> at <b>{LOCATION}</b> with status <b>{REVIEW_STATUS}</b> by <b>{ADMIN_NAME}</b>','Review Modified with Reviewer',now(),'quickstart');
INSERT INTO DISCLOSURE_ACTION_TYPE (ACTION_TYPE_CODE,MESSAGE,DESCRIPTION,UPDATE_TIMESTAMP,UPDATE_USER) VALUES ('23','Review assigned at <b>{LOCATION}</b> with status <b>{REVIEW_STATUS}</b> by <b>{ADMIN_NAME}</b>','Review Added without Reviewer',now(),'quickstart');
INSERT INTO DISCLOSURE_ACTION_TYPE (ACTION_TYPE_CODE,MESSAGE,DESCRIPTION,UPDATE_TIMESTAMP,UPDATE_USER) VALUES ('24','Review modified and Assigned at <b>{LOCATION}</b> with status <b>{REVIEW_STATUS}</b> by <b>{ADMIN_NAME}</b>','Review Modified without Reviewer',now(),'quickstart');
INSERT INTO DISCLOSURE_ACTION_TYPE (ACTION_TYPE_CODE,MESSAGE,DESCRIPTION,UPDATE_TIMESTAMP,UPDATE_USER) VALUES ('25','Assigned Review started  at <b>{LOCATION}</b> by <b>{ADMIN_NAME}</b>','Review Started by Admin without Reviewer',now(),'quickstart');
INSERT INTO DISCLOSURE_ACTION_TYPE (ACTION_TYPE_CODE,MESSAGE,DESCRIPTION,UPDATE_TIMESTAMP,UPDATE_USER) VALUES ('26','Assigned review <b>completed</b>  at <b>{LOCATION}</b> by <b>{ADMIN_NAME}</b>','Review Completed by Admin without Reviewer',now(),'quickstart');
INSERT INTO DISCLOSURE_ACTION_TYPE (ACTION_TYPE_CODE,MESSAGE,DESCRIPTION,UPDATE_TIMESTAMP,UPDATE_USER) VALUES ('27','Assigned Review  at <b>{LOCATION}</b>  deleted by <b>{ADMIN_NAME}</b>','Review Deleted without Reviewer',now(),'quickstart');
INSERT INTO DISCLOSURE_ACTION_TYPE (ACTION_TYPE_CODE,MESSAGE,DESCRIPTION,UPDATE_TIMESTAMP,UPDATE_USER) VALUES ('3','{FCOI /Project /Travel} disclosure <b>recalled</b> by <b>{REPORTER}</b> ','Withdraw',now(),'quickstart');
INSERT INTO DISCLOSURE_ACTION_TYPE (ACTION_TYPE_CODE,MESSAGE,DESCRIPTION,UPDATE_TIMESTAMP,UPDATE_USER) VALUES ('4','Primary Administrator <b>{ADMIN_ONE}</b> <b>assigned</b> by <b>{COI_ADMIN}</b> ','Assigned to admin /Admin Group',now(),'quickstart');
INSERT INTO DISCLOSURE_ACTION_TYPE (ACTION_TYPE_CODE,MESSAGE,DESCRIPTION,UPDATE_TIMESTAMP,UPDATE_USER) VALUES ('5','Primary Administrator <b>{ADMIN_ONE}</b> <b>reassigned</b> to <b>{ADMIN_TWO}</b> by <b>{COI_ADMIN}</b> ','Re Assigned to admin /Admin Group',now(),'quickstart');
INSERT INTO DISCLOSURE_ACTION_TYPE (ACTION_TYPE_CODE,MESSAGE,DESCRIPTION,UPDATE_TIMESTAMP,UPDATE_USER) VALUES ('6','{FCOI /Project /Travel} disclosure <b>returned</b> by <b>{ADMIN_NAME}</b> ','Returned',now(),'quickstart');
INSERT INTO DISCLOSURE_ACTION_TYPE (ACTION_TYPE_CODE,MESSAGE,DESCRIPTION,UPDATE_TIMESTAMP,UPDATE_USER) VALUES ('7','{FCOI /Project /Travel} disclosure <b>assigned</b> to Review by <b>{ADMIN_NAME}</b> ','Assigned For Review',now(),'quickstart');
INSERT INTO DISCLOSURE_ACTION_TYPE (ACTION_TYPE_CODE,MESSAGE,DESCRIPTION,UPDATE_TIMESTAMP,UPDATE_USER) VALUES ('8','Assigned Review <b>completed</b> for {FCOI /Project /Travel} disclosure ','Assigned Review Completed',now(),'quickstart');
INSERT INTO DISCLOSURE_ACTION_TYPE (ACTION_TYPE_CODE,MESSAGE,DESCRIPTION,UPDATE_TIMESTAMP,UPDATE_USER) VALUES ('9','{FCOI /Project /Travel} disclosure Risk <b>added</b> as <b>{LOW}</b>','Added Risk',now(),'quickstart');


INSERT INTO ENTITY_ACTION_TYPE (ACTION_TYPE_CODE,MESSAGE,DESCRIPTION,UPDATE_TIMESTAMP,UPDATE_USER) VALUES ('1','{ENTITY_NAME} <b>created</b>','Create',now(),'quickstart');
INSERT INTO ENTITY_ACTION_TYPE (ACTION_TYPE_CODE,MESSAGE,DESCRIPTION,UPDATE_TIMESTAMP,UPDATE_USER) VALUES ('2','{ENTITY_NAME} <b>activated</b>','Activate',now(),'quickstart');
INSERT INTO ENTITY_ACTION_TYPE (ACTION_TYPE_CODE,MESSAGE,DESCRIPTION,UPDATE_TIMESTAMP,UPDATE_USER) VALUES ('3','{ENTITY_NAME} <b>inactivated</b>','Inactivate',now(),'quickstart');
INSERT INTO ENTITY_ACTION_TYPE (ACTION_TYPE_CODE,MESSAGE,DESCRIPTION,UPDATE_TIMESTAMP,UPDATE_USER) VALUES ('4','{ENTITY_NAME} <b>verified</b>','Inactivate',now(),'quickstart');
INSERT INTO ENTITY_ACTION_TYPE (ACTION_TYPE_CODE,MESSAGE,DESCRIPTION,UPDATE_TIMESTAMP,UPDATE_USER) VALUES ('5','Entity Risk changed from <b>{RISK}</b> to <b>{NEW_RISK}</b>','Modify Risk',now(),'quickstart');
INSERT INTO ENTITY_ACTION_TYPE (ACTION_TYPE_CODE,MESSAGE,DESCRIPTION,UPDATE_TIMESTAMP,UPDATE_USER) VALUES ('6','{ENTITY_NAME} <b>modified</b>','Modify Entity',now(),'quickstart');
INSERT INTO ENTITY_ACTION_TYPE (ACTION_TYPE_CODE,MESSAGE,DESCRIPTION,UPDATE_TIMESTAMP,UPDATE_USER) VALUES ('7','Entity Risk <b>added</b> as <b>{RISK}</b>','Add Risk',now(),'quickstart');

INSERT INTO COI_SECTIONS_TYPE (COI_SECTIONS_TYPE_CODE,DESCRIPTION,UPDATE_TIMESTAMP,UPDATE_USER,IS_ACTIVE) VALUES ('3','General',now(),'quickstart','Y');
INSERT INTO COI_SECTIONS_TYPE (COI_SECTIONS_TYPE_CODE,DESCRIPTION,UPDATE_TIMESTAMP,UPDATE_USER,IS_ACTIVE) VALUES ('4','Questionnaire',now(),'quickstart','Y');
INSERT INTO COI_SECTIONS_TYPE (COI_SECTIONS_TYPE_CODE,DESCRIPTION,UPDATE_TIMESTAMP,UPDATE_USER,IS_ACTIVE) VALUES ('5','SFIs',now(),'quickstart','Y');
INSERT INTO COI_SECTIONS_TYPE (COI_SECTIONS_TYPE_CODE,DESCRIPTION,UPDATE_TIMESTAMP,UPDATE_USER,IS_ACTIVE) VALUES ('6','Project relationships',now(),'quickstart','Y');
INSERT INTO COI_SECTIONS_TYPE (COI_SECTIONS_TYPE_CODE,DESCRIPTION,UPDATE_TIMESTAMP,UPDATE_USER,IS_ACTIVE) VALUES ('7','Certification',now(),'quickstart','Y');

INSERT INTO COI_REVIEW_LOCATION_TYPE (LOCATION_TYPE_CODE, DESCRIPTION, IS_ACTIVE, UPDATE_TIMESTAMP, UPDATE_USER) VALUES ('1', '3rd Party Location', 'Y', now(), 'quickstart');
INSERT INTO COI_REVIEW_LOCATION_TYPE (LOCATION_TYPE_CODE, DESCRIPTION, IS_ACTIVE, UPDATE_TIMESTAMP, UPDATE_USER) VALUES ('2', 'Department', 'Y', now(), 'quickstart');
INSERT INTO COI_REVIEW_LOCATION_TYPE (LOCATION_TYPE_CODE, DESCRIPTION, IS_ACTIVE, UPDATE_TIMESTAMP, UPDATE_USER) VALUES ('3', 'Legal', 'Y', now(), 'quickstart');
INSERT INTO COI_REVIEW_LOCATION_TYPE (LOCATION_TYPE_CODE, DESCRIPTION, IS_ACTIVE, UPDATE_TIMESTAMP, UPDATE_USER) VALUES ('4', 'HOD', 'Y', now(), 'quickstart');

INSERT INTO COI_REVIEWER_STATUS_TYPE (REVIEW_STATUS_CODE,DESCRIPTION,IS_ACTIVE,UPDATE_TIMESTAMP,UPDATE_USER,SORT_ORDER) VALUES ('1','Assigned','Y',now(),'quickstart',1);
INSERT INTO COI_REVIEWER_STATUS_TYPE (REVIEW_STATUS_CODE,DESCRIPTION,IS_ACTIVE,UPDATE_TIMESTAMP,UPDATE_USER,SORT_ORDER) VALUES ('2','Completed','Y',now(),'quickstart',3);
INSERT INTO COI_REVIEWER_STATUS_TYPE (REVIEW_STATUS_CODE,DESCRIPTION,IS_ACTIVE,UPDATE_TIMESTAMP,UPDATE_USER,SORT_ORDER) VALUES ('3','In Progress','Y',now(),'quickstart',2);

-- INSERT INTO COEUS_MODULE (MODULE_CODE, DESCRIPTION, UPDATE_TIMESTAMP, UPDATE_USER, IS_ACTIVE) VALUES ('24', 'Travel Disclosure', now(), 'admin', 'Y');

-- INSERT INTO MESSAGE (MESSAGE_TYPE_CODE, DESCRIPTION, UPDATE_TIMESTAMP, UPDATE_USER) VALUES ((SELECT A.ID FROM (SELECT MAX(INBOX_ID) + 1 AS ID FROM INBOX ) AS A), 'FCOI Disclosure Expiration', now(), 'quickstart');
-- INSERT INTO MESSAGE (MESSAGE_TYPE_CODE, DESCRIPTION, UPDATE_TIMESTAMP, UPDATE_USER) VALUES ((SELECT A.ID FROM (SELECT MAX(INBOX_ID) + 1 AS ID FROM INBOX ) AS A), 'Travel Disclosure Expiration', now(), 'quickstart');

-- INSERT INTO REMINDER_NOTIFICATION (REMINDER_NOTIFICATION_ID, REMINDER_NAME, NOTIFICATION_TYPE_ID, DAYS_TO_DUE_DATE, PROCEDURE_NAME, IS_ACTVE, UPDATE_USER, UPDATE_TIMESTAMP, PLACEHOLDER_VALUES,REMINDER_TYPE_FLAG) VALUES((SELECT A.ID FROM (SELECT MAX(REMINDER_NOTIFICATION_ID) + 1 AS ID FROM REMINDER_NOTIFICATION ) AS A), 'Reminder Banner for Coi Disclosures', 804, 360, 'GET_COI_DISCLOSURES_FOR_BANNER', 'Y', 'quickstart', now(), 'DESCRIPTION', 'B');

INSERT INTO OPA_DISCLOSURE_NUMBER_COUNTER (counter_name, counter_value) VALUES ('OPA_DISCLOSURE_NUMBER_COUNTER', '1');

INSERT INTO OPA_STATUS_TYPE (STATUS_TYPE_CODE, DESCRIPTION, IS_ACTIVE, UPDATE_TIMESTAMP, UPDATE_USER) VALUES ('I', 'In progress', 'Y', now(), 'quickstart');
INSERT INTO OPA_STATUS_TYPE (STATUS_TYPE_CODE, DESCRIPTION, IS_ACTIVE, UPDATE_TIMESTAMP, UPDATE_USER) VALUES ('S', 'Submitted', 'Y', now(), 'quickstart');

INSERT INTO OPA_ACTION_LOG_TYPE (ACTION_TYPE_CODE,MESSAGE,DESCRIPTION,UPDATE_TIMESTAMP,UPDATE_USER) VALUES ('1','OPA disclosure <b>created</b> by <b>{REPORTER}</b>','Created',now(),'quickstart');
INSERT INTO OPA_ACTION_LOG_TYPE (ACTION_TYPE_CODE,MESSAGE,DESCRIPTION,UPDATE_TIMESTAMP,UPDATE_USER) VALUES ('10','Review modified and assigned to <b>{REVIEWER_NAME}</b> at <b>{LOCATION}</b> with status <b>{REVIEW_STATUS}</b> by <b>{ADMIN_NAME}</b>','Review Modified with Reviewer',now(),'quickstart');
INSERT INTO OPA_ACTION_LOG_TYPE (ACTION_TYPE_CODE,MESSAGE,DESCRIPTION,UPDATE_TIMESTAMP,UPDATE_USER) VALUES ('11','Review modified and Assigned at <b>{LOCATION}</b> with status <b>{REVIEW_STATUS}</b> by <b>{ADMIN_NAME}</b>','Review Modified without Reviewer',now(),'quickstart');
INSERT INTO OPA_ACTION_LOG_TYPE (ACTION_TYPE_CODE,MESSAGE,DESCRIPTION,UPDATE_TIMESTAMP,UPDATE_USER) VALUES ('12','Assigned Review <b>started</b> by <b>{ADMIN_NAME}</b>   at <b>{LOCATION}</b>','Review Started by Admin with Reviewer',now(),'quickstart');
INSERT INTO OPA_ACTION_LOG_TYPE (ACTION_TYPE_CODE,MESSAGE,DESCRIPTION,UPDATE_TIMESTAMP,UPDATE_USER) VALUES ('13','Assigned Review started  at <b>{LOCATION}</b> by <b>{ADMIN_NAME}</b>','Review Started by Admin without Reviewer',now(),'quickstart');
INSERT INTO OPA_ACTION_LOG_TYPE (ACTION_TYPE_CODE,MESSAGE,DESCRIPTION,UPDATE_TIMESTAMP,UPDATE_USER) VALUES ('14','Assigned Review <b>started</b> by <b>{REVIEWER_NAME}</b>   at <b>{LOCATION}</b>','Review Started by Reviewer',now(),'quickstart');
INSERT INTO OPA_ACTION_LOG_TYPE (ACTION_TYPE_CODE,MESSAGE,DESCRIPTION,UPDATE_TIMESTAMP,UPDATE_USER) VALUES ('15','Assigned review <b>completed</b>  at <b>{LOCATION}</b> by <b>{ADMIN_NAME}</b>','Review Completed by Admin without Reviewer',now(),'quickstart');
INSERT INTO OPA_ACTION_LOG_TYPE (ACTION_TYPE_CODE,MESSAGE,DESCRIPTION,UPDATE_TIMESTAMP,UPDATE_USER) VALUES ('16','Assigned Review by <b>{REVIEWER_NAME}</b> at <b>{LOCATION}</b> <b>completed</b> by <b>{ADMIN_NAME}</b>','Review Completed by Admin with Reviewer',now(),'quickstart');
INSERT INTO OPA_ACTION_LOG_TYPE (ACTION_TYPE_CODE,MESSAGE,DESCRIPTION,UPDATE_TIMESTAMP,UPDATE_USER) VALUES ('17','Assigned review <b>completed</b> by <b>{REVIEWER_NAME}</b>  at <b>{LOCATION}</b>','Review Completed by Reviewer',now(),'quickstart');
INSERT INTO OPA_ACTION_LOG_TYPE (ACTION_TYPE_CODE,MESSAGE,DESCRIPTION,UPDATE_TIMESTAMP,UPDATE_USER) VALUES ('18','Assigned Review  at <b>{LOCATION}</b>  deleted by <b>{ADMIN_NAME}</b>','Review Deleted without Reviewer',now(),'quickstart');
INSERT INTO OPA_ACTION_LOG_TYPE (ACTION_TYPE_CODE,MESSAGE,DESCRIPTION,UPDATE_TIMESTAMP,UPDATE_USER) VALUES ('19','Assigned Review by <b>{REVIEWER_NAME}</b> at <b>{LOCATION}</b> <b>deleted</b> by <b>{ADMIN_NAME}</b>','Review Deleted with Reviewer',now(),'quickstart');
INSERT INTO OPA_ACTION_LOG_TYPE (ACTION_TYPE_CODE,MESSAGE,DESCRIPTION,UPDATE_TIMESTAMP,UPDATE_USER) VALUES ('2','OPA disclosure <b>submitted</b> by <b>{REPORTER}</b>','Submitted',now(),'quickstart');
INSERT INTO OPA_ACTION_LOG_TYPE (ACTION_TYPE_CODE,MESSAGE,DESCRIPTION,UPDATE_TIMESTAMP,UPDATE_USER) VALUES ('3','OPA disclosure <b>recalled</b> by <b>{REPORTER}</b>','Withdrawn',now(),'quickstart');
INSERT INTO OPA_ACTION_LOG_TYPE (ACTION_TYPE_CODE,MESSAGE,DESCRIPTION,UPDATE_TIMESTAMP,UPDATE_USER) VALUES ('4','OPA disclosure <b>returned</b> by <b>{ADMIN_NAME}</b>','Returned',now(),'quickstart');
INSERT INTO OPA_ACTION_LOG_TYPE (ACTION_TYPE_CODE,MESSAGE,DESCRIPTION,UPDATE_TIMESTAMP,UPDATE_USER) VALUES ('5','OPA disclosure <b>approved</b>','Approved',now(),'quickstart');
INSERT INTO OPA_ACTION_LOG_TYPE (ACTION_TYPE_CODE,MESSAGE,DESCRIPTION,UPDATE_TIMESTAMP,UPDATE_USER) VALUES ('6','Primary Administrator <b>{ASSIGNED_ADMIN}</b> <b>assigned</b> by <b>{ADMIN_NAME}</b>','Assigned to admin /Admin Group',now(),'quickstart');
INSERT INTO OPA_ACTION_LOG_TYPE (ACTION_TYPE_CODE,MESSAGE,DESCRIPTION,UPDATE_TIMESTAMP,UPDATE_USER) VALUES ('7','Primary Administrator <b>{ASSIGNED_ADMIN}</b> <b>reassigned</b> to <b>{REASSIGNED_ADMIN}</b> by <b>{ADMIN_NAME}</b>','Re Assigned to admin /Admin Group',now(),'quickstart');
INSERT INTO OPA_ACTION_LOG_TYPE (ACTION_TYPE_CODE,MESSAGE,DESCRIPTION,UPDATE_TIMESTAMP,UPDATE_USER) VALUES ('8','Review assigned to <b>{REVIEWER_NAME}</b> at  <b>{LOCATION}</b> with status <b>{REVIEW_STATUS}</b> by Administrator <b>{ADMIN_NAME}</b>','Review Added with Reviewer',now(),'quickstart');
INSERT INTO OPA_ACTION_LOG_TYPE (ACTION_TYPE_CODE,MESSAGE,DESCRIPTION,UPDATE_TIMESTAMP,UPDATE_USER) VALUES ('9','Review assigned at <b>{LOCATION}</b> with status <b>{REVIEW_STATUS}</b> by <b>{ADMIN_NAME}</b>','Review Added without Reviewer',now(),'quickstart');


INSERT INTO OPA_REVIEW_REVIEWER_STATUS_TYPE (REVIEW_STATUS_CODE,DESCRIPTION,IS_ACTIVE,UPDATE_TIMESTAMP,UPDATE_USER,SORT_ORDER) VALUES ('1','Assigned','Y',now(),'quickstart',1);
INSERT INTO OPA_REVIEW_REVIEWER_STATUS_TYPE (REVIEW_STATUS_CODE,DESCRIPTION,IS_ACTIVE,UPDATE_TIMESTAMP,UPDATE_USER,SORT_ORDER) VALUES ('2','In Progress','Y',now(),'quickstart',2);
INSERT INTO OPA_REVIEW_REVIEWER_STATUS_TYPE (REVIEW_STATUS_CODE,DESCRIPTION,IS_ACTIVE,UPDATE_TIMESTAMP,UPDATE_USER,SORT_ORDER) VALUES ('3','Completed','Y',now(),'quickstart',3);

INSERT INTO OPA_REVIEW_LOCATION_TYPE (LOCATION_TYPE_CODE, DESCRIPTION, IS_ACTIVE, UPDATE_TIMESTAMP, UPDATE_USER) VALUES ('1', '3rd Party Location', 'Y', now(), 'quickstart');
INSERT INTO OPA_REVIEW_LOCATION_TYPE (LOCATION_TYPE_CODE, DESCRIPTION, IS_ACTIVE, UPDATE_TIMESTAMP, UPDATE_USER) VALUES ('2', 'Department', 'Y', now(), 'quickstart');
INSERT INTO OPA_REVIEW_LOCATION_TYPE (LOCATION_TYPE_CODE, DESCRIPTION, IS_ACTIVE, UPDATE_TIMESTAMP, UPDATE_USER) VALUES ('3', 'Legal', 'Y', now(), 'quickstart');
INSERT INTO OPA_REVIEW_LOCATION_TYPE (LOCATION_TYPE_CODE, DESCRIPTION, IS_ACTIVE, UPDATE_TIMESTAMP, UPDATE_USER) VALUES ('4', 'HOD', 'Y', now(), 'quickstart');

INSERT INTO OPA_DISPOSITION_STATUS_TYPE (DISPOSITION_STATUS_CODE,DESCRIPTION,IS_ACTIVE,UPDATE_TIMESTAMP,UPDATE_USER,SORT_ORDER) VALUES ('1','Pending','Y',now(),'quickstart',1);
INSERT INTO OPA_DISPOSITION_STATUS_TYPE (DISPOSITION_STATUS_CODE,DESCRIPTION,IS_ACTIVE,UPDATE_TIMESTAMP,UPDATE_USER,SORT_ORDER) VALUES ('2','Void','Y',now(),'quickstart',3);
INSERT INTO OPA_DISPOSITION_STATUS_TYPE (DISPOSITION_STATUS_CODE,DESCRIPTION,IS_ACTIVE,UPDATE_TIMESTAMP,UPDATE_USER,SORT_ORDER) VALUES ('3','Approved','Y',now(),'quickstart',2);

INSERT INTO PERSON_ENTITY_ACTION_TYPE (ACTION_TYPE_CODE,MESSAGE,DESCRIPTION,UPDATE_TIMESTAMP,UPDATE_USER) VALUES ('1','SFI <b>created</b>','Created',now(),'quickstart');
INSERT INTO PERSON_ENTITY_ACTION_TYPE (ACTION_TYPE_CODE,MESSAGE,DESCRIPTION,UPDATE_TIMESTAMP,UPDATE_USER) VALUES ('2','SFI <b>activated</b>','Activated',now(),'quickstart');
INSERT INTO PERSON_ENTITY_ACTION_TYPE (ACTION_TYPE_CODE,MESSAGE,DESCRIPTION,UPDATE_TIMESTAMP,UPDATE_USER) VALUES ('3','SFI <b>inactivated</b>','Inactivated',now(),'quickstart');
INSERT INTO PERSON_ENTITY_ACTION_TYPE (ACTION_TYPE_CODE,MESSAGE,DESCRIPTION,UPDATE_TIMESTAMP,UPDATE_USER) VALUES ('4','SFI <b>modified</b>','Modified',now(),'quickstart');
INSERT INTO PERSON_ENTITY_ACTION_TYPE (ACTION_TYPE_CODE,MESSAGE,DESCRIPTION,UPDATE_TIMESTAMP,UPDATE_USER) VALUES ('5','<b>{RELATIONSHIP_NAME}</b> relationship <b>added</b>','Relationship Added',now(),'quickstart');
INSERT INTO PERSON_ENTITY_ACTION_TYPE (ACTION_TYPE_CODE,MESSAGE,DESCRIPTION,UPDATE_TIMESTAMP,UPDATE_USER) VALUES ('6','<b>{RELATIONSHIP_NAME}</b> relationship <b>deleted</b>','Relationship Removed',now(),'quickstart');
INSERT INTO PERSON_ENTITY_ACTION_TYPE (ACTION_TYPE_CODE,MESSAGE,DESCRIPTION,UPDATE_TIMESTAMP,UPDATE_USER) VALUES ('7','SFI <b>completed</b>','Completed',now(),'quickstart');

-- INSERT INTO COEUS_MODULE (MODULE_CODE, DESCRIPTION, UPDATE_TIMESTAMP, UPDATE_USER, IS_ACTIVE) VALUES ('23', 'OPA', now(), 'admin', 'Y');

INSERT INTO OPA_CYCLES (OPA_CYCLE_NUMBER, PERIOD_START_DATE, PERIOD_END_DATE, OPA_CYCLE_STATUS, OPEN_DATE, CLOSE_DATE, UPDATE_TIMESTAMP, UPDATE_USER) VALUES ('1', '2023-04-04', '2023-10-04', 'Y', '2023-04-04', '2023-10-04', now(), 'quickstart');

INSERT INTO DISCL_COMPONENT_TYPE (COMPONENT_TYPE_CODE, DESCRIPTION, IS_ACTIVE, UPDATE_TIMESTAMP, UPDATE_USER) VALUES ('1', 'Disclosure detail comment', 'Y', now(),'quickstart');
INSERT INTO DISCL_COMPONENT_TYPE (COMPONENT_TYPE_CODE, DESCRIPTION, IS_ACTIVE, UPDATE_TIMESTAMP, UPDATE_USER) VALUES ('2', 'Travel disclosure conflict comment', 'Y', now(), 'quickstart');
INSERT INTO DISCL_COMPONENT_TYPE (COMPONENT_TYPE_CODE, DESCRIPTION, IS_ACTIVE, UPDATE_TIMESTAMP, UPDATE_USER) VALUES ('3', 'General', 'Y', now(), 'quickstart');
INSERT INTO DISCL_COMPONENT_TYPE (COMPONENT_TYPE_CODE, DESCRIPTION, IS_ACTIVE, UPDATE_TIMESTAMP, UPDATE_USER) VALUES ('4', 'Questionnaire', 'Y', now(), 'quickstart');
INSERT INTO DISCL_COMPONENT_TYPE (COMPONENT_TYPE_CODE, DESCRIPTION, IS_ACTIVE, UPDATE_TIMESTAMP, UPDATE_USER) VALUES ('5', 'SFIs', 'Y', now(), 'quickstart');
INSERT INTO DISCL_COMPONENT_TYPE (COMPONENT_TYPE_CODE, DESCRIPTION, IS_ACTIVE, UPDATE_TIMESTAMP, UPDATE_USER) VALUES ('6', 'Project relationships', 'Y', now(), 'quickstart');
INSERT INTO DISCL_COMPONENT_TYPE (COMPONENT_TYPE_CODE, DESCRIPTION, IS_ACTIVE, UPDATE_TIMESTAMP, UPDATE_USER) VALUES ('7', 'Certification', 'Y', now(), 'quickstart');
INSERT INTO DISCL_COMPONENT_TYPE (COMPONENT_TYPE_CODE, DESCRIPTION, IS_ACTIVE, UPDATE_TIMESTAMP, UPDATE_USER) VALUES ('8', 'Review Comment', 'Y', now(), 'quickstart');
INSERT INTO DISCL_COMPONENT_TYPE (COMPONENT_TYPE_CODE, DESCRIPTION, IS_ACTIVE, UPDATE_TIMESTAMP, UPDATE_USER) VALUES ('9', 'OPA General Comment', 'Y', now(), 'quickstart');
INSERT INTO DISCL_COMPONENT_TYPE (COMPONENT_TYPE_CODE, DESCRIPTION, IS_ACTIVE, UPDATE_TIMESTAMP, UPDATE_USER) VALUES ('10','OPA Form Comment', 'Y', now(), 'quickstart');
INSERT INTO DISCL_COMPONENT_TYPE (COMPONENT_TYPE_CODE, DESCRIPTION, IS_ACTIVE, UPDATE_TIMESTAMP, UPDATE_USER) VALUES ('11','OPA Review Comment', 'Y', now(), 'quickstart');

INSERT INTO DISCL_COMMENT_TYPE (COMMENT_TYPE_CODE, DESCRIPTION, IS_ACTIVE, UPDATE_TIMESTAMP, UPDATE_USER) VALUES ('1', 'Admin', 'Y', now(), 'quickstart');

INSERT INTO FORM_BUILDER_HEADER (FORM_BUILDER_ID,FORM_BUILDER_NUMBER,VERSION_NUMBER,VERSION_STATUS,MODULE_CODE,SUB_MODULE_CODE,BUSINESS_RULE_ID,DESCRIPTION,CREATE_TIMESTAMP,CREATE_USER,UPDATE_TIMESTAMP,UPDATE_USER,IS_ACTIVE,TITLE) VALUES (2,'1002',1,'ACTIVE','23','0',NULL,'Staff OPA Form',now(),'admin',now(),'admin','','Staff OPA Form');
INSERT INTO FORM_BUILDER_HEADER (FORM_BUILDER_ID,FORM_BUILDER_NUMBER,VERSION_NUMBER,VERSION_STATUS,MODULE_CODE,SUB_MODULE_CODE,BUSINESS_RULE_ID,DESCRIPTION,CREATE_TIMESTAMP,CREATE_USER,UPDATE_TIMESTAMP,UPDATE_USER,IS_ACTIVE,TITLE) VALUES (3,'1003',1,'ACTIVE','23','0',NULL,'Faculty OPA Form',now(),'admin',now(),'admin',' ','Faculty OPA Form');

INSERT INTO FORM_BUILDER_SECTION (FORM_BUILDER_SECTION_ID,FORM_BUILDER_ID,FORM_BUILDER_NUMBER,SECTION_NAME,SECTION_ORDER_NUMBER,MODULE_CODE,SUB_MODULE_CODE,BUSINESS_RULE_ID,DESCRIPTION,HELP_TEXT,HEADER_INSTRUCTION,FOOTER_INSTRUCTION,IS_ACTIVE,UPDATE_TIMESTAMP,UPDATE_USER) VALUES (113,2,'1002','STAFF OUTSIDE PROFESSIONAL ACTIVITIES',1,'','',NULL,'','Help Text for staff OPA','Based on your job category as an administrative staff, you are not required to submit an OPA report unless: 1) You have been given approval by your department head/supervisor to undertake a specific instance of professional consulting service, or 2) You have engaged in professional consulting service for which you still need to seek department head/supervisor approval For the purposes of OPA professional consulting normally is defined as outside activity that is related to your professional role at MIT. It does not include activities that are unrelated to your administrative role​ or responsibilities at MIT','Please note that you must keep your \'supervisor informed of any outside activities, professional or otherwise; that have the potential to diminish your ability to perform you normal job responsibilities and maintain your professional contribution to MIT If you are the supervisor of an employee with outside professional activities, please keep your department\'s OPA administrator award of the activities.','Y',now(),'quickstart');
INSERT INTO FORM_BUILDER_SECTION (FORM_BUILDER_SECTION_ID,FORM_BUILDER_ID,FORM_BUILDER_NUMBER,SECTION_NAME,SECTION_ORDER_NUMBER,MODULE_CODE,SUB_MODULE_CODE,BUSINESS_RULE_ID,DESCRIPTION,HELP_TEXT,HEADER_INSTRUCTION,FOOTER_INSTRUCTION,IS_ACTIVE,UPDATE_TIMESTAMP,UPDATE_USER) VALUES (114,2,'1002','STAFF DATA RECORD',2,'','',NULL,'',NULL,NULL,NULL,'Y',now(),'quickstart');
INSERT INTO FORM_BUILDER_SECTION (FORM_BUILDER_SECTION_ID,FORM_BUILDER_ID,FORM_BUILDER_NUMBER,SECTION_NAME,SECTION_ORDER_NUMBER,MODULE_CODE,SUB_MODULE_CODE,BUSINESS_RULE_ID,DESCRIPTION,HELP_TEXT,HEADER_INSTRUCTION,FOOTER_INSTRUCTION,IS_ACTIVE,UPDATE_TIMESTAMP,UPDATE_USER) VALUES (115,2,'1002','STAFF CONSULTING OR RELATED PROFESSIONAL ACTIVITIES',3,'','',NULL,'',NULL,'Note. With the exception of Senior Research; Scientists/Engineers/Associates and Principal Research Scientists most MIT Staff do not have consulting privileges','<p><span style=\\\"color:#52A5E6;\\\">If </span><span style=\\\"color:#0054A5;\\\">yes, </span><span style=\\\"color:#52A5E6;\\\">please </span><span style=\\\"color:#0054A5;\\\">complete the </span><span style=\\\"color:#52A5E6;\\\">next </span><span style=\\\"color:#83C6FF;\\\">section, </span>Compensated <span style=\\\"color:#0082C6;\\\">and </span><span style=\\\"color:#000083;\\\">Uncompensated </span><span style=\\\"color:#83C6FF;\\\">Professional </span>Activities. </p><p><span style=\\\"color:#52A5E6;\\\">If </span><span style=\\\"color:#838200;\\\">no, </span><span style=\\\"color:#0054A5;\\\">you </span><span style=\\\"color:#A5A583;\\\">may </span>skip <span style=\\\"color:#0054A5;\\\">the </span><span style=\\\"color:#838200;\\\">next </span><span style=\\\"color:#0054A5;\\\">section</span></p>','Y',now(),'quickstart');
INSERT INTO FORM_BUILDER_SECTION (FORM_BUILDER_SECTION_ID,FORM_BUILDER_ID,FORM_BUILDER_NUMBER,SECTION_NAME,SECTION_ORDER_NUMBER,MODULE_CODE,SUB_MODULE_CODE,BUSINESS_RULE_ID,DESCRIPTION,HELP_TEXT,HEADER_INSTRUCTION,FOOTER_INSTRUCTION,IS_ACTIVE,UPDATE_TIMESTAMP,UPDATE_USER) VALUES (121,2,'1002','POTENTIAL CONFLICT OF INTEREST OR COMMITMENT',9,'','',NULL,'',NULL,NULL,NULL,'Y',now(),'quickstart');
INSERT INTO FORM_BUILDER_SECTION (FORM_BUILDER_SECTION_ID,FORM_BUILDER_ID,FORM_BUILDER_NUMBER,SECTION_NAME,SECTION_ORDER_NUMBER,MODULE_CODE,SUB_MODULE_CODE,BUSINESS_RULE_ID,DESCRIPTION,HELP_TEXT,HEADER_INSTRUCTION,FOOTER_INSTRUCTION,IS_ACTIVE,UPDATE_TIMESTAMP,UPDATE_USER) VALUES (123,2,'1002','COMPENSATED & UNCOMPENSATED ACTIVITIES',4,'','',NULL,'',NULL,NULL,NULL,'Y',now(),'quickstart');
INSERT INTO FORM_BUILDER_SECTION (FORM_BUILDER_SECTION_ID,FORM_BUILDER_ID,FORM_BUILDER_NUMBER,SECTION_NAME,SECTION_ORDER_NUMBER,MODULE_CODE,SUB_MODULE_CODE,BUSINESS_RULE_ID,DESCRIPTION,HELP_TEXT,HEADER_INSTRUCTION,FOOTER_INSTRUCTION,IS_ACTIVE,UPDATE_TIMESTAMP,UPDATE_USER) VALUES (124,2,'1002','OUTSIDE FINANCIAL INTERESTS & RELATIONSHIPS',6,'','',NULL,'',NULL,NULL,NULL,'Y',now(),'quickstart');
INSERT INTO FORM_BUILDER_SECTION (FORM_BUILDER_SECTION_ID,FORM_BUILDER_ID,FORM_BUILDER_NUMBER,SECTION_NAME,SECTION_ORDER_NUMBER,MODULE_CODE,SUB_MODULE_CODE,BUSINESS_RULE_ID,DESCRIPTION,HELP_TEXT,HEADER_INSTRUCTION,FOOTER_INSTRUCTION,IS_ACTIVE,UPDATE_TIMESTAMP,UPDATE_USER) VALUES (125,2,'1002','CERTIFICATION',10,'','',NULL,'',NULL,NULL,NULL,'Y',now(),'quickstart');
INSERT INTO FORM_BUILDER_SECTION (FORM_BUILDER_SECTION_ID,FORM_BUILDER_ID,FORM_BUILDER_NUMBER,SECTION_NAME,SECTION_ORDER_NUMBER,MODULE_CODE,SUB_MODULE_CODE,BUSINESS_RULE_ID,DESCRIPTION,HELP_TEXT,HEADER_INSTRUCTION,FOOTER_INSTRUCTION,IS_ACTIVE,UPDATE_TIMESTAMP,UPDATE_USER) VALUES (126,2,'1002','INVOLVEMENT OF STUDENTS OR SUBORDINATE EMPLOYEES',7,' ',' ',NULL,' ',NULL,NULL,NULL,'Y',now(),'quickstart');
INSERT INTO FORM_BUILDER_SECTION (FORM_BUILDER_SECTION_ID,FORM_BUILDER_ID,FORM_BUILDER_NUMBER,SECTION_NAME,SECTION_ORDER_NUMBER,MODULE_CODE,SUB_MODULE_CODE,BUSINESS_RULE_ID,DESCRIPTION,HELP_TEXT,HEADER_INSTRUCTION,FOOTER_INSTRUCTION,IS_ACTIVE,UPDATE_TIMESTAMP,UPDATE_USER) VALUES (127,2,'1002','USE OF INSTITUTE RESOURCES',8,' ',' ',NULL,' ',NULL,NULL,'','Y',now(),'quickstart');
INSERT INTO FORM_BUILDER_SECTION (FORM_BUILDER_SECTION_ID,FORM_BUILDER_ID,FORM_BUILDER_NUMBER,SECTION_NAME,SECTION_ORDER_NUMBER,MODULE_CODE,SUB_MODULE_CODE,BUSINESS_RULE_ID,DESCRIPTION,HELP_TEXT,HEADER_INSTRUCTION,FOOTER_INSTRUCTION,IS_ACTIVE,UPDATE_TIMESTAMP,UPDATE_USER) VALUES (128,2,'1002','OTHER ACTIVITIES',5,' ',' ',NULL,' ',NULL,NULL,NULL,'Y',now(),'quickstart');
INSERT INTO FORM_BUILDER_SECTION (FORM_BUILDER_SECTION_ID,FORM_BUILDER_ID,FORM_BUILDER_NUMBER,SECTION_NAME,SECTION_ORDER_NUMBER,MODULE_CODE,SUB_MODULE_CODE,BUSINESS_RULE_ID,DESCRIPTION,HELP_TEXT,HEADER_INSTRUCTION,FOOTER_INSTRUCTION,IS_ACTIVE,UPDATE_TIMESTAMP,UPDATE_USER) VALUES (129,3,'1003','FACULTY OUTSIDE PROFESSIONAL ACTIVITIES',1,'  ',' ',NULL,' ',NULL,NULL,NULL,'Y',now(),'quickstart');
INSERT INTO FORM_BUILDER_SECTION (FORM_BUILDER_SECTION_ID,FORM_BUILDER_ID,FORM_BUILDER_NUMBER,SECTION_NAME,SECTION_ORDER_NUMBER,MODULE_CODE,SUB_MODULE_CODE,BUSINESS_RULE_ID,DESCRIPTION,HELP_TEXT,HEADER_INSTRUCTION,FOOTER_INSTRUCTION,IS_ACTIVE,UPDATE_TIMESTAMP,UPDATE_USER) VALUES (130,3,'1003','FACULTY DATA RECORDS',2,' ',' ',NULL,' ',NULL,NULL,NULL,'Y',now(),'quickstart');
INSERT INTO FORM_BUILDER_SECTION (FORM_BUILDER_SECTION_ID,FORM_BUILDER_ID,FORM_BUILDER_NUMBER,SECTION_NAME,SECTION_ORDER_NUMBER,MODULE_CODE,SUB_MODULE_CODE,BUSINESS_RULE_ID,DESCRIPTION,HELP_TEXT,HEADER_INSTRUCTION,FOOTER_INSTRUCTION,IS_ACTIVE,UPDATE_TIMESTAMP,UPDATE_USER) VALUES (131,3,'1003','COMPENSATED & UNCOMPENSATED ACTIVITIES',3,' ',' ',NULL,' ',NULL,NULL,NULL,'Y',now(),'quickstart');
INSERT INTO FORM_BUILDER_SECTION (FORM_BUILDER_SECTION_ID,FORM_BUILDER_ID,FORM_BUILDER_NUMBER,SECTION_NAME,SECTION_ORDER_NUMBER,MODULE_CODE,SUB_MODULE_CODE,BUSINESS_RULE_ID,DESCRIPTION,HELP_TEXT,HEADER_INSTRUCTION,FOOTER_INSTRUCTION,IS_ACTIVE,UPDATE_TIMESTAMP,UPDATE_USER) VALUES (132,3,'1003','OUTSIDE FINANCIAL INTERESTS & RELATIONSHIPS',4,' ',' ',NULL,' ',NULL,NULL,NULL,'Y',now(),'quickstart');
INSERT INTO FORM_BUILDER_SECTION (FORM_BUILDER_SECTION_ID,FORM_BUILDER_ID,FORM_BUILDER_NUMBER,SECTION_NAME,SECTION_ORDER_NUMBER,MODULE_CODE,SUB_MODULE_CODE,BUSINESS_RULE_ID,DESCRIPTION,HELP_TEXT,HEADER_INSTRUCTION,FOOTER_INSTRUCTION,IS_ACTIVE,UPDATE_TIMESTAMP,UPDATE_USER) VALUES (133,3,'1003','INVOLVEMENT OF STUDENTS OR SUBORDINATE EMPLOYEES',5,' ',' ',NULL,' ',NULL,NULL,NULL,'Y',now(),'quickstart');
INSERT INTO FORM_BUILDER_SECTION (FORM_BUILDER_SECTION_ID,FORM_BUILDER_ID,FORM_BUILDER_NUMBER,SECTION_NAME,SECTION_ORDER_NUMBER,MODULE_CODE,SUB_MODULE_CODE,BUSINESS_RULE_ID,DESCRIPTION,HELP_TEXT,HEADER_INSTRUCTION,FOOTER_INSTRUCTION,IS_ACTIVE,UPDATE_TIMESTAMP,UPDATE_USER) VALUES (134,3,'1003','USE OF INSTITUTE RESOURCES',6,' ',' ',NULL,' ',NULL,NULL,NULL,'Y',now(),'quickstart');
INSERT INTO FORM_BUILDER_SECTION (FORM_BUILDER_SECTION_ID,FORM_BUILDER_ID,FORM_BUILDER_NUMBER,SECTION_NAME,SECTION_ORDER_NUMBER,MODULE_CODE,SUB_MODULE_CODE,BUSINESS_RULE_ID,DESCRIPTION,HELP_TEXT,HEADER_INSTRUCTION,FOOTER_INSTRUCTION,IS_ACTIVE,UPDATE_TIMESTAMP,UPDATE_USER) VALUES (135,3,'1003','POTENTIAL CONFLICT OF INTEREST OR COMMITMENT',7,' ',' ',NULL,' ',NULL,NULL,NULL,'Y',now(),'quickstart');
INSERT INTO FORM_BUILDER_SECTION (FORM_BUILDER_SECTION_ID,FORM_BUILDER_ID,FORM_BUILDER_NUMBER,SECTION_NAME,SECTION_ORDER_NUMBER,MODULE_CODE,SUB_MODULE_CODE,BUSINESS_RULE_ID,DESCRIPTION,HELP_TEXT,HEADER_INSTRUCTION,FOOTER_INSTRUCTION,IS_ACTIVE,UPDATE_TIMESTAMP,UPDATE_USER) VALUES (136,3,'1003','CERTIFICATION',8,' ',' ',NULL,' ',NULL,NULL,NULL,'Y',now(),'quickstart');



INSERT INTO FORM_BUILDER_SECTION_COMPONENT (FORM_BUILDER_SECT_COMP_ID,FORM_BUILDER_SECTION_ID,COMPONENT_TYPE_CODE,COMPONENT_ORDER_NUMBER,COMPONENT_DATA,COMPONENT_REF_ID,DESCRIPTION,HEADER_INSTRUCTION,FOOTER_INSTRUCTION,IS_ACTIVE,UPDATE_TIMESTAMP,UPDATE_USER) VALUES (7,114,'HL',2,NULL,NULL,'',NULL,NULL,'Y',now(),'quickstart');
INSERT INTO FORM_BUILDER_SECTION_COMPONENT (FORM_BUILDER_SECT_COMP_ID,FORM_BUILDER_SECTION_ID,COMPONENT_TYPE_CODE,COMPONENT_ORDER_NUMBER,COMPONENT_DATA,COMPONENT_REF_ID,DESCRIPTION,HEADER_INSTRUCTION,FOOTER_INSTRUCTION,IS_ACTIVE,UPDATE_TIMESTAMP,UPDATE_USER) VALUES (8,115,'RT',1,'<p>During the past year, did you work or consult, either paid or unpaid, for any organization or entity outside <span style=\\\"color:hsl(0, 75%, 60%);\\\"><strong>MIT</strong></span> in a professional capacity, i.e., performing work that was related to your professional role at <span style=\\\"color:hsl(0, 75%, 60%);\\\"><strong>MIT</strong></span>* (Please note that you will have an opportunity to report outside activities unrelated to your professional role in the \\\"Other Activities\\\" section, below.)<br> </p>',NULL,'',NULL,NULL,'Y',now(),'quickstart');
INSERT INTO FORM_BUILDER_SECTION_COMPONENT (FORM_BUILDER_SECT_COMP_ID,FORM_BUILDER_SECTION_ID,COMPONENT_TYPE_CODE,COMPONENT_ORDER_NUMBER,COMPONENT_DATA,COMPONENT_REF_ID,DESCRIPTION,HEADER_INSTRUCTION,FOOTER_INSTRUCTION,IS_ACTIVE,UPDATE_TIMESTAMP,UPDATE_USER) VALUES (18,125,'RT',1,'<p><span style=\\\"color:hsl(0,0%,0%);\\\">I agree to abide by MIT\'s policies on Full-time Service, Conflict of Interest and Outside Professional Activities (as stated in MIT Policies and Procedures section 4.4).</span></p><p><a target=\\\"_blank\\\" rel=\\\"noopener noreferrer\\\" href=\\\"http://web.mit.edu/policies/4/4.3.html\\\"><span style=\\\"color:hsl(150, 75%, 60%);\\\">Faculty Rights and Responsibilities: Full Time Service</span></a></p><p><a target=\\\"_blank\\\" rel=\\\"noopener noreferrer\\\" href=\\\"http://web.mit.edu/policies/4/4.4.html\\\"><span style=\\\"color:hsl(150, 75%, 60%);\\\">Faculty Rights and Responsibilities: Conflict of Interest</span></a></p><p><span style=\\\"color:hsl(0, 0%, 0%);\\\">I supply this information for confidential review by my department head and other officials designated by MIT\'s administration.</span></p><p><span style=\\\"color:hsl(0, 0%, 0%);\\\">I understand that this information may not be released by MIT except for limited purposes required by law, regulation or contract.</span',NULL,'',NULL,NULL,'Y',now(),'quickstart');
INSERT INTO FORM_BUILDER_SECTION_COMPONENT (FORM_BUILDER_SECT_COMP_ID,FORM_BUILDER_SECTION_ID,COMPONENT_TYPE_CODE,COMPONENT_ORDER_NUMBER,COMPONENT_DATA,COMPONENT_REF_ID,DESCRIPTION,HEADER_INSTRUCTION,FOOTER_INSTRUCTION,IS_ACTIVE,UPDATE_TIMESTAMP,UPDATE_USER) VALUES (19,123,'PE',1,'OPACompUncompComponent','1','','<p>List all compensated outside professional activities, both domestic and international; and all uncompensated outside professional activities (i.e., requiring substantial time commitment with no or nominal compensation), both domestic and international.</p><p>Examples of <strong><u>compensated outside professional activities:</u></strong></p><p>* Consulting or research for a company, university or other entity, including service as an expert witness</p><p>* Part-time employment or appointment at a company, university, government agency or other entity (including while on leave from MIT)</p><p>* Membership on a corporate, technical, scientific or advisory board</p><p>* Speaking at corporate or other conferences or seminars, including speaking at academic conferences or seminars for other universities in connection with the receipt of an honorarium, monetary prize or other compensation.</p><p>* Providing commissioned papers, reports, or editing services</p><p>* Teaching/lecturing outside MIT, at universities or companies, in degree or non-degree programs</p><p>* Participating in a talent or other academic recruitment program for a company, university, government or other entity, including in exchange for support in the form of research funding, lab facilities or research staff, or in connection with the receipt of an honorarium, monetary prize or other compensation</p><p>* Teaching in MIT\'s executive, professional, international or other special or summer programs</p><p>Do not include the amount of compensation.</p><p>Examples of <strong><u>uncompensated outside professional activities:</u></strong></p><p>* Appointment at a company, university, government agency or other entity (including while on leave from MIT)<br>* Service to professional societies or outside educational Institutions</p><p>* Service on government or industry review boards or panels, or special commissions or committees</p><p>* Teaching in MIT\'s executive, professional, international or other special or summer programs</p><p>Do not include uncompensated incidental or outside academic activities that are part of your normal MIT duties, such as reviewing publications, attending conferences, or making research presentations or lecturing at other universities.</p><p>For additional guidance on international activities please see the FAQs on the VPR website, including information on external academic appointments and other outside activities.</p>',NULL,'Y',now(),'quickstart');
INSERT INTO FORM_BUILDER_SECTION_COMPONENT (FORM_BUILDER_SECT_COMP_ID,FORM_BUILDER_SECTION_ID,COMPONENT_TYPE_CODE,COMPONENT_ORDER_NUMBER,COMPONENT_DATA,COMPONENT_REF_ID,DESCRIPTION,HEADER_INSTRUCTION,FOOTER_INSTRUCTION,IS_ACTIVE,UPDATE_TIMESTAMP,UPDATE_USER) VALUES (20,124,'PE',1,'OPAOutsideFinancialRelationComponent','2','','<p>For the current reporting period, list any company or other entity, both domestic and international, that has a relationship with your MIT activities in any way and from which you, or any member of your immediate family, received any payments (including honoraria or royalties) for employment, consulting, board membership, or other relationship, or in which you have an ownership or equity interest.</p><p>Examples of <strong><u>relationships to MIT activities that an outside entity could have</u></strong>:</p><p>* The company/entity sponsors research or teaching activities at MIT in which you are directly involved</p><p>* The company/entity has made gifts to MIT which are under your control or directly benefit your MIT research or teaching activities<br>* The company/entity has products or research interests that could benefit significantly from your research activities at MIT</p><p>* The company/entity licenses MIT intellectual property in which you have an interest as an inventor</p><p>* The company/entity sells materials or services to MIT that are used in your MIT research or teaching</p>',NULL,'Y',now(),'quickstart');
INSERT INTO FORM_BUILDER_SECTION_COMPONENT (FORM_BUILDER_SECT_COMP_ID,FORM_BUILDER_SECTION_ID,COMPONENT_TYPE_CODE,COMPONENT_ORDER_NUMBER,COMPONENT_DATA,COMPONENT_REF_ID,DESCRIPTION,HEADER_INSTRUCTION,FOOTER_INSTRUCTION,IS_ACTIVE,UPDATE_TIMESTAMP,UPDATE_USER) VALUES (21,126,'PE',1,'OPAStudentSubordinateInvolvementComponent','3',' ','<p>List the names of any MIT students or subordinate employees (paid or unpaid) who have been involved in any of your outside professional activities, including companies with which you have a consulting, board membership, ownership or other relationship, and describe the nature of their work, the amount of time involved, and your relationship with each student (e.g., thesis supervisor, supervisor of the student as an RA or TA, etc.) or subordinate (e.g., post-doc, support staff, etc.)</p>',NULL,'Y',now(),'quickstart');
INSERT INTO FORM_BUILDER_SECTION_COMPONENT (FORM_BUILDER_SECT_COMP_ID,FORM_BUILDER_SECTION_ID,COMPONENT_TYPE_CODE,COMPONENT_ORDER_NUMBER,COMPONENT_DATA,COMPONENT_REF_ID,DESCRIPTION,HEADER_INSTRUCTION,FOOTER_INSTRUCTION,IS_ACTIVE,UPDATE_TIMESTAMP,UPDATE_USER) VALUES (22,127,'PE',1,'OPAInstituteResourceUseComponent','4',' ','<p>MIT resources (facilities, equipment, funds) should be used only for Institute purposes, except when other purposes have been given prior approval by an appropriate MIT senior officer.</p><p>During the current reporting period, if you, or any members of your group (students, staff, visitors, affiliates) made use, other than purely incidental use, of MIT resources in connection with any of your outside professional activities, select Add and describe for each company or entity.</p>',NULL,'Y',now(),'quickstart');
INSERT INTO FORM_BUILDER_SECTION_COMPONENT (FORM_BUILDER_SECT_COMP_ID,FORM_BUILDER_SECTION_ID,COMPONENT_TYPE_CODE,COMPONENT_ORDER_NUMBER,COMPONENT_DATA,COMPONENT_REF_ID,DESCRIPTION,HEADER_INSTRUCTION,FOOTER_INSTRUCTION,IS_ACTIVE,UPDATE_TIMESTAMP,UPDATE_USER) VALUES (24,129,'RT',1,'<p>MIT\'s Policy on faculty outside professional activities includes the following general guidelines:<br>Full-time members of the faculty may devote an average of about one day per week to outside professional activities during teh academic year (which comprises 36 weeks) and when receiving compensation during the summer<br> </p>',NULL,' ',NULL,NULL,'Y',now(),'quickstart');
INSERT INTO FORM_BUILDER_SECTION_COMPONENT (FORM_BUILDER_SECT_COMP_ID,FORM_BUILDER_SECTION_ID,COMPONENT_TYPE_CODE,COMPONENT_ORDER_NUMBER,COMPONENT_DATA,COMPONENT_REF_ID,DESCRIPTION,HEADER_INSTRUCTION,FOOTER_INSTRUCTION,IS_ACTIVE,UPDATE_TIMESTAMP,UPDATE_USER) VALUES (26,131,'PE',1,'OPACompUncompComponent','1',' ','<p>List all compensated outside professional activities, both domestic and international; and all uncompensated outside professional activities (i.e., requiring substantial time commitment with no or nominal compensation), both domestic and international.</p><p>Examples of <strong><u>compensated outside professional activities:</u></strong></p><p>* Consulting or research for a company, university or other entity, including service as an expert witness</p><p>* Part-time employment or appointment at a company, university, government agency or other entity (including while on leave from MIT)</p><p>* Membership on a corporate, technical, scientific or advisory board</p><p>* Speaking at corporate or other conferences or seminars, including speaking at academic conferences or seminars for other universities in connection with the receipt of an honorarium, monetary prize or other compensation.</p><p>* Providing commissioned papers, reports, or editing services</p><p>* Teaching/lecturing outside MIT, at universities or companies, in degree or non-degree programs</p><p>* Participating in a talent or other academic recruitment program for a company, university, government or other entity, including in exchange for support in the form of research funding, lab facilities or research staff, or in connection with the receipt of an honorarium, monetary prize or other compensation</p><p>* Teaching in MIT\'s executive, professional, international or other special or summer programs</p><p>Do not include the amount of compensation.</p><p>Examples of <strong><u>uncompensated outside professional activities:</u></strong></p><p>* Appointment at a company, university, government agency or other entity (including while on leave from MIT)<br>* Service to professional societies or outside educational Institutions</p><p>* Service on government or industry review boards or panels, or special commissions or committees</p><p>* Teaching in MIT\'s executive, professional, international or other special or summer programs</p><p>Do not include uncompensated incidental or outside academic activities that are part of your normal MIT duties, such as reviewing publications, attending conferences, or making research presentations or lecturing at other universities.</p><p>For additional guidance on international activities please see the FAQs on the VPR website, including information on external academic appointments and other outside activities.</p>',NULL,'Y',now(),'quickstart');
INSERT INTO FORM_BUILDER_SECTION_COMPONENT (FORM_BUILDER_SECT_COMP_ID,FORM_BUILDER_SECTION_ID,COMPONENT_TYPE_CODE,COMPONENT_ORDER_NUMBER,COMPONENT_DATA,COMPONENT_REF_ID,DESCRIPTION,HEADER_INSTRUCTION,FOOTER_INSTRUCTION,IS_ACTIVE,UPDATE_TIMESTAMP,UPDATE_USER) VALUES (27,132,'PE',1,'OPAOutsideFinancialRelationComponent','2',' ','<p>For the current reporting period, list any company or other entity, both domestic and international, that has a relationship with your MIT activities in any way and from which you, or any member of your immediate family, received any payments (including honoraria or royalties) for employment, consulting, board membership, or other relationship, or in which you have an ownership or equity interest.</p><p>Examples of <strong><u>relationships to MIT activities that an outside entity could have</u></strong>:</p><p>* The company/entity sponsors research or teaching activities at MIT in which you are directly involved</p><p>* The company/entity has made gifts to MIT which are under your control or directly benefit your MIT research or teaching activities<br>* The company/entity has products or research interests that could benefit significantly from your research activities at MIT</p><p>* The company/entity licenses MIT intellectual property in which you have an interest as an inventor</p><p>* The company/entity sells materials or services to MIT that are used in your MIT research or teaching</p>',NULL,'Y',now(),'quickstart');
INSERT INTO FORM_BUILDER_SECTION_COMPONENT (FORM_BUILDER_SECT_COMP_ID,FORM_BUILDER_SECTION_ID,COMPONENT_TYPE_CODE,COMPONENT_ORDER_NUMBER,COMPONENT_DATA,COMPONENT_REF_ID,DESCRIPTION,HEADER_INSTRUCTION,FOOTER_INSTRUCTION,IS_ACTIVE,UPDATE_TIMESTAMP,UPDATE_USER) VALUES (28,133,'PE',1,'OPAStudentSubordinateInvolvementComponent','3',' ','<p>List the names of any MIT students or subordinate employees (paid or unpaid) who have been involved in any of your outside professional activities, including companies with which you have a consulting, board membership, ownership or other relationship, and describe the nature of their work, the amount of time involved, and your relationship with each student (e.g., thesis supervisor, supervisor of the student as an RA or TA, etc.) or subordinate (e.g., post-doc, support staff, etc.)</p>',NULL,'Y',now(),'quickstart');
INSERT INTO FORM_BUILDER_SECTION_COMPONENT (FORM_BUILDER_SECT_COMP_ID,FORM_BUILDER_SECTION_ID,COMPONENT_TYPE_CODE,COMPONENT_ORDER_NUMBER,COMPONENT_DATA,COMPONENT_REF_ID,DESCRIPTION,HEADER_INSTRUCTION,FOOTER_INSTRUCTION,IS_ACTIVE,UPDATE_TIMESTAMP,UPDATE_USER) VALUES (30,134,'PE',1,'OPAInstituteResourceUseComponent','4',' ','<p>MIT resources (facilities, equipment, funds) should be used only for Institute purposes, except when other purposes have been given prior approval by an appropriate MIT senior officer.</p><p>During the current reporting period, if you, or any members of your group (students, staff, visitors, affiliates) made use, other than purely incidental use, of MIT resources in connection with any of your outside professional activities, select Add and describe for each company or entity.</p>',NULL,'Y',now(),'quickstart');
INSERT INTO FORM_BUILDER_SECTION_COMPONENT (FORM_BUILDER_SECT_COMP_ID,FORM_BUILDER_SECTION_ID,COMPONENT_TYPE_CODE,COMPONENT_ORDER_NUMBER,COMPONENT_DATA,COMPONENT_REF_ID,DESCRIPTION,HEADER_INSTRUCTION,FOOTER_INSTRUCTION,IS_ACTIVE,UPDATE_TIMESTAMP,UPDATE_USER) VALUES (32,136,'RT',1,'<p><span style=\\\"color:hsl(0,0%,0%);\\\">I agree to abide by MIT\'s policies on Full-time Service, Conflict of Interest and Outside Professional Activities (as stated in MIT Policies and Procedures section 4.4).</span></p><p><a target=\\\"_blank\\\" rel=\\\"noopener noreferrer\\\" href=\\\"http://web.mit.edu/policies/4/4.3.html\\\"><span style=\\\"color:hsl(150, 75%, 60%);\\\">Faculty Rights and Responsibilities: Full Time Service</span></a></p><p><a target=\\\"_blank\\\" rel=\\\"noopener noreferrer\\\" href=\\\"http://web.mit.edu/policies/4/4.4.html\\\"><span style=\\\"color:hsl(150, 75%, 60%);\\\">Faculty Rights and Responsibilities: Conflict of Interest</span></a></p><p><span style=\\\"color:hsl(0, 0%, 0%);\\\">I supply this information for confidential review by my department head and other officials designated by MIT\'s administration.</span></p><p><span style=\\\"color:hsl(0, 0%, 0%);\\\">I understand that this information may not be released by MIT except for limited purposes required by law, regulation or contract.</span',NULL,' ',NULL,NULL,'Y',now(),'quickstart');

INSERT INTO OPA_REVIEW_STATUS_TYPE (REVIEW_STATUS_CODE,DESCRIPTION,IS_ACTIVE,UPDATE_TIMESTAMP,UPDATE_USER,SORT_ORDER) VALUES ('1','Pending','Y',now(),'quickstart',1);
INSERT INTO OPA_REVIEW_STATUS_TYPE (REVIEW_STATUS_CODE,DESCRIPTION,IS_ACTIVE,UPDATE_TIMESTAMP,UPDATE_USER,SORT_ORDER) VALUES ('2','Submitted','Y',now(),'quickstart',2);
INSERT INTO OPA_REVIEW_STATUS_TYPE (REVIEW_STATUS_CODE,DESCRIPTION,IS_ACTIVE,UPDATE_TIMESTAMP,UPDATE_USER,SORT_ORDER) VALUES ('3','Review in progress','Y',now(),'quickstart',3);
INSERT INTO OPA_REVIEW_STATUS_TYPE (REVIEW_STATUS_CODE,DESCRIPTION,IS_ACTIVE,UPDATE_TIMESTAMP,UPDATE_USER,SORT_ORDER) VALUES ('4','Completed','Y',now(),'quickstart',6);
INSERT INTO OPA_REVIEW_STATUS_TYPE (REVIEW_STATUS_CODE,DESCRIPTION,IS_ACTIVE,UPDATE_TIMESTAMP,UPDATE_USER,SORT_ORDER) VALUES ('5','Returned','Y',now(),'quickstart',8);
INSERT INTO OPA_REVIEW_STATUS_TYPE (REVIEW_STATUS_CODE,DESCRIPTION,IS_ACTIVE,UPDATE_TIMESTAMP,UPDATE_USER,SORT_ORDER) VALUES ('6','Withdrawn','Y',now(),'quickstart',7);
INSERT INTO OPA_REVIEW_STATUS_TYPE (REVIEW_STATUS_CODE,DESCRIPTION,IS_ACTIVE,UPDATE_TIMESTAMP,UPDATE_USER,SORT_ORDER) VALUES ('7','Review Assigned','Y',now(),'quickstart',4);
INSERT INTO OPA_REVIEW_STATUS_TYPE (REVIEW_STATUS_CODE,DESCRIPTION,IS_ACTIVE,UPDATE_TIMESTAMP,UPDATE_USER,SORT_ORDER) VALUES ('8','Assigned Review Completed','Y',now(),'quickstart',5);

INSERT INTO OPA_PERSON (PERSON_ID,PERSON_NAME,FIRST_NAME,MIDDLE_NAME,LAST_NAME,IS_FACULTY) SELECT PERSON_ID,FULL_NAME,FIRST_NAME,MIDDLE_NAME,LAST_NAME,'Y' FROM PERSON;

INSERT INTO RIGHTS (RIGHT_ID, RIGHT_NAME, DESCRIPTION, UPDATE_USER, UPDATE_TIMESTAMP, RIGHTS_TYPE_CODE) VALUES ((SELECT A.ID FROM (SELECT MAX(RIGHT_ID) + 1 AS ID FROM RIGHTS ) AS A), 'MANAGE_FCOI_DISCLOSURE', 'To manage all actions against an FCOI disclosure', 'quickstart', now(), '2');
INSERT INTO RIGHTS (RIGHT_ID, RIGHT_NAME, DESCRIPTION, UPDATE_USER, UPDATE_TIMESTAMP, RIGHTS_TYPE_CODE) VALUES ((SELECT A.ID FROM (SELECT MAX(RIGHT_ID) + 1 AS ID FROM RIGHTS ) AS A), 'VIEW_FCOI_DISCLOSURE', 'To view any FCOI disclosure in a unit', 'quickstart', now(), '2');
INSERT INTO RIGHTS (RIGHT_ID, RIGHT_NAME, DESCRIPTION, UPDATE_USER, UPDATE_TIMESTAMP, RIGHTS_TYPE_CODE) VALUES ((SELECT A.ID FROM (SELECT MAX(RIGHT_ID) + 1 AS ID FROM RIGHTS ) AS A), 'VIEW_FCOI_DISCLOSURE_PRIVATE_COMMENTS', 'To view private comments tagged in the disclosure', 'quickstart', now(), '2');
INSERT INTO RIGHTS (RIGHT_ID, RIGHT_NAME, DESCRIPTION, UPDATE_USER, UPDATE_TIMESTAMP, RIGHTS_TYPE_CODE) VALUES ((SELECT A.ID FROM (SELECT MAX(RIGHT_ID) + 1 AS ID FROM RIGHTS ) AS A), 'VIEW_FCOI_DISCLOSURE_PRIVATE_ATTACHMENTS', 'To view private attachments tagged in the disclosure', 'quickstart', now(), '2');
INSERT INTO RIGHTS (RIGHT_ID, RIGHT_NAME, DESCRIPTION, UPDATE_USER, UPDATE_TIMESTAMP, RIGHTS_TYPE_CODE) VALUES ((SELECT A.ID FROM (SELECT MAX(RIGHT_ID) + 1 AS ID FROM RIGHTS ) AS A), 'MANAGE_DISCLOSURE_REVIEW', 'To manage review in disclosure', 'quickstart', now(), '2');
INSERT INTO RIGHTS (RIGHT_ID, RIGHT_NAME, DESCRIPTION, UPDATE_USER, UPDATE_TIMESTAMP, RIGHTS_TYPE_CODE) VALUES ((SELECT A.ID FROM (SELECT MAX(RIGHT_ID) + 1 AS ID FROM RIGHTS ) AS A), 'VIEW_DISCLOSURE_REVIEW', 'To view review members and comments tagged in the disclosure', 'quickstart', now(), '2');
INSERT INTO RIGHTS (RIGHT_ID, RIGHT_NAME, DESCRIPTION, UPDATE_USER, UPDATE_TIMESTAMP, RIGHTS_TYPE_CODE) VALUES ((SELECT A.ID FROM (SELECT MAX(RIGHT_ID) + 1 AS ID FROM RIGHTS ) AS A), 'MANAGE_PROJECT_DISCLOSURE', 'To manage all actions against a project disclosure', 'quickstart', now(), '2');
INSERT INTO RIGHTS (RIGHT_ID, RIGHT_NAME, DESCRIPTION, UPDATE_USER, UPDATE_TIMESTAMP, RIGHTS_TYPE_CODE) VALUES ((SELECT A.ID FROM (SELECT MAX(RIGHT_ID) + 1 AS ID FROM RIGHTS ) AS A), 'VIEW_PROJECT_DISCLOSURE', 'To view any project disclosure in a unit', 'quickstart', now(), '2');
INSERT INTO RIGHTS (RIGHT_ID, RIGHT_NAME, DESCRIPTION, UPDATE_USER, UPDATE_TIMESTAMP, RIGHTS_TYPE_CODE) VALUES ((SELECT A.ID FROM (SELECT MAX(RIGHT_ID) + 1 AS ID FROM RIGHTS ) AS A), 'MANAGE_TRAVEL_DISCLOSURE', 'To manage all actions against a travel disclosre', 'quickstart', now(), '2');
INSERT INTO RIGHTS (RIGHT_ID, RIGHT_NAME, DESCRIPTION, UPDATE_USER, UPDATE_TIMESTAMP, RIGHTS_TYPE_CODE) VALUES ((SELECT A.ID FROM (SELECT MAX(RIGHT_ID) + 1 AS ID FROM RIGHTS ) AS A), 'VIEW_TRAVEL_DISCLOSURE', 'To view any travel disclosure in a unit', 'quickstart', now(), '2');
INSERT INTO RIGHTS (RIGHT_ID, RIGHT_NAME, DESCRIPTION, UPDATE_USER, UPDATE_TIMESTAMP, RIGHTS_TYPE_CODE) VALUES ((SELECT A.ID FROM (SELECT MAX(RIGHT_ID) + 1 AS ID FROM RIGHTS ) AS A), 'MANAGE_ENTITY', 'To manage all actions against a Entity', 'quickstart', now(), '2');
INSERT INTO RIGHTS (RIGHT_ID, RIGHT_NAME, DESCRIPTION, UPDATE_USER, UPDATE_TIMESTAMP, RIGHTS_TYPE_CODE) VALUES ((SELECT A.ID FROM (SELECT MAX(RIGHT_ID) + 1 AS ID FROM RIGHTS ) AS A), 'VIEW_ENTITY', 'To view any  Entities', 'quickstart', now(), '2');
INSERT INTO RIGHTS (RIGHT_ID, RIGHT_NAME, DESCRIPTION, UPDATE_USER, UPDATE_TIMESTAMP, RIGHTS_TYPE_CODE) VALUES ((SELECT A.ID FROM (SELECT MAX(RIGHT_ID) + 1 AS ID FROM RIGHTS ) AS A), 'VIEW_ADMIN_GROUP_COI', 'Allow to view coi based on admin group', 'quickstart', now(), '1');

-- INSERT INTO LOOKUP_WINDOW (LOOKUP_WINDOW_NAME, DESCRIPTION, TABLE_NAME, COLUMN_NAME, OTHERS_DISPLAY_COLUMNS, UPDATE_TIMESTAMP, UPDATE_USER, DATA_TYPE_CODE)
-- VALUES ('PERSON_ENTITY_REL_TYPE_LOOKUP', 'Relationship dropdown', 'VALID_PERSON_ENTITY_REL_TYPE', 'VALID_PERS_ENTITY_REL_TYP_CODE', 'DESCRIPTION', now(), 'quickstart', '8');

INSERT INTO BUSINESS_RULES (RULE_ID, DESCRIPTION, RULE_TYPE, UNIT_NUMBER, MODULE_CODE, SUB_MODULE_CODE, IS_ACTIVE, RULE_EXPRESSION, UPDATE_TIMESTAMP, UPDATE_USER, NOTIFICATION_ID, USER_MESSAGE, RULE_EVALUATION_ORDER, RULE_CATEGORY) 
VALUES ((SELECT T.ID FROM (SELECT MAX(RULE_ID) + 1 AS ID FROM BUSINESS_RULES) AS T), 'Dependant relationship rule', 'Q', '000001', '8', '801', 'Y', ' ( E1 )', now(), 'quickstart', '0', '', '2', 'R');

INSERT INTO BUSINESS_RULES_EXPERSSION(RULES_EXPERSSION_ID, RULE_ID, EXPRESSION_NUMBER, EXPRESSION_TYPE_CODE, LVALUE, CONDITION_OPERATOR, RVALUE, UPDATE_TIMESTAMP, UPDATE_USER, PARENT_EXPRESSION_NUMBER) 
VALUES ((SELECT T.ID FROM (SELECT MAX(RULES_EXPERSSION_ID) + 1 AS ID FROM BUSINESS_RULES_EXPERSSION) AS T), (SELECT MAX(RULE_ID)  AS ID FROM BUSINESS_RULES), '1', 'V', 'Relationship Type', 'Equal to', '3', now(), 'quickstart', '0');

INSERT INTO BUSINESS_RULES (RULE_ID, DESCRIPTION, RULE_TYPE, UNIT_NUMBER, MODULE_CODE, SUB_MODULE_CODE, IS_ACTIVE, RULE_EXPRESSION, UPDATE_TIMESTAMP, UPDATE_USER, NOTIFICATION_ID, USER_MESSAGE, RULE_EVALUATION_ORDER, RULE_CATEGORY) 
VALUES ((SELECT T.ID FROM (SELECT MAX(RULE_ID) + 1 AS ID FROM BUSINESS_RULES) AS T), 'Spouse relationship rule', 'Q', '000001', '8', '801', 'Y', ' ( E1 )', now(), 'quickstart', '0', '', '3', 'R');

INSERT INTO BUSINESS_RULES_EXPERSSION(RULES_EXPERSSION_ID, RULE_ID, EXPRESSION_NUMBER, EXPRESSION_TYPE_CODE, LVALUE, CONDITION_OPERATOR, RVALUE, UPDATE_TIMESTAMP, UPDATE_USER, PARENT_EXPRESSION_NUMBER) 
VALUES ((SELECT T.ID FROM (SELECT MAX(RULES_EXPERSSION_ID) + 1 AS ID FROM BUSINESS_RULES_EXPERSSION) AS T), (SELECT MAX(RULE_ID)  AS ID FROM BUSINESS_RULES), '1', 'V', 'Relationship Type', 'Equal to', '2', now(), 'quickstart', '0');

INSERT INTO BUSINESS_RULES (RULE_ID, DESCRIPTION, RULE_TYPE, UNIT_NUMBER, MODULE_CODE, SUB_MODULE_CODE, IS_ACTIVE, RULE_EXPRESSION, UPDATE_TIMESTAMP, UPDATE_USER, NOTIFICATION_ID, USER_MESSAGE, RULE_EVALUATION_ORDER, RULE_CATEGORY) 
VALUES ((SELECT T.ID FROM (SELECT MAX(RULE_ID) + 1 AS ID FROM BUSINESS_RULES) AS T), 'Self relationship rule', 'Q', '000001', '8', '801', 'Y', ' ( E1 )', now(), 'quickstart', '0', '', '4', 'R');

INSERT INTO BUSINESS_RULES_EXPERSSION(RULES_EXPERSSION_ID, RULE_ID, EXPRESSION_NUMBER, EXPRESSION_TYPE_CODE, LVALUE, CONDITION_OPERATOR, RVALUE, UPDATE_TIMESTAMP, UPDATE_USER, PARENT_EXPRESSION_NUMBER) 
VALUES ((SELECT T.ID FROM (SELECT MAX(RULES_EXPERSSION_ID) + 1 AS ID FROM BUSINESS_RULES_EXPERSSION) AS T), (SELECT MAX(RULE_ID)  AS ID FROM BUSINESS_RULES), '1', 'V', 'Relationship Type', 'Equal to', '1', now(), 'quickstart', '0');

INSERT INTO BUSINESS_RULES (RULE_ID, DESCRIPTION, RULE_TYPE, UNIT_NUMBER, MODULE_CODE, SUB_MODULE_CODE, IS_ACTIVE, RULE_EXPRESSION, UPDATE_TIMESTAMP, UPDATE_USER, NOTIFICATION_ID, USER_MESSAGE, RULE_EVALUATION_ORDER, RULE_CATEGORY) 
VALUES ((SELECT T.ID FROM (SELECT MAX(RULE_ID) + 1 AS ID FROM BUSINESS_RULES) AS T), 'Travel relationship rule', 'Q', '000001', '8', '801', 'Y', ' ( E1 )', now(), 'quickstart', '0', '', '5', 'R');

INSERT INTO BUSINESS_RULES_EXPERSSION(RULES_EXPERSSION_ID, RULE_ID, EXPRESSION_NUMBER, EXPRESSION_TYPE_CODE, LVALUE, CONDITION_OPERATOR, RVALUE, UPDATE_TIMESTAMP, UPDATE_USER, PARENT_EXPRESSION_NUMBER) 
VALUES ((SELECT T.ID FROM (SELECT MAX(RULES_EXPERSSION_ID) + 1 AS ID FROM BUSINESS_RULES_EXPERSSION) AS T), (SELECT MAX(RULE_ID)  AS ID FROM BUSINESS_RULES), '1', 'V', 'Relationship Type', 'Equal to', '4', now(), 'quickstart', '0');

INSERT INTO BUSINESS_RULE_FUNCTION (FUNCTION_NAME, MODULE_CODE, SUB_MODULE_CODE, DESCRIPTION, DB_FUNCTION_NAME, UPDATE_TIMESTAMP, UPDATE_USER) 
VALUES ('For checking if document owner is faculty or not', '23', '0', 'For checking if document owner is faculty or not', 'FN_CHK_OPA_PERSON_IS_FACULTY', now(), 'quickstart');

INSERT INTO BUSINESS_RULE_FUNCTION_ARG (FUNCTION_NAME, ARGUMENT_SEQUENCE_NUMBER, ARGUMENT_NAME, UPDATE_TIMESTAMP, UPDATE_USER) 
VALUES ('For checking if document owner is faculty or not', '1', 'AV_PERSON_ID', now(), 'quickstart');

INSERT INTO BUSINESS_RULES (RULE_ID, DESCRIPTION, RULE_TYPE, UNIT_NUMBER, MODULE_CODE, SUB_MODULE_CODE, IS_ACTIVE, RULE_EXPRESSION, UPDATE_TIMESTAMP, UPDATE_USER, NOTIFICATION_ID, USER_MESSAGE, RULE_EVALUATION_ORDER, RULE_CATEGORY) 
VALUES ((SELECT T.ID FROM (SELECT MAX(RULE_ID) + 1 AS ID FROM BUSINESS_RULES) AS T), 'OPA Faculty Form selection rule', 'Q', '000001', '23', '0', 'Y', ' ( E1 )', now(), 'quickstart', '0', '', '1', 'R');

INSERT INTO BUSINESS_RULES_EXPERSSION(RULES_EXPERSSION_ID, RULE_ID, EXPRESSION_NUMBER, EXPRESSION_TYPE_CODE, LVALUE, CONDITION_OPERATOR, RVALUE, UPDATE_TIMESTAMP, UPDATE_USER, PARENT_EXPRESSION_NUMBER) 
VALUES ((SELECT T.ID FROM (SELECT MAX(RULES_EXPERSSION_ID) + 1 AS ID FROM BUSINESS_RULES_EXPERSSION) AS T), (SELECT MAX(RULE_ID)  AS ID FROM BUSINESS_RULES), '1', 'F', 'For checking if document owner is faculty or not', 'Equal to', 'True', now(), 'quickstart', '0');

INSERT INTO FORM_BUILDER_USAGE (FORM_USAGE_ID,FORM_BUILDER_ID,FORM_BUILDER_NUMBER,FORM_ORDER_NUMBER,MODULE_CODE,SUB_MODULE_CODE,BUSINESS_RULE_ID,DESCRIPTION,IS_ACTIVE,CREATE_TIMESTAMP,CREATE_USER,UPDATE_TIMESTAMP,UPDATE_USER) 
VALUES (3,3,'1003',1,'23','0',(SELECT MAX(RULE_ID)  AS ID FROM BUSINESS_RULES),'Faculty OPA Form','Y',now(),'admin',now(),'admin');

INSERT INTO BUSINESS_RULES (RULE_ID, DESCRIPTION, RULE_TYPE, UNIT_NUMBER, MODULE_CODE, SUB_MODULE_CODE, IS_ACTIVE, RULE_EXPRESSION, UPDATE_TIMESTAMP, UPDATE_USER, NOTIFICATION_ID, USER_MESSAGE, RULE_EVALUATION_ORDER, RULE_CATEGORY) 
VALUES ((SELECT T.ID FROM (SELECT MAX(RULE_ID) + 1 AS ID FROM BUSINESS_RULES) AS T), 'OPA Staff Form selection rule', 'Q', '000001', '23', '0', 'Y', ' ( E1 )', now(), 'quickstart', '0', '', '2', 'R');

INSERT INTO BUSINESS_RULES_EXPERSSION(RULES_EXPERSSION_ID, RULE_ID, EXPRESSION_NUMBER, EXPRESSION_TYPE_CODE, LVALUE, CONDITION_OPERATOR, RVALUE, UPDATE_TIMESTAMP, UPDATE_USER, PARENT_EXPRESSION_NUMBER) 
VALUES ((SELECT T.ID FROM (SELECT MAX(RULES_EXPERSSION_ID) + 1 AS ID FROM BUSINESS_RULES_EXPERSSION) AS T), (SELECT MAX(RULE_ID)  AS ID FROM BUSINESS_RULES), '1', 'F', 'For checking if document owner is faculty or not', 'Equal to', 'False', now(), 'quickstart', '0');

INSERT INTO FORM_BUILDER_USAGE (FORM_USAGE_ID,FORM_BUILDER_ID,FORM_BUILDER_NUMBER,FORM_ORDER_NUMBER,MODULE_CODE,SUB_MODULE_CODE,BUSINESS_RULE_ID,DESCRIPTION,IS_ACTIVE,CREATE_TIMESTAMP,CREATE_USER,UPDATE_TIMESTAMP,UPDATE_USER) 
VALUES (2,2,'1002',1,'23','0',(SELECT MAX(RULE_ID)  AS ID FROM BUSINESS_RULES),'OPA Staff form','Y',now(),'admin',now(),'admin');


INSERT INTO form_builder_prog_element (PROG_ELEMENT_ID, PROG_ELEMENT_NUMBER, VERSION_NUMBER, VERSION_STATUS, PROG_ELEMENT_NAME, DESCRIPTION, IS_ACTIVE, UPDATE_TIMESTAMP, UPDATE_USER) VALUES ('1', '1001', '1', 'ACTIVE', 'OPACompUncompComponent', 'For OPA compensation  Uncompensation', 'Y', now(), 'quickstart');
INSERT INTO form_builder_prog_element (PROG_ELEMENT_ID, PROG_ELEMENT_NUMBER, VERSION_NUMBER, VERSION_STATUS, PROG_ELEMENT_NAME, DESCRIPTION, IS_ACTIVE, UPDATE_TIMESTAMP, UPDATE_USER) VALUES ('2', '1002', '1', 'ACTIVE', 'OPAOutsideFinancialRelationComponent', 'This is used in OPA Outside Financial Interest and relationships component', 'Y', now(), 'quickstart');
INSERT INTO form_builder_prog_element (PROG_ELEMENT_ID, PROG_ELEMENT_NUMBER, VERSION_NUMBER, VERSION_STATUS, PROG_ELEMENT_NAME, DESCRIPTION, IS_ACTIVE, UPDATE_TIMESTAMP, UPDATE_USER) VALUES ('3', '1003', '1', 'ACTIVE', 'OPAStudentSubordinateInvolvementComponent', 'For OPA Student/Subordinate involvement', 'Y', now(), 'quickstart');
INSERT INTO form_builder_prog_element (PROG_ELEMENT_ID, PROG_ELEMENT_NUMBER, VERSION_NUMBER, VERSION_STATUS, PROG_ELEMENT_NAME, DESCRIPTION, IS_ACTIVE, UPDATE_TIMESTAMP, UPDATE_USER) VALUES ('4', '1004', '1', 'ACTIVE', 'OPAInstituteResourceUseComponent', 'For OPA Institute Resources usage', 'Y', now(), 'quickstart');


INSERT INTO form_section_component_type (COMPONENT_TYPE_CODE, DESCRIPTION, IS_ACTIVE, UPDATE_TIMESTAMP, UPDATE_USER) VALUES ('BR', 'Context Break', 'Y', now(), 'quickstart');
INSERT INTO form_section_component_type (COMPONENT_TYPE_CODE, DESCRIPTION, IS_ACTIVE, UPDATE_TIMESTAMP, UPDATE_USER) VALUES ('CE', 'Custom Element', 'Y', now(), 'quickstart');
INSERT INTO form_section_component_type (COMPONENT_TYPE_CODE, DESCRIPTION, IS_ACTIVE, UPDATE_TIMESTAMP, UPDATE_USER) VALUES ('HL', 'Horizontal Line', 'Y', now(), 'quickstart');
INSERT INTO form_section_component_type (COMPONENT_TYPE_CODE, DESCRIPTION, IS_ACTIVE, UPDATE_TIMESTAMP, UPDATE_USER) VALUES ('PE', 'Programmed Element', 'Y', now(), 'quickstart');
INSERT INTO form_section_component_type (COMPONENT_TYPE_CODE, DESCRIPTION, IS_ACTIVE, UPDATE_TIMESTAMP, UPDATE_USER) VALUES ('QN', 'Questionnaire', 'Y', now(), 'quickstart');
INSERT INTO form_section_component_type (COMPONENT_TYPE_CODE, DESCRIPTION, IS_ACTIVE, UPDATE_TIMESTAMP, UPDATE_USER) VALUES ('RT', 'Rich Textbox', 'Y', now(), 'quickstart');


INSERT INTO discl_atta_type (ATTA_TYPE_CODE, DESCRIPTION, IS_ACTIVE, UPDATE_TIMESTAMP, UPDATE_USER) VALUES ('1', 'PI Submission', 'Y', now(), 'quickstart');
INSERT INTO discl_atta_type (ATTA_TYPE_CODE, DESCRIPTION, IS_ACTIVE, UPDATE_TIMESTAMP, UPDATE_USER) VALUES ('2', 'Management Plan', 'Y', now(), 'quickstart');
INSERT INTO discl_atta_type (ATTA_TYPE_CODE, DESCRIPTION, IS_ACTIVE, UPDATE_TIMESTAMP, UPDATE_USER) VALUES ('3', 'Mitigation Report', 'Y', now(), 'quickstart');
INSERT INTO discl_atta_type (ATTA_TYPE_CODE, DESCRIPTION, IS_ACTIVE, UPDATE_TIMESTAMP, UPDATE_USER) VALUES ('4', 'Reviewer Attachment', 'Y', now(), 'quickstart');

INSERT INTO code_table_configuration (TABLE_NAME, DISPLAY_NAME, CONTENT, GROUP_NAME, DESCRIPTION, UPDATE_USER, UPDATE_TIMESTAMP, IS_LOG_ENABLED) 
VALUES ('ADMIN_GROUP', 'Admin Group', '{\"group\":\"General\",\"codeTableName\":\"Admin Group\",\"description\":\"List of Admin Group\",\"databaseTableName\":\"ADMIN_GROUP\",\"fields\":[{\"columnName\":\"ADMIN_GROUP_ID\",\"displayName\":\"Code\",\"dataType\":\"INTEGER\",\"isEditable\":\"false\",\"length\":\"3\",\"canEmpty\":\"false\",\"visible\":\"true\"},{\"columnName\":\"ADMIN_GROUP_NAME\",\"displayName\":\"Name\",\"dataType\":\"String\",\"isEditable\":\"true\",\"length\":\"50\",\"canEmpty\":\"false\",\"visible\":\"true\"},{\"columnName\":\"DESCRIPTION\",\"displayName\":\"Description\",\"dataType\":\"String\",\"isEditable\":\"true\",\"length\":\"200\",\"canEmpty\":\"false\",\"visible\":\"true\"},{\"columnName\":\"EMAIL_ID\",\"displayName\":\"Email ID\",\"dataType\":\"String\",\"isEditable\":\"true\",\"length\":\"200\",\"canEmpty\":\"true\",\"visible\":\"true\"},{\"visible\":\"true\",\"columnName\":\"ROLE_ID\",\"dataType\":\"INTEGER\",\"length\":\"5\",\"index\":\"roleName\",\"isEditable\":\"true\",\"canEmpty\":\"false\",\"displayName\":\"Role\",\"filterType\":\"endpoint\",\"defaultValue\":\"ROLE_NAME\",\"valueField\":\"roleId\"},{\"columnName\":\"ROLE_NAME\",\"refColumnName\":\"ROLE#ROLE_ID\",\"displayName\":\"Role Name\",\"dataType\":\"String\",\"isEditable\":\"false\",\"canEmpty\":\"false\",\"visible\":\"true\",\"isTransient\":\"true\"},{\"columnName\":\"PERSON_ID\",\"displayName\":\"Primary Contact\",\"dataType\":\"String\",\"isEditable\":\"true\",\"length\":\"40\",\"canEmpty\":\"true\",\"visible\":\"false\",\"filterType\":\"elastic\",\"valueField\":\"prncpl_id\",\"index\":\"fibiperson\",\"defaultValue\":\"FULL_NAME\"},{\"visible\":\"true\",\"columnName\":\"FULL_NAME\",\"dataType\":\"String\",\"isEditable\":\"false\",\"canEmpty\":\"false\",\"displayName\":\"Primary Contact\",\"isTransient\":\"true\",\"refColumnName\":\"PERSON#PERSON_ID\"},{\"columnName\":\"IS_ACTIVE\",\"displayName\":\"Active Flag\",\"dataType\":\"String\",\"isEditable\":\"true\",\"length\":\"1\",\"canEmpty\":\"false\",\"visible\":\"true\",\"filterType\":\"switch\"},{\"columnName\":\"MODULE_CODE\",\"displayName\":\"Module\",\"dataType\":\"INTEGER\",\"isEditable\":true,\"length\":3,\"canEmpty\":true,\"visible\":true,\"valueChanged\":null,\"index\":null,\"filterType\":\"lookUp\",\"valueField\":\"COEUS_MODULE#MODULE_CODE\",\"isTransient\":null,\"values\":null,\"refColumnName\":null,\"defaultValue\":\"DESCRIPTION_MODULE_CODE\"},{\"columnName\":\"DESCRIPTION_MODULE_CODE\",\"displayName\":\"Module Descripton\",\"dataType\":\"String\",\"isEditable\":false,\"length\":null,\"canEmpty\":true,\"visible\":true,\"valueChanged\":null,\"index\":null,\"filterType\":null,\"valueField\":null,\"isTransient\":\"true\",\"values\":null,\"refColumnName\":null,\"defaultValue\":null},{\"columnName\":\"UPDATE_TIMESTAMP\",\"displayName\":\"Update Timestamp\",\"dataType\":\"Date\",\"isEditable\":\"false\",\"canEmpty\":\"false\",\"visible\":\"true\"},{\"columnName\":\"UPDATE_USER\",\"displayName\":\"Update User\",\"refColumnName\":\"PERSON#USER_NAME\",\"dataType\":\"String\",\"isEditable\":\"false\",\"length\":\"60\",\"canEmpty\":\"false\",\"visible\":\"true\"}],\"primaryKey\":[\"ADMIN_GROUP_ID\"],\"dependency\":[{\"table_name\":\"ROLE\",\"columnName\":\"ROLE_ID\",\"displayName\":\"Role\",\"showTableName\":\"true\"},{\"table_name\":\"PERSON\",\"columnName\":\"PERSON_ID\",\"displayName\":\"Person\",\"showTableName\":\"true\"},{\"table_name\":\"agreement_header\",\"columnName\":\"ADMIN_GROUP_ID\",\"displayName\":\"Agreement Header\"},{\"displayName\":\"Coeus Module\",\"table_name\":\"COEUS_MODULE\",\"columnName\":\"MODULE_CODE\",\"showTableName\":\"true\"}]}', 'General', 'List of  Admin Groups. To add a new entry, please ensure that data is already added/available in the following code table(s) and/or in the database table(s):', 'quickstart', '2021-06-24 11:40:47', 'N');

-- Not needed if included in Fibi script
-- INSERT INTO EPS_PROP_PERSON_ROLE (UNIT_DETAILS_REQUIRED, PROP_PERSON_ROLE_ID, DESCRIPTION, UPDATE_TIMESTAMP, UPDATE_USER, CERTIFICATION_REQUIRED, PROP_PERSON_ROLE_CODE, SPONSOR_HIERARCHY_NAME, READ_ONLY_ROLE, IS_MULTI_PI, SORT_ID, IS_ACTIVE, SHOW_PROJECT_ROLE, INCLUDE_IN_CURRENT_AND_PENDING) VALUES ('Y', '1', 'Co-Investigator', now(), 'quickstart', 'Y', 'COI', 'DEFAULT', 'N', 'D', '3', 'Y', 'N', 'Y');
-- INSERT INTO EPS_PROP_PERSON_ROLE (UNIT_DETAILS_REQUIRED, PROP_PERSON_ROLE_ID, DESCRIPTION, UPDATE_TIMESTAMP, UPDATE_USER, CERTIFICATION_REQUIRED, PROP_PERSON_ROLE_CODE, SPONSOR_HIERARCHY_NAME, READ_ONLY_ROLE, IS_MULTI_PI, SORT_ID, IS_ACTIVE, SHOW_PROJECT_ROLE, INCLUDE_IN_CURRENT_AND_PENDING) VALUES ('O', '2', 'Key Person', now(), 'quickstart', 'O', 'KP', 'DEFAULT', 'Y', 'D', '6', 'Y', 'Y', 'N');
-- INSERT INTO EPS_PROP_PERSON_ROLE (UNIT_DETAILS_REQUIRED, PROP_PERSON_ROLE_ID, DESCRIPTION, UPDATE_TIMESTAMP, UPDATE_USER, CERTIFICATION_REQUIRED, PROP_PERSON_ROLE_CODE, SPONSOR_HIERARCHY_NAME, READ_ONLY_ROLE, IS_MULTI_PI, SORT_ID, IS_ACTIVE, SHOW_PROJECT_ROLE, INCLUDE_IN_CURRENT_AND_PENDING) VALUES ('Y', '3', 'Principal Investigator', now(), 'quickstart', 'Y', 'PI', 'DEFAULT', 'N', 'D', '1', 'Y', 'N', 'Y');
-- INSERT INTO EPS_PROP_PERSON_ROLE (UNIT_DETAILS_REQUIRED, PROP_PERSON_ROLE_ID, DESCRIPTION, UPDATE_TIMESTAMP, UPDATE_USER, CERTIFICATION_REQUIRED, PROP_PERSON_ROLE_CODE, SPONSOR_HIERARCHY_NAME, READ_ONLY_ROLE, IS_MULTI_PI, SORT_ID, IS_ACTIVE, SHOW_PROJECT_ROLE, INCLUDE_IN_CURRENT_AND_PENDING) VALUES ('Y', '4', 'PI/Contact', now(), 'admin', 'Y', 'PI', 'NIH Multiple PI', 'N', 'D', '8', 'Y', 'N', 'N');
-- INSERT INTO EPS_PROP_PERSON_ROLE (UNIT_DETAILS_REQUIRED, PROP_PERSON_ROLE_ID, DESCRIPTION, UPDATE_TIMESTAMP, UPDATE_USER, CERTIFICATION_REQUIRED, PROP_PERSON_ROLE_CODE, SPONSOR_HIERARCHY_NAME, READ_ONLY_ROLE, IS_MULTI_PI, SORT_ID, IS_ACTIVE, SHOW_PROJECT_ROLE, INCLUDE_IN_CURRENT_AND_PENDING) VALUES ('Y', '5', 'PI/Multiple', now(), 'admin', 'Y', 'MPI', 'NIH Multiple PI', 'N', 'D', '7', 'Y', 'N', 'N');
-- INSERT INTO EPS_PROP_PERSON_ROLE (UNIT_DETAILS_REQUIRED, PROP_PERSON_ROLE_ID, DESCRIPTION, UPDATE_TIMESTAMP, UPDATE_USER, CERTIFICATION_REQUIRED, PROP_PERSON_ROLE_CODE, SPONSOR_HIERARCHY_NAME, READ_ONLY_ROLE, IS_MULTI_PI, SORT_ID, IS_ACTIVE, SHOW_PROJECT_ROLE, INCLUDE_IN_CURRENT_AND_PENDING) VALUES ('Y', '6', 'Collaborator', now(), 'admin', 'Y', 'COI', 'NIH Multiple PI', 'N', 'D', '5', 'Y', 'N', 'N');
-- INSERT INTO EPS_PROP_PERSON_ROLE (UNIT_DETAILS_REQUIRED, PROP_PERSON_ROLE_ID, DESCRIPTION, UPDATE_TIMESTAMP, UPDATE_USER, CERTIFICATION_REQUIRED, PROP_PERSON_ROLE_CODE, SPONSOR_HIERARCHY_NAME, READ_ONLY_ROLE, IS_MULTI_PI, SORT_ID, IS_ACTIVE, SHOW_PROJECT_ROLE, INCLUDE_IN_CURRENT_AND_PENDING) VALUES ('N', '7', 'Team Member', now(), 'admin', 'N', 'KP', 'NIH Multiple PI', 'Y', 'D', '4', 'Y', 'N', 'N');
-- INSERT INTO EPS_PROP_PERSON_ROLE (UNIT_DETAILS_REQUIRED, PROP_PERSON_ROLE_ID, DESCRIPTION, UPDATE_TIMESTAMP, UPDATE_USER, CERTIFICATION_REQUIRED, PROP_PERSON_ROLE_CODE, SPONSOR_HIERARCHY_NAME, READ_ONLY_ROLE, IS_MULTI_PI, SORT_ID, IS_ACTIVE, SHOW_PROJECT_ROLE, INCLUDE_IN_CURRENT_AND_PENDING) VALUES ('Y', '9', 'Principal Investigator (Project)', now(), 'quickstart', 'Y', 'PI1', 'DEFAULT', 'N', 'Y', '2', 'Y', 'N', 'N');


INSERT INTO entity_rel_node_type (REL_NODE_TYPE_CODE, DESCRIPTION, IS_ACTIVE, UPDATE_TIMESTAMP, UPDATE_USER) VALUES ('1', 'Entity', 'Y', now(), 'quickstart');
INSERT INTO entity_rel_node_type (REL_NODE_TYPE_CODE, DESCRIPTION, IS_ACTIVE, UPDATE_TIMESTAMP, UPDATE_USER) VALUES ('2', 'Sponsor', 'Y', now(), 'quickstart');
INSERT INTO entity_rel_node_type (REL_NODE_TYPE_CODE, DESCRIPTION, IS_ACTIVE, UPDATE_TIMESTAMP, UPDATE_USER) VALUES ('3', 'Organization', 'Y', now(), 'quickstart');


SET FOREIGN_KEY_CHECKS=1; 

-- Code table configurations

INSERT INTO CODE_TABLE_CONFIGURATION (TABLE_NAME, DISPLAY_NAME, CONTENT, GROUP_NAME, DESCRIPTION, UPDATE_USER, UPDATE_TIMESTAMP, IS_LOG_ENABLED) VALUES ('COI_CONFLICT_STATUS_TYPE', 'COI Disclosure Conflict Status', '{"group":"COI","codeTableName":"COI Disclosure Conflict Status","description":"List of all COI Disclosure Conflict Status","databaseTableName":"COI_CONFLICT_STATUS_TYPE","fields":[{"columnName":"CONFLICT_STATUS_CODE","displayName":"Conflict Status Code","dataType":"String","isEditable":true,"length":3,"canEmpty":false,"visible":true,"valueChanged":null,"index":null,"filterType":null,"valueField":null,"isTransient":null,"values":null,"refColumnName":null,"defaultValue":null},{"columnName":"DESCRIPTION","displayName":"Description","dataType":"String","isEditable":true,"length":200,"canEmpty":true,"visible":true,"valueChanged":null,"index":null,"filterType":null,"valueField":null,"isTransient":null,"values":null,"refColumnName":null,"defaultValue":null},{"columnName":"UPDATE_TIMESTAMP","displayName":"Update Timestamp","dataType":"Date","isEditable":false,"length":null,"canEmpty":false,"visible":true,"valueChanged":null,"index":null,"filterType":null,"valueField":null,"isTransient":null,"values":null,"refColumnName":null,"defaultValue":null},{"columnName":"UPDATE_USER","displayName":"Update User","dataType":"String","isEditable":false,"length":60,"canEmpty":false,"visible":true,"valueChanged":null,"index":null,"filterType":null,"valueField":null,"isTransient":null,"values":null,"refColumnName":"PERSON#USER_NAME","defaultValue":null},{"columnName":"IS_ACTIVE","displayName":"Active Flag","dataType":"String","isEditable":true,"length":1,"canEmpty":false,"visible":true,"valueChanged":null,"index":null,"filterType":"switch","valueField":null,"isTransient":null,"values":null,"refColumnName":null,"defaultValue":null},{"columnName":"SORT_ORDER","displayName":"Sort Order","dataType":"INTEGER","isEditable":true,"length":3,"canEmpty":false,"visible":true,"valueChanged":null,"index":null,"filterType":null,"valueField":null,"isTransient":null,"values":null,"refColumnName":null,"defaultValue":0}],"primaryKey":["CONFLICT_STATUS_CODE"],"dependency":[{"displayName":"COI Disclosure","table_name":"COI_DISCLOSURE","columnName":"CONFLICT_STATUS_CODE"}],"actions":null}', 'COI', 'List of all COI Disclosure Conflict Status', 'quickstart', now(), 'N');

INSERT INTO CODE_TABLE_CONFIGURATION (TABLE_NAME, DISPLAY_NAME, CONTENT, GROUP_NAME, DESCRIPTION, UPDATE_USER, UPDATE_TIMESTAMP, IS_LOG_ENABLED) VALUES ('FCOI_TYPE_CODE', 'COI Disclosure FCOI Type', '{"group":"COI","codeTableName":"COI Disclosure FCOI Type","description":"List of all COI Disclosure FCOI Type","databaseTableName":"COI_DISCLOSURE_FCOI_TYPE","fields":[{"columnName":"FCOI_TYPE_CODE","displayName":"FCOI Type Code","dataType":"String","isEditable":true,"length":3,"canEmpty":false,"visible":true,"valueChanged":null,"index":null,"filterType":null,"valueField":null,"isTransient":null,"values":null,"refColumnName":null,"defaultValue":null},{"columnName":"DESCRIPTION","displayName":"Description","dataType":"String","isEditable":true,"length":200,"canEmpty":true,"visible":true,"valueChanged":null,"index":null,"filterType":null,"valueField":null,"isTransient":null,"values":null,"refColumnName":null,"defaultValue":null},{"columnName":"UPDATE_TIMESTAMP","displayName":"Update Timestamp","dataType":"Date","isEditable":false,"length":null,"canEmpty":false,"visible":true,"valueChanged":null,"index":null,"filterType":null,"valueField":null,"isTransient":null,"values":null,"refColumnName":null,"defaultValue":null},{"columnName":"UPDATE_USER","displayName":"Update User","dataType":"String","isEditable":false,"length":60,"canEmpty":false,"visible":true,"valueChanged":null,"index":null,"filterType":null,"valueField":null,"isTransient":null,"values":null,"refColumnName":"PERSON#USER_NAME","defaultValue":null},{"columnName":"IS_ACTIVE","displayName":"Active Flag","dataType":"String","isEditable":true,"length":1,"canEmpty":false,"visible":true,"valueChanged":null,"index":null,"filterType":"switch","valueField":null,"isTransient":null,"values":null,"refColumnName":null,"defaultValue":null}],"primaryKey":["FCOI_TYPE_CODE"],"dependency":[{"displayName":"Coi Disclosure","table_name":"COI_DISCLOSURE","columnName":"CONFLICT_STATUS_CODE"}],"actions":null}', 'COI', 'List of all COI Disclosure FCOI Type', 'quickstart', now(), 'N');

INSERT INTO CODE_TABLE_CONFIGURATION (TABLE_NAME, DISPLAY_NAME, CONTENT, GROUP_NAME, DESCRIPTION, UPDATE_USER, UPDATE_TIMESTAMP, IS_LOG_ENABLED) VALUES ('COI_DISCLOSURE_TYPE', 'COI Disclosure Type', '{"group":"COI","codeTableName":"COI Disclosure Type","description":"List of all COI Disclosure Type","databaseTableName":"COI_DISCLOSURE_TYPE","fields":[{"columnName":"DISCLOSURE_TYPE_CODE","displayName":"Disclosure Type Code","dataType":"String","isEditable":true,"length":3,"canEmpty":false,"visible":true,"valueChanged":null,"index":null,"filterType":null,"valueField":null,"isTransient":null,"values":null,"refColumnName":null,"defaultValue":null},{"columnName":"DESCRIPTION","displayName":"Description","dataType":"String","isEditable":true,"length":200,"canEmpty":true,"visible":true,"valueChanged":null,"index":null,"filterType":null,"valueField":null,"isTransient":null,"values":null,"refColumnName":null,"defaultValue":null},{"columnName":"UPDATE_TIMESTAMP","displayName":"Update Timestamp","dataType":"Date","isEditable":false,"length":null,"canEmpty":false,"visible":true,"valueChanged":null,"index":null,"filterType":null,"valueField":null,"isTransient":null,"values":null,"refColumnName":null,"defaultValue":null},{"columnName":"UPDATE_USER","displayName":"Update User","dataType":"String","isEditable":false,"length":60,"canEmpty":false,"visible":true,"valueChanged":null,"index":null,"filterType":null,"valueField":null,"isTransient":null,"values":null,"refColumnName":"PERSON#USER_NAME","defaultValue":null},{"columnName":"IS_ACTIVE","displayName":"Active Flag","dataType":"String","isEditable":true,"length":1,"canEmpty":false,"visible":true,"valueChanged":null,"index":null,"filterType":"switch","valueField":null,"isTransient":null,"values":null,"refColumnName":null,"defaultValue":null}],"primaryKey":["DISCLOSURE_TYPE_CODE"],"dependency":[{"displayName":"Coi Disclosure","table_name":"COI_DISCLOSURE","columnName":"CONFLICT_STATUS_CODE"}],"actions":null}', 'COI', 'List of all COI Disclosure Type', 'quickstart', now(), 'N');

INSERT INTO CODE_TABLE_CONFIGURATION (TABLE_NAME, DISPLAY_NAME, CONTENT, GROUP_NAME, DESCRIPTION, UPDATE_USER, UPDATE_TIMESTAMP, IS_LOG_ENABLED) VALUES ('COI_DISPOSITION_STATUS_TYPE', 'COI Disposition Status', '{"group":"COI","codeTableName":"COI Disposition Status","description":"List of all COI Disposition Status","databaseTableName":"COI_DISPOSITION_STATUS_TYPE","fields":[{"columnName":"DISPOSITION_STATUS_CODE","displayName":"Disposition Type Code","dataType":"String","isEditable":true,"length":3,"canEmpty":false,"visible":true,"valueChanged":null,"index":null,"filterType":null,"valueField":null,"isTransient":null,"values":null,"refColumnName":null,"defaultValue":null},{"columnName":"DESCRIPTION","displayName":"Description","dataType":"String","isEditable":true,"length":200,"canEmpty":true,"visible":true,"valueChanged":null,"index":null,"filterType":null,"valueField":null,"isTransient":null,"values":null,"refColumnName":null,"defaultValue":null},{"columnName":"UPDATE_TIMESTAMP","displayName":"Update Timestamp","dataType":"Date","isEditable":false,"length":null,"canEmpty":false,"visible":true,"valueChanged":null,"index":null,"filterType":null,"valueField":null,"isTransient":null,"values":null,"refColumnName":null,"defaultValue":null},{"columnName":"UPDATE_USER","displayName":"Update User","dataType":"String","isEditable":false,"length":60,"canEmpty":false,"visible":true,"valueChanged":null,"index":null,"filterType":null,"valueField":null,"isTransient":null,"values":null,"refColumnName":"PERSON#USER_NAME","defaultValue":null},{"columnName":"IS_ACTIVE","displayName":"Active Flag","dataType":"String","isEditable":true,"length":1,"canEmpty":false,"visible":true,"valueChanged":null,"index":null,"filterType":"switch","valueField":null,"isTransient":null,"values":null,"refColumnName":null,"defaultValue":null},{"columnName":"SORT_ORDER","displayName":"Sort Order","dataType":"INTEGER","isEditable":true,"length":3,"canEmpty":false,"visible":true,"valueChanged":null,"index":null,"filterType":null,"valueField":null,"isTransient":null,"values":null,"refColumnName":null,"defaultValue":0}],"primaryKey":["DISPOSITION_STATUS_CODE"],"dependency":[{"displayName":"Coi Disclosure","table_name":"COI_DISCLOSURE","columnName":"CONFLICT_STATUS_CODE"}],"actions":null}', 'COI', 'List of all COI Disposition Status', 'quickstart', now(), 'N');

INSERT INTO CODE_TABLE_CONFIGURATION (TABLE_NAME, DISPLAY_NAME, CONTENT, GROUP_NAME, DESCRIPTION, UPDATE_USER, UPDATE_TIMESTAMP, IS_LOG_ENABLED) VALUES ('COI_PROJ_CONFLICT_STATUS_TYPE', 'COI Disclosure Project Conflict Status', '{"group":"COI","codeTableName":"COI Disclosure Project Conflict Status","description":"List of all COI Disclosure Project Conflict Status","databaseTableName":"COI_PROJ_CONFLICT_STATUS_TYPE","fields":[{"columnName":"PROJECT_CONFLICT_STATUS_CODE","displayName":"Project Conflict Status Code","dataType":"String","isEditable":true,"length":3,"canEmpty":false,"visible":true,"valueChanged":null,"index":null,"filterType":null,"valueField":null,"isTransient":null,"values":null,"refColumnName":null,"defaultValue":null},{"columnName":"DESCRIPTION","displayName":"Description","dataType":"String","isEditable":true,"length":200,"canEmpty":true,"visible":true,"valueChanged":null,"index":null,"filterType":null,"valueField":null,"isTransient":null,"values":null,"refColumnName":null,"defaultValue":null},{"columnName":"UPDATE_TIMESTAMP","displayName":"Update Timestamp","dataType":"Date","isEditable":false,"length":null,"canEmpty":false,"visible":true,"valueChanged":null,"index":null,"filterType":null,"valueField":null,"isTransient":null,"values":null,"refColumnName":null,"defaultValue":null},{"columnName":"UPDATE_USER","displayName":"Update User","dataType":"String","isEditable":false,"length":60,"canEmpty":false,"visible":true,"valueChanged":null,"index":null,"filterType":null,"valueField":null,"isTransient":null,"values":null,"refColumnName":"PERSON#USER_NAME","defaultValue":null},{"columnName":"IS_ACTIVE","displayName":"Active Flag","dataType":"String","isEditable":true,"length":1,"canEmpty":false,"visible":true,"valueChanged":null,"index":null,"filterType":"switch","valueField":null,"isTransient":null,"values":null,"refColumnName":null,"defaultValue":null}],"primaryKey":["PROJECT_CONFLICT_STATUS_CODE"],"dependency":[{"displayName":"Coi Disclosure","table_name":"COI_DISCL_ENT_PROJ_DETAILS","columnName":"PROJECT_CONFLICT_STATUS_CODE"}],"actions":null}', 'COI', 'List of all COI Disclosure Project Conflict Status', 'quickstart', now(), 'N');

INSERT INTO CODE_TABLE_CONFIGURATION (TABLE_NAME, DISPLAY_NAME, CONTENT, GROUP_NAME, DESCRIPTION, UPDATE_USER, UPDATE_TIMESTAMP, IS_LOG_ENABLED) VALUES ('COI_PROJECT_TYPE_CODE', 'COI Disclosure Project Type', '{"group":"COI","codeTableName":"COI Disclosure Project Type","description":"List of all COI Disclosure Project Type","databaseTableName":"COI_PROJECT_TYPE","fields":[{"columnName":"COI_PROJECT_TYPE_CODE","displayName":"Project Type Code","dataType":"String","isEditable":true,"length":3,"canEmpty":false,"visible":true,"valueChanged":null,"index":null,"filterType":null,"valueField":null,"isTransient":null,"values":null,"refColumnName":null,"defaultValue":null},{"columnName":"DESCRIPTION","displayName":"Description","dataType":"String","isEditable":true,"length":200,"canEmpty":true,"visible":true,"valueChanged":null,"index":null,"filterType":null,"valueField":null,"isTransient":null,"values":null,"refColumnName":null,"defaultValue":null},{"columnName":"UPDATE_TIMESTAMP","displayName":"Update Timestamp","dataType":"Date","isEditable":false,"length":null,"canEmpty":false,"visible":true,"valueChanged":null,"index":null,"filterType":null,"valueField":null,"isTransient":null,"values":null,"refColumnName":null,"defaultValue":null},{"columnName":"UPDATE_USER","displayName":"Update User","dataType":"String","isEditable":false,"length":60,"canEmpty":false,"visible":true,"valueChanged":null,"index":null,"filterType":null,"valueField":null,"isTransient":null,"values":null,"refColumnName":"PERSON#USER_NAME","defaultValue":null},{"columnName":"IS_ACTIVE","displayName":"Active Flag","dataType":"String","isEditable":true,"length":1,"canEmpty":false,"visible":true,"valueChanged":null,"index":null,"filterType":"switch","valueField":null,"isTransient":null,"values":null,"refColumnName":null,"defaultValue":null}],"primaryKey":["COI_PROJECT_TYPE_CODE"],"dependency":[{"displayName":"Coi Award Project","table_name":"COI_PROJECT_AWARD","columnName":"COI_PROJECT_TYPE_CODE"},{"displayName":"Coi Proposal Project","table_name":"COI_PROJECT_PROPOSAL","columnName":"COI_PROJECT_TYPE_CODE"}],"actions":null}', 'COI', 'List of all COI Disclosure Project Type', 'quickstart', now(), 'N');

INSERT INTO CODE_TABLE_CONFIGURATION (TABLE_NAME, DISPLAY_NAME, CONTENT, GROUP_NAME, DESCRIPTION, UPDATE_USER, UPDATE_TIMESTAMP, IS_LOG_ENABLED) VALUES ('COI_REVIEWER_STATUS_TYPE', 'COI Disclosure Review Reviewer Status', '{"group":"COI","codeTableName":"COI Disclosure Review Reviewer Status","description":"List of all COI Disclosure Review Reviewer Status","databaseTableName":"COI_REVIEWER_STATUS_TYPE","fields":[{"columnName":"REVIEW_STATUS_CODE","displayName":"Review Status Code","dataType":"String","isEditable":true,"length":3,"canEmpty":false,"visible":true,"valueChanged":null,"index":null,"filterType":null,"valueField":null,"isTransient":null,"values":null,"refColumnName":null,"defaultValue":null},{"columnName":"DESCRIPTION","displayName":"Description","dataType":"String","isEditable":true,"length":200,"canEmpty":true,"visible":true,"valueChanged":null,"index":null,"filterType":null,"valueField":null,"isTransient":null,"values":null,"refColumnName":null,"defaultValue":null},{"columnName":"UPDATE_TIMESTAMP","displayName":"Update Timestamp","dataType":"Date","isEditable":false,"length":null,"canEmpty":false,"visible":true,"valueChanged":null,"index":null,"filterType":null,"valueField":null,"isTransient":null,"values":null,"refColumnName":null,"defaultValue":null},{"columnName":"UPDATE_USER","displayName":"Update User","dataType":"String","isEditable":false,"length":60,"canEmpty":false,"visible":true,"valueChanged":null,"index":null,"filterType":null,"valueField":null,"isTransient":null,"values":null,"refColumnName":"PERSON#USER_NAME","defaultValue":null},{"columnName":"IS_ACTIVE","displayName":"Active Flag","dataType":"String","isEditable":true,"length":1,"canEmpty":false,"visible":true,"valueChanged":null,"index":null,"filterType":"switch","valueField":null,"isTransient":null,"values":null,"refColumnName":null,"defaultValue":null},{"columnName":"SORT_ORDER","displayName":"Sort Order","dataType":"INTEGER","isEditable":true,"length":3,"canEmpty":false,"visible":true,"valueChanged":null,"index":null,"filterType":null,"valueField":null,"isTransient":null,"values":null,"refColumnName":null,"defaultValue":0}],"primaryKey":["REVIEW_STATUS_CODE"],"dependency":[{"displayName":"Coi Disclosure Review","table_name":"COI_REVIEW","columnName":"REVIEW_STATUS_TYPE_CODE"}],"actions":null}', 'COI', 'List of all COI Disclosure Review Reviewer Status', 'quickstart', now(), 'N');

INSERT INTO CODE_TABLE_CONFIGURATION (TABLE_NAME, DISPLAY_NAME, CONTENT, GROUP_NAME, DESCRIPTION, UPDATE_USER, UPDATE_TIMESTAMP, IS_LOG_ENABLED) VALUES ('COI_REVIEW_LOCATION_TYPE', 'COI Disclosure Review Location Type', '{"group":"COI","codeTableName":"COI Disclosure Review Location Type","description":"List of all COI Disclosure Review Location Type","databaseTableName":"COI_REVIEW_LOCATION_TYPE","fields":[{"columnName":"LOCATION_TYPE_CODE","displayName":"Review Status Code","dataType":"String","isEditable":true,"length":3,"canEmpty":false,"visible":true,"valueChanged":null,"index":null,"filterType":null,"valueField":null,"isTransient":null,"values":null,"refColumnName":null,"defaultValue":null},{"columnName":"DESCRIPTION","displayName":"Description","dataType":"String","isEditable":true,"length":200,"canEmpty":true,"visible":true,"valueChanged":null,"index":null,"filterType":null,"valueField":null,"isTransient":null,"values":null,"refColumnName":null,"defaultValue":null},{"columnName":"UPDATE_TIMESTAMP","displayName":"Update Timestamp","dataType":"Date","isEditable":false,"length":null,"canEmpty":false,"visible":true,"valueChanged":null,"index":null,"filterType":null,"valueField":null,"isTransient":null,"values":null,"refColumnName":null,"defaultValue":null},{"columnName":"UPDATE_USER","displayName":"Update User","dataType":"String","isEditable":false,"length":60,"canEmpty":false,"visible":true,"valueChanged":null,"index":null,"filterType":null,"valueField":null,"isTransient":null,"values":null,"refColumnName":"PERSON#USER_NAME","defaultValue":null},{"columnName":"IS_ACTIVE","displayName":"Active Flag","dataType":"String","isEditable":true,"length":1,"canEmpty":false,"visible":true,"valueChanged":null,"index":null,"filterType":"switch","valueField":null,"isTransient":null,"values":null,"refColumnName":null,"defaultValue":null}],"primaryKey":["LOCATION_TYPE_CODE"],"dependency":[{"displayName":"Coi Disclosure Review","table_name":"COI_REVIEW","columnName":"REVIEW_STATUS_TYPE_CODE"}],"actions":null}', 'COI', 'List of all COI Disclosure Review Location Type', 'quickstart', now(), 'N');

INSERT INTO CODE_TABLE_CONFIGURATION (TABLE_NAME, DISPLAY_NAME, CONTENT, GROUP_NAME, DESCRIPTION, UPDATE_USER, UPDATE_TIMESTAMP, IS_LOG_ENABLED) VALUES ('COI_REVIEW_STATUS_TYPE', 'COI Disclosure Review Status', '{"group":"COI","codeTableName":"COI Disclosure Review Reviewer Status","description":"List of all COI Disclosure Review Status","databaseTableName":"COI_REVIEW_STATUS_TYPE","fields":[{"columnName":"REVIEW_STATUS_CODE","displayName":"Review Status Code","dataType":"String","isEditable":true,"length":3,"canEmpty":false,"visible":true,"valueChanged":null,"index":null,"filterType":null,"valueField":null,"isTransient":null,"values":null,"refColumnName":null,"defaultValue":null},{"columnName":"DESCRIPTION","displayName":"Description","dataType":"String","isEditable":true,"length":200,"canEmpty":true,"visible":true,"valueChanged":null,"index":null,"filterType":null,"valueField":null,"isTransient":null,"values":null,"refColumnName":null,"defaultValue":null},{"columnName":"UPDATE_TIMESTAMP","displayName":"Update Timestamp","dataType":"Date","isEditable":false,"length":null,"canEmpty":false,"visible":true,"valueChanged":null,"index":null,"filterType":null,"valueField":null,"isTransient":null,"values":null,"refColumnName":null,"defaultValue":null},{"columnName":"UPDATE_USER","displayName":"Update User","dataType":"String","isEditable":false,"length":60,"canEmpty":false,"visible":true,"valueChanged":null,"index":null,"filterType":null,"valueField":null,"isTransient":null,"values":null,"refColumnName":"PERSON#USER_NAME","defaultValue":null},{"columnName":"IS_ACTIVE","displayName":"Active Flag","dataType":"String","isEditable":true,"length":1,"canEmpty":false,"visible":true,"valueChanged":null,"index":null,"filterType":"switch","valueField":null,"isTransient":null,"values":null,"refColumnName":null,"defaultValue":null},{"columnName":"SORT_ORDER","displayName":"Sort Order","dataType":"INTEGER","isEditable":true,"length":3,"canEmpty":false,"visible":true,"valueChanged":null,"index":null,"filterType":null,"valueField":null,"isTransient":null,"values":null,"refColumnName":null,"defaultValue":0}],"primaryKey":["REVIEW_STATUS_CODE"],"dependency":[{"displayName":"Coi Disclosure","table_name":"COI_DISCLOSURE","columnName":"REVIEW_STATUS_CODE"}],"actions":null}', 'COI', 'List of all COI Disclosure Review Status', 'quickstart', now(), 'N');

INSERT INTO CODE_TABLE_CONFIGURATION (TABLE_NAME, DISPLAY_NAME, CONTENT, GROUP_NAME, DESCRIPTION, UPDATE_USER, UPDATE_TIMESTAMP, IS_LOG_ENABLED) VALUES ('COI_RISK_CATEGORY', 'COI Disclosure Risk Category Type', '{"group":"COI","codeTableName":"COI Disclosure Risk Category Type","description":"List of all COI Disclosure Risk Category Type","databaseTableName":"COI_RISK_CATEGORY","fields":[{"columnName":"RISK_CATEGORY_CODE","displayName":"Risk Category Code","dataType":"String","isEditable":true,"length":3,"canEmpty":false,"visible":true,"valueChanged":null,"index":null,"filterType":null,"valueField":null,"isTransient":null,"values":null,"refColumnName":null,"defaultValue":null},{"columnName":"DESCRIPTION","displayName":"Description","dataType":"String","isEditable":true,"length":200,"canEmpty":true,"visible":true,"valueChanged":null,"index":null,"filterType":null,"valueField":null,"isTransient":null,"values":null,"refColumnName":null,"defaultValue":null},{"columnName":"UPDATE_TIMESTAMP","displayName":"Update Timestamp","dataType":"Date","isEditable":false,"length":null,"canEmpty":false,"visible":true,"valueChanged":null,"index":null,"filterType":null,"valueField":null,"isTransient":null,"values":null,"refColumnName":null,"defaultValue":null},{"columnName":"UPDATE_USER","displayName":"Update User","dataType":"String","isEditable":false,"length":60,"canEmpty":false,"visible":true,"valueChanged":null,"index":null,"filterType":null,"valueField":null,"isTransient":null,"values":null,"refColumnName":"PERSON#USER_NAME","defaultValue":null},{"columnName":"IS_ACTIVE","displayName":"Active Flag","dataType":"String","isEditable":true,"length":1,"canEmpty":false,"visible":true,"valueChanged":null,"index":null,"filterType":"switch","valueField":null,"isTransient":null,"values":null,"refColumnName":null,"defaultValue":null},{"columnName":"SORT_ORDER","displayName":"Sort Order","dataType":"INTEGER","isEditable":true,"length":3,"canEmpty":false,"visible":true,"valueChanged":null,"index":null,"filterType":null,"valueField":null,"isTransient":null,"values":null,"refColumnName":null,"defaultValue":0}],"primaryKey":["RISK_CATEGORY_CODE"],"dependency":[{"displayName":"Coi Disclosure","table_name":"COI_DISCLOSURE","columnName":"RISK_CATEGORY_CODE"}],"actions":null}', 'COI', 'List of all COI Disclosure Risk Category Type', 'quickstart', now(), 'N');

INSERT INTO CODE_TABLE_CONFIGURATION (TABLE_NAME, DISPLAY_NAME, CONTENT, GROUP_NAME, DESCRIPTION, UPDATE_USER, UPDATE_TIMESTAMP, IS_LOG_ENABLED) VALUES ('COI_SECTIONS_TYPE', 'COI Disclosure Section Type', '{"group":"COI","codeTableName":"COI Disclosure Review Location Type","description":"List of all COI Disclosure Section Type","databaseTableName":"COI_SECTIONS_TYPE","fields":[{"columnName":"COI_SECTIONS_TYPE_CODE","displayName":"Section Type Code","dataType":"String","isEditable":true,"length":3,"canEmpty":false,"visible":true,"valueChanged":null,"index":null,"filterType":null,"valueField":null,"isTransient":null,"values":null,"refColumnName":null,"defaultValue":null},{"columnName":"DESCRIPTION","displayName":"Description","dataType":"String","isEditable":true,"length":200,"canEmpty":true,"visible":true,"valueChanged":null,"index":null,"filterType":null,"valueField":null,"isTransient":null,"values":null,"refColumnName":null,"defaultValue":null},{"columnName":"UPDATE_TIMESTAMP","displayName":"Update Timestamp","dataType":"Date","isEditable":false,"length":null,"canEmpty":false,"visible":true,"valueChanged":null,"index":null,"filterType":null,"valueField":null,"isTransient":null,"values":null,"refColumnName":null,"defaultValue":null},{"columnName":"UPDATE_USER","displayName":"Update User","dataType":"String","isEditable":false,"length":60,"canEmpty":false,"visible":true,"valueChanged":null,"index":null,"filterType":null,"valueField":null,"isTransient":null,"values":null,"refColumnName":"PERSON#USER_NAME","defaultValue":null},{"columnName":"IS_ACTIVE","displayName":"Active Flag","dataType":"String","isEditable":true,"length":1,"canEmpty":false,"visible":true,"valueChanged":null,"index":null,"filterType":"switch","valueField":null,"isTransient":null,"values":null,"refColumnName":null,"defaultValue":null}],"primaryKey":["COI_SECTIONS_TYPE_CODE"],"dependency":[{"displayName":"Coi Disclosure Sub Section","table_name":"COI_SUB_SECTIONS","columnName":"COI_SUB_SECTIONS_CODE"}],"actions":null}', 'COI', 'List of all COI Disclosure Section Type', 'quickstart', now(), 'N');

-- INSERT INTO CODE_TABLE_CONFIGURATION (TABLE_NAME, DISPLAY_NAME, CONTENT, GROUP_NAME, DESCRIPTION, UPDATE_USER, UPDATE_TIMESTAMP, IS_LOG_ENABLED) VALUES ('COI_SUB_SECTIONS', 'COI Disclosure Section Sub Section Type', '{"group":"COI","codeTableName":"COI Disclosure Section Sub Section Type","description":"List of all COI Disclosure Section Sub Section Type","databaseTableName":"COI_SUB_SECTIONS","fields":[{"columnName":"COI_SUB_SECTIONS_CODE","displayName":"Sub Section Code","dataType":"String","isEditable":true,"length":3,"canEmpty":false,"visible":true,"valueChanged":null,"index":null,"filterType":null,"valueField":null,"isTransient":null,"values":null,"refColumnName":null,"defaultValue":null},{"columnName":"COI_SECTIONS_TYPE_CODE","displayName":"Section Type Code","dataType":"String","isEditable":true,"length":3,"canEmpty":true,"visible":false,"valueChanged":null,"index":null,"filterType":"lookUp","valueField":"COI_SECTIONS_TYPE#COI_SECTIONS_TYPE_CODE","isTransient":null,"values":null,"refColumnName":null,"defaultValue":"COI_SECTIONS_TYPE_CODE"},{"columnName":"DESCRIPTION","displayName":"Description","dataType":"String","isEditable":true,"length":200,"canEmpty":true,"visible":true,"valueChanged":null,"index":null,"filterType":null,"valueField":null,"isTransient":null,"values":null,"refColumnName":null,"defaultValue":null},{"columnName":"UPDATE_TIMESTAMP","displayName":"Update Timestamp","dataType":"Date","isEditable":false,"length":null,"canEmpty":false,"visible":true,"valueChanged":null,"index":null,"filterType":null,"valueField":null,"isTransient":null,"values":null,"refColumnName":null,"defaultValue":null},{"columnName":"UPDATE_USER","displayName":"Update User","dataType":"String","isEditable":false,"length":60,"canEmpty":false,"visible":true,"valueChanged":null,"index":null,"filterType":null,"valueField":null,"isTransient":null,"values":null,"refColumnName":"PERSON#USER_NAME","defaultValue":null},{"columnName":"IS_ACTIVE","displayName":"Active Flag","dataType":"String","isEditable":true,"length":1,"canEmpty":false,"visible":true,"valueChanged":null,"index":null,"filterType":"switch","valueField":null,"isTransient":null,"values":null,"refColumnName":null,"defaultValue":null}],"primaryKey":["COI_SUB_SECTIONS_CODE"],"dependency":[{"displayName":"Coi Disclosure Section Type","table_name":"COI_SECTIONS_TYPE","columnName":"COI_SECTIONS_TYPE_CODE"}],"actions":null}', 'COI', 'List of all COI Disclosure Section Sub Section Type', 'quickstart', now(), 'N');

INSERT INTO CODE_TABLE_CONFIGURATION (TABLE_NAME, DISPLAY_NAME, CONTENT, GROUP_NAME, DESCRIPTION, UPDATE_USER, UPDATE_TIMESTAMP, IS_LOG_ENABLED) VALUES ('COI_TRAVEL_DISCLOSURE_STATUS', 'Travel Disclosure Conflict Status', '{"group":"COI","codeTableName":"Travel Disclosure Conflict Status","description":"List of all Travel Disclosure Conflict Status","databaseTableName":"COI_TRAVEL_DISCLOSURE_STATUS","fields":[{"columnName":"TRAVEL_DISCLOSURE_STATUS_CODE","displayName":"Conflict Status Code","dataType":"String","isEditable":true,"length":3,"canEmpty":false,"visible":true,"valueChanged":null,"index":null,"filterType":null,"valueField":null,"isTransient":null,"values":null,"refColumnName":null,"defaultValue":null},{"columnName":"DESCRIPTION","displayName":"Description","dataType":"String","isEditable":true,"length":200,"canEmpty":true,"visible":true,"valueChanged":null,"index":null,"filterType":null,"valueField":null,"isTransient":null,"values":null,"refColumnName":null,"defaultValue":null},{"columnName":"UPDATE_TIMESTAMP","displayName":"Update Timestamp","dataType":"Date","isEditable":false,"length":null,"canEmpty":false,"visible":true,"valueChanged":null,"index":null,"filterType":null,"valueField":null,"isTransient":null,"values":null,"refColumnName":null,"defaultValue":null},{"columnName":"UPDATE_USER","displayName":"Update User","dataType":"String","isEditable":false,"length":60,"canEmpty":false,"visible":true,"valueChanged":null,"index":null,"filterType":null,"valueField":null,"isTransient":null,"values":null,"refColumnName":"PERSON#USER_NAME","defaultValue":null},{"columnName":"IS_ACTIVE","displayName":"Active Flag","dataType":"String","isEditable":true,"length":1,"canEmpty":false,"visible":true,"valueChanged":null,"index":null,"filterType":"switch","valueField":null,"isTransient":null,"values":null,"refColumnName":null,"defaultValue":null},{"columnName":"SORT_ORDER","displayName":"Sort Order","dataType":"INTEGER","isEditable":true,"length":3,"canEmpty":false,"visible":true,"valueChanged":null,"index":null,"filterType":null,"valueField":null,"isTransient":null,"values":null,"refColumnName":null,"defaultValue":0}],"primaryKey":["TRAVEL_DISCLOSURE_STATUS_CODE"],"dependency":[{"displayName":"Travel Disclosure","table_name":"COI_TRAVEL_DISCLOSURE","columnName":"TRAVEL_DISCLOSURE_STATUS_CODE"}],"actions":null}', 'COI', 'List of all Travel Disclosure Conflict Status', 'quickstart', now(), 'N');

-- INSERT INTO CODE_TABLE_CONFIGURATION (TABLE_NAME, DISPLAY_NAME, CONTENT, GROUP_NAME, DESCRIPTION, UPDATE_USER, UPDATE_TIMESTAMP, IS_LOG_ENABLED) VALUES ('COI_TRAVEL_DOCUMENT_STATUS', 'Travel Disclosure Document Status', '{"group":"COI","codeTableName":"Travel Disclosure Document Status","description":"List of all Travel Disclosure Document Status","databaseTableName":"COI_TRAVEL_DOCUMENT_STATUS","fields":[{"columnName":"DOCUMENT_STATUS_CODE","displayName":"Document Status Code","dataType":"String","isEditable":true,"length":3,"canEmpty":false,"visible":true,"valueChanged":null,"index":null,"filterType":null,"valueField":null,"isTransient":null,"values":null,"refColumnName":null,"defaultValue":null},{"columnName":"DESCRIPTION","displayName":"Description","dataType":"String","isEditable":true,"length":200,"canEmpty":true,"visible":true,"valueChanged":null,"index":null,"filterType":null,"valueField":null,"isTransient":null,"values":null,"refColumnName":null,"defaultValue":null},{"columnName":"UPDATE_TIMESTAMP","displayName":"Update Timestamp","dataType":"Date","isEditable":false,"length":null,"canEmpty":false,"visible":true,"valueChanged":null,"index":null,"filterType":null,"valueField":null,"isTransient":null,"values":null,"refColumnName":null,"defaultValue":null},{"columnName":"UPDATE_USER","displayName":"Update User","dataType":"String","isEditable":false,"length":60,"canEmpty":false,"visible":true,"valueChanged":null,"index":null,"filterType":null,"valueField":null,"isTransient":null,"values":null,"refColumnName":"PERSON#USER_NAME","defaultValue":null},{"columnName":"IS_ACTIVE","displayName":"Active Flag","dataType":"String","isEditable":true,"length":1,"canEmpty":false,"visible":true,"valueChanged":null,"index":null,"filterType":"switch","valueField":null,"isTransient":null,"values":null,"refColumnName":null,"defaultValue":null}],"primaryKey":["DOCUMENT_STATUS_CODE"],"dependency":[{"displayName":"Travel Disclosure","table_name":"COI_TRAVEL_DISCLOSURE","columnName":"TRAVEL_DISCLOSURE_STATUS_CODE"}],"actions":null}', 'COI', 'List of all Travel Disclosure Document Status', 'quickstart', now(), 'N');

INSERT INTO CODE_TABLE_CONFIGURATION (TABLE_NAME, DISPLAY_NAME, CONTENT, GROUP_NAME, DESCRIPTION, UPDATE_USER, UPDATE_TIMESTAMP, IS_LOG_ENABLED) VALUES ('COI_TRAVEL_REVIEW_STATUS', 'Travel Review Status', '{"group":"COI","codeTableName":"Travel Review Status","description":"List of all Travel Review Status","databaseTableName":"COI_TRAVEL_REVIEW_STATUS","fields":[{"columnName":"REVIEW_STATUS_CODE","displayName":"Review Status Code","dataType":"String","isEditable":true,"length":3,"canEmpty":false,"visible":true,"valueChanged":null,"index":null,"filterType":null,"valueField":null,"isTransient":null,"values":null,"refColumnName":null,"defaultValue":null},{"columnName":"DESCRIPTION","displayName":"Description","dataType":"String","isEditable":true,"length":200,"canEmpty":true,"visible":true,"valueChanged":null,"index":null,"filterType":null,"valueField":null,"isTransient":null,"values":null,"refColumnName":null,"defaultValue":null},{"columnName":"UPDATE_TIMESTAMP","displayName":"Update Timestamp","dataType":"Date","isEditable":false,"length":null,"canEmpty":false,"visible":true,"valueChanged":null,"index":null,"filterType":null,"valueField":null,"isTransient":null,"values":null,"refColumnName":null,"defaultValue":null},{"columnName":"UPDATE_USER","displayName":"Update User","dataType":"String","isEditable":false,"length":60,"canEmpty":false,"visible":true,"valueChanged":null,"index":null,"filterType":null,"valueField":null,"isTransient":null,"values":null,"refColumnName":"PERSON#USER_NAME","defaultValue":null},{"columnName":"IS_ACTIVE","displayName":"Active Flag","dataType":"String","isEditable":true,"length":1,"canEmpty":false,"visible":true,"valueChanged":null,"index":null,"filterType":"switch","valueField":null,"isTransient":null,"values":null,"refColumnName":null,"defaultValue":null}],"primaryKey":["REVIEW_STATUS_CODE"],"dependency":[{"displayName":"Travel Disclosure","table_name":"COI_TRAVEL_DISCLOSURE","columnName":"TRAVEL_DISCLOSURE_STATUS_CODE"}],"actions":null}', 'COI', 'List of all Travel Review Status', 'quickstart', now(), 'N');

INSERT INTO CODE_TABLE_CONFIGURATION (TABLE_NAME, DISPLAY_NAME, CONTENT, GROUP_NAME, DESCRIPTION, UPDATE_USER, UPDATE_TIMESTAMP, IS_LOG_ENABLED) VALUES ('COI_TRAVEL_STATUS', 'Travel Disclosure Status', '{"group":"COI","codeTableName":"Travel Disclosure Status","description":"List of all Travel Disclosure Status","databaseTableName":"COI_TRAVEL_STATUS","fields":[{"columnName":"TRAVEL_STATUS_CODE","displayName":"Travel Status Code","dataType":"String","isEditable":true,"length":3,"canEmpty":false,"visible":true,"valueChanged":null,"index":null,"filterType":null,"valueField":null,"isTransient":null,"values":null,"refColumnName":null,"defaultValue":null},{"columnName":"DESCRIPTION","displayName":"Description","dataType":"String","isEditable":true,"length":200,"canEmpty":true,"visible":true,"valueChanged":null,"index":null,"filterType":null,"valueField":null,"isTransient":null,"values":null,"refColumnName":null,"defaultValue":null},{"columnName":"UPDATE_TIMESTAMP","displayName":"Update Timestamp","dataType":"Date","isEditable":false,"length":null,"canEmpty":false,"visible":true,"valueChanged":null,"index":null,"filterType":null,"valueField":null,"isTransient":null,"values":null,"refColumnName":null,"defaultValue":null},{"columnName":"UPDATE_USER","displayName":"Update User","dataType":"String","isEditable":false,"length":60,"canEmpty":false,"visible":true,"valueChanged":null,"index":null,"filterType":null,"valueField":null,"isTransient":null,"values":null,"refColumnName":"PERSON#USER_NAME","defaultValue":null},{"columnName":"IS_ACTIVE","displayName":"Active Flag","dataType":"String","isEditable":true,"length":1,"canEmpty":false,"visible":true,"valueChanged":null,"index":null,"filterType":"switch","valueField":null,"isTransient":null,"values":null,"refColumnName":null,"defaultValue":null}],"primaryKey":["TRAVEL_STATUS_CODE"],"dependency":[{"displayName":"Travel Disclosure","table_name":"COI_TRAVEL_DISCLOSURE","columnName":"TRAVEL_DISCLOSURE_STATUS_CODE"}],"actions":null}', 'COI', 'List of all Travel Disclosure Status', 'quickstart', now(), 'N');

INSERT INTO CODE_TABLE_CONFIGURATION (TABLE_NAME, DISPLAY_NAME, CONTENT, GROUP_NAME, DESCRIPTION, UPDATE_USER, UPDATE_TIMESTAMP, IS_LOG_ENABLED) VALUES ('COI_TRAVELER', 'Traveler Type', '{"group":"COI","codeTableName":"Traveler Type","description":"List of all Traveler Type","databaseTableName":"COI_TRAVELER","fields":[{"columnName":"TRAVELER_TYPE_CODE","displayName":"Traveler Type Code Code","dataType":"String","isEditable":true,"length":3,"canEmpty":false,"visible":true,"valueChanged":null,"index":null,"filterType":null,"valueField":null,"isTransient":null,"values":null,"refColumnName":null,"defaultValue":null},{"columnName":"DESCRIPTION","displayName":"Description","dataType":"String","isEditable":true,"length":200,"canEmpty":true,"visible":true,"valueChanged":null,"index":null,"filterType":null,"valueField":null,"isTransient":null,"values":null,"refColumnName":null,"defaultValue":null},{"columnName":"UPDATE_TIMESTAMP","displayName":"Update Timestamp","dataType":"Date","isEditable":false,"length":null,"canEmpty":false,"visible":true,"valueChanged":null,"index":null,"filterType":null,"valueField":null,"isTransient":null,"values":null,"refColumnName":null,"defaultValue":null},{"columnName":"UPDATE_USER","displayName":"Update User","dataType":"String","isEditable":false,"length":60,"canEmpty":false,"visible":true,"valueChanged":null,"index":null,"filterType":null,"valueField":null,"isTransient":null,"values":null,"refColumnName":"PERSON#USER_NAME","defaultValue":null},{"columnName":"IS_ACTIVE","displayName":"Active Flag","dataType":"String","isEditable":true,"length":1,"canEmpty":false,"visible":true,"valueChanged":null,"index":null,"filterType":"switch","valueField":null,"isTransient":null,"values":null,"refColumnName":null,"defaultValue":null}],"primaryKey":["TRAVELER_TYPE_CODE"],"dependency":[{"displayName":"Travel Disclosure Traveler","table_name":"COI_TRAVEL_DISCLOSURE_TRAVELER","columnName":"TRAVELER_TYPE_CODE"}],"actions":null}', 'COI', 'List of all Traveler Type', 'quickstart', now(), 'N');

INSERT INTO CODE_TABLE_CONFIGURATION (TABLE_NAME, DISPLAY_NAME, CONTENT, GROUP_NAME, DESCRIPTION, UPDATE_USER, UPDATE_TIMESTAMP, IS_LOG_ENABLED) VALUES ('DISCL_ATTA_STATUS', 'Disclosure Attachment Status', '{"group":"COI","codeTableName":"Disclosure Attachment Status","description":"List of all Disclosure Attachment Status","databaseTableName":"DISCL_ATTA_STATUS","fields":[{"columnName":"ATTA_STATUS_CODE","displayName":"Attachment Status Code Code","dataType":"String","isEditable":true,"length":3,"canEmpty":false,"visible":true,"valueChanged":null,"index":null,"filterType":null,"valueField":null,"isTransient":null,"values":null,"refColumnName":null,"defaultValue":null},{"columnName":"DESCRIPTION","displayName":"Description","dataType":"String","isEditable":true,"length":200,"canEmpty":true,"visible":true,"valueChanged":null,"index":null,"filterType":null,"valueField":null,"isTransient":null,"values":null,"refColumnName":null,"defaultValue":null},{"columnName":"UPDATE_TIMESTAMP","displayName":"Update Timestamp","dataType":"Date","isEditable":false,"length":null,"canEmpty":false,"visible":true,"valueChanged":null,"index":null,"filterType":null,"valueField":null,"isTransient":null,"values":null,"refColumnName":null,"defaultValue":null},{"columnName":"UPDATE_USER","displayName":"Update User","dataType":"String","isEditable":false,"length":60,"canEmpty":false,"visible":true,"valueChanged":null,"index":null,"filterType":null,"valueField":null,"isTransient":null,"values":null,"refColumnName":"PERSON#USER_NAME","defaultValue":null},{"columnName":"IS_ACTIVE","displayName":"Active Flag","dataType":"String","isEditable":true,"length":1,"canEmpty":false,"visible":true,"valueChanged":null,"index":null,"filterType":"switch","valueField":null,"isTransient":null,"values":null,"refColumnName":null,"defaultValue":null}],"primaryKey":["ATTA_STATUS_CODE"],"dependency":[{"displayName":"Disclosure Attachment","table_name":"DISCL_ATTACHMENT","columnName":"ATTA_STATUS_CODE"}],"actions":null}', 'COI', 'List of all Disclosure Attachment Status', 'quickstart', now(), 'N');

INSERT INTO CODE_TABLE_CONFIGURATION (TABLE_NAME, DISPLAY_NAME, CONTENT, GROUP_NAME, DESCRIPTION, UPDATE_USER, UPDATE_TIMESTAMP, IS_LOG_ENABLED) VALUES ('DISCL_ATTA_TYPE', 'Disclosure Attachment Type', '{"group":"COI","codeTableName":"Disclosure Attachment Type","description":"List of all Disclosure Attachment Type","databaseTableName":"DISCL_ATTA_TYPE","fields":[{"columnName":"ATTA_TYPE_CODE","displayName":"Attachment Type Code","dataType":"String","isEditable":true,"length":3,"canEmpty":false,"visible":true,"valueChanged":null,"index":null,"filterType":null,"valueField":null,"isTransient":null,"values":null,"refColumnName":null,"defaultValue":null},{"columnName":"DESCRIPTION","displayName":"Description","dataType":"String","isEditable":true,"length":200,"canEmpty":true,"visible":true,"valueChanged":null,"index":null,"filterType":null,"valueField":null,"isTransient":null,"values":null,"refColumnName":null,"defaultValue":null},{"columnName":"UPDATE_TIMESTAMP","displayName":"Update Timestamp","dataType":"Date","isEditable":false,"length":null,"canEmpty":false,"visible":true,"valueChanged":null,"index":null,"filterType":null,"valueField":null,"isTransient":null,"values":null,"refColumnName":null,"defaultValue":null},{"columnName":"UPDATE_USER","displayName":"Update User","dataType":"String","isEditable":false,"length":60,"canEmpty":false,"visible":true,"valueChanged":null,"index":null,"filterType":null,"valueField":null,"isTransient":null,"values":null,"refColumnName":"PERSON#USER_NAME","defaultValue":null},{"columnName":"IS_ACTIVE","displayName":"Active Flag","dataType":"String","isEditable":true,"length":1,"canEmpty":false,"visible":true,"valueChanged":null,"index":null,"filterType":"switch","valueField":null,"isTransient":null,"values":null,"refColumnName":null,"defaultValue":null}],"primaryKey":["ATTA_TYPE_CODE"],"dependency":[{"displayName":"Disclosure Attachment","table_name":"DISCL_ATTACHMENT","columnName":"ATTA_STATUS_CODE"}],"actions":null}', 'COI', 'List of all Disclosure Attachment Type', 'quickstart', now(), 'N');

INSERT INTO CODE_TABLE_CONFIGURATION (TABLE_NAME, DISPLAY_NAME, CONTENT, GROUP_NAME, DESCRIPTION, UPDATE_USER, UPDATE_TIMESTAMP, IS_LOG_ENABLED) VALUES ('DISCLOSURE_ACTION_TYPE', 'COI Disclosure Action Log Type', '{"group":"COI","codeTableName":"COI Disclosure Action Log Type","description":"List of all COI Disclosure Action Log Type","databaseTableName":"DISCLOSURE_ACTION_TYPE","fields":[{"columnName":"ACTION_TYPE_CODE","displayName":"Action Type Code","dataType":"String","isEditable":true,"length":3,"canEmpty":false,"visible":true,"valueChanged":null,"index":null,"filterType":null,"valueField":null,"isTransient":null,"values":null,"refColumnName":null,"defaultValue":null},{"columnName":"DESCRIPTION","displayName":"Description","dataType":"String","isEditable":true,"length":200,"canEmpty":true,"visible":true,"valueChanged":null,"index":null,"filterType":null,"valueField":null,"isTransient":null,"values":null,"refColumnName":null,"defaultValue":null},{"columnName":"UPDATE_TIMESTAMP","displayName":"Update Timestamp","dataType":"Date","isEditable":false,"length":null,"canEmpty":false,"visible":true,"valueChanged":null,"index":null,"filterType":null,"valueField":null,"isTransient":null,"values":null,"refColumnName":null,"defaultValue":null},{"columnName":"UPDATE_USER","displayName":"Update User","dataType":"String","isEditable":false,"length":60,"canEmpty":false,"visible":true,"valueChanged":null,"index":null,"filterType":null,"valueField":null,"isTransient":null,"values":null,"refColumnName":"PERSON#USER_NAME","defaultValue":null},{"columnName":"MESSAGE","displayName":"Message","dataType":"String","isEditable":true,"length":200,"canEmpty":false,"visible":true,"valueChanged":null,"index":null,"filterType":null,"valueField":null,"isTransient":null,"values":null,"refColumnName":null,"defaultValue":null}],"primaryKey":["ACTION_TYPE_CODE"],"dependency":[{"displayName":"Disclosure Action Log","table_name":"DISCLOSURE_ACTION_LOG","columnName":"ACTION_TYPE_CODE"}],"actions":null}', 'COI', 'List of all COI Disclosure Action Log Type', 'quickstart', now(), 'N');

INSERT INTO CODE_TABLE_CONFIGURATION (TABLE_NAME, DISPLAY_NAME, CONTENT, GROUP_NAME, DESCRIPTION, UPDATE_USER, UPDATE_TIMESTAMP, IS_LOG_ENABLED) VALUES ('ENTITY_ACTION_TYPE', 'Entity Action Log Type', '{"group":"COI","codeTableName":"Entity Action Log Type","description":"List of all Entity Action Log Type","databaseTableName":"ENTITY_ACTION_TYPE","fields":[{"columnName":"ACTION_TYPE_CODE","displayName":"Action Type Code","dataType":"String","isEditable":true,"length":3,"canEmpty":false,"visible":true,"valueChanged":null,"index":null,"filterType":null,"valueField":null,"isTransient":null,"values":null,"refColumnName":null,"defaultValue":null},{"columnName":"DESCRIPTION","displayName":"Description","dataType":"String","isEditable":true,"length":200,"canEmpty":true,"visible":true,"valueChanged":null,"index":null,"filterType":null,"valueField":null,"isTransient":null,"values":null,"refColumnName":null,"defaultValue":null},{"columnName":"UPDATE_TIMESTAMP","displayName":"Update Timestamp","dataType":"Date","isEditable":false,"length":null,"canEmpty":false,"visible":true,"valueChanged":null,"index":null,"filterType":null,"valueField":null,"isTransient":null,"values":null,"refColumnName":null,"defaultValue":null},{"columnName":"UPDATE_USER","displayName":"Update User","dataType":"String","isEditable":false,"length":60,"canEmpty":false,"visible":true,"valueChanged":null,"index":null,"filterType":null,"valueField":null,"isTransient":null,"values":null,"refColumnName":"PERSON#USER_NAME","defaultValue":null},{"columnName":"MESSAGE","displayName":"Message","dataType":"String","isEditable":true,"length":200,"canEmpty":false,"visible":true,"valueChanged":null,"index":null,"filterType":null,"valueField":null,"isTransient":null,"values":null,"refColumnName":null,"defaultValue":null}],"primaryKey":["ACTION_TYPE_CODE"],"dependency":[{"displayName":"Entity Action Log","table_name":"ENTITY_ACTION_LOG","columnName":"ACTION_TYPE_CODE"}],"actions":null}', 'COI', 'List of all Entity Action Log Type', 'quickstart', now(), 'N');



INSERT INTO CODE_TABLE_CONFIGURATION (TABLE_NAME, DISPLAY_NAME, CONTENT, GROUP_NAME, DESCRIPTION, UPDATE_USER, UPDATE_TIMESTAMP, IS_LOG_ENABLED) VALUES ('ENTITY_RELATIONSHIP_TYPE', 'Entity Relationship Type', '{"group":"COI","codeTableName":"Entity Relationship Type","description":"List of all Entity Relationship Type","databaseTableName":"ENTITY_RELATIONSHIP_TYPE","fields":[{"columnName":"ENTITY_REL_TYPE_CODE","displayName":"Entity Relationship Type Code","dataType":"String","isEditable":true,"length":3,"canEmpty":false,"visible":true,"valueChanged":null,"index":null,"filterType":null,"valueField":null,"isTransient":null,"values":null,"refColumnName":null,"defaultValue":null},{"columnName":"DESCRIPTION","displayName":"Description","dataType":"String","isEditable":true,"length":200,"canEmpty":true,"visible":true,"valueChanged":null,"index":null,"filterType":null,"valueField":null,"isTransient":null,"values":null,"refColumnName":null,"defaultValue":null},{"columnName":"UPDATE_TIMESTAMP","displayName":"Update Timestamp","dataType":"Date","isEditable":false,"length":null,"canEmpty":false,"visible":true,"valueChanged":null,"index":null,"filterType":null,"valueField":null,"isTransient":null,"values":null,"refColumnName":null,"defaultValue":null},{"columnName":"UPDATE_USER","displayName":"Update User","dataType":"String","isEditable":false,"length":60,"canEmpty":false,"visible":true,"valueChanged":null,"index":null,"filterType":null,"valueField":null,"isTransient":null,"values":null,"refColumnName":"PERSON#USER_NAME","defaultValue":null},{"columnName":"IS_ACTIVE","displayName":"Active Flag","dataType":"String","isEditable":true,"length":1,"canEmpty":false,"visible":true,"valueChanged":null,"index":null,"filterType":"switch","valueField":null,"isTransient":null,"values":null,"refColumnName":null,"defaultValue":null}],"primaryKey":["ENTITY_REL_TYPE_CODE"],"dependency":[{"displayName":"Entity Relationship","table_name":"ENTITY_RELATIONSHIP","columnName":"ENTITY_REL_TYPE_CODE"}],"actions":null}', 'COI', 'List of all Entity Relationship Type', 'quickstart', now(), 'N');


INSERT INTO CODE_TABLE_CONFIGURATION (TABLE_NAME, DISPLAY_NAME, CONTENT, GROUP_NAME, DESCRIPTION, UPDATE_USER, UPDATE_TIMESTAMP, IS_LOG_ENABLED) VALUES ('ENTITY_REL_NODE_TYPE', 'Entity Relationship Node Type', '{"group":"COI","codeTableName":"Entity Relationship Node Type","description":"List of all Entity Relationship Node Type","databaseTableName":"ENTITY_REL_NODE_TYPE","fields":[{"columnName":"REL_NODE_TYPE_CODE","displayName":"Relationship Node Type Code","dataType":"String","isEditable":true,"length":3,"canEmpty":false,"visible":true,"valueChanged":null,"index":null,"filterType":null,"valueField":null,"isTransient":null,"values":null,"refColumnName":null,"defaultValue":null},{"columnName":"DESCRIPTION","displayName":"Description","dataType":"String","isEditable":true,"length":200,"canEmpty":true,"visible":true,"valueChanged":null,"index":null,"filterType":null,"valueField":null,"isTransient":null,"values":null,"refColumnName":null,"defaultValue":null},{"columnName":"UPDATE_TIMESTAMP","displayName":"Update Timestamp","dataType":"Date","isEditable":false,"length":null,"canEmpty":false,"visible":true,"valueChanged":null,"index":null,"filterType":null,"valueField":null,"isTransient":null,"values":null,"refColumnName":null,"defaultValue":null},{"columnName":"UPDATE_USER","displayName":"Update User","dataType":"String","isEditable":false,"length":60,"canEmpty":false,"visible":true,"valueChanged":null,"index":null,"filterType":null,"valueField":null,"isTransient":null,"values":null,"refColumnName":"PERSON#USER_NAME","defaultValue":null},{"columnName":"IS_ACTIVE","displayName":"Active Flag","dataType":"String","isEditable":true,"length":1,"canEmpty":false,"visible":true,"valueChanged":null,"index":null,"filterType":"switch","valueField":null,"isTransient":null,"values":null,"refColumnName":null,"defaultValue":null}],"primaryKey":["REL_NODE_TYPE_CODE"],"dependency":[{"displayName":"Entity Relationship","table_name":"ENTITY_RELATIONSHIP","columnName":"ENTITY_REL_TYPE_CODE"}],"actions":null}', 'COI', 'List of all Entity Relationship Node Type', 'quickstart', now(), 'N');


INSERT INTO CODE_TABLE_CONFIGURATION (TABLE_NAME, DISPLAY_NAME, CONTENT, GROUP_NAME, DESCRIPTION, UPDATE_USER, UPDATE_TIMESTAMP, IS_LOG_ENABLED) VALUES ('ENTITY_RISK_CATEGORY', 'Entity Risk Category Type', '{"group":"COI","codeTableName":"Entity Risk Category Type","description":"List of all Entity Risk Category Type","databaseTableName":"ENTITY_RISK_CATEGORY","fields":[{"columnName":"RISK_CATEGORY_CODE","displayName":"Risk Category Code","dataType":"String","isEditable":true,"length":3,"canEmpty":false,"visible":true,"valueChanged":null,"index":null,"filterType":null,"valueField":null,"isTransient":null,"values":null,"refColumnName":null,"defaultValue":null},{"columnName":"DESCRIPTION","displayName":"Description","dataType":"String","isEditable":true,"length":200,"canEmpty":true,"visible":true,"valueChanged":null,"index":null,"filterType":null,"valueField":null,"isTransient":null,"values":null,"refColumnName":null,"defaultValue":null},{"columnName":"UPDATE_TIMESTAMP","displayName":"Update Timestamp","dataType":"Date","isEditable":false,"length":null,"canEmpty":false,"visible":true,"valueChanged":null,"index":null,"filterType":null,"valueField":null,"isTransient":null,"values":null,"refColumnName":null,"defaultValue":null},{"columnName":"UPDATE_USER","displayName":"Update User","dataType":"String","isEditable":false,"length":60,"canEmpty":false,"visible":true,"valueChanged":null,"index":null,"filterType":null,"valueField":null,"isTransient":null,"values":null,"refColumnName":"PERSON#USER_NAME","defaultValue":null},{"columnName":"IS_ACTIVE","displayName":"Active Flag","dataType":"String","isEditable":true,"length":1,"canEmpty":false,"visible":true,"valueChanged":null,"index":null,"filterType":"switch","valueField":null,"isTransient":null,"values":null,"refColumnName":null,"defaultValue":null}],"primaryKey":["RISK_CATEGORY_CODE"],"dependency":[{"displayName":"Entity","table_name":"ENTITY","columnName":"RISK_CATEGORY_CODE"}],"actions":null}', 'COI', 'List of all Entity Risk Category Type', 'quickstart', now(), 'N');


INSERT INTO CODE_TABLE_CONFIGURATION (TABLE_NAME, DISPLAY_NAME, CONTENT, GROUP_NAME, DESCRIPTION, UPDATE_USER, UPDATE_TIMESTAMP, IS_LOG_ENABLED) VALUES ('ENTITY_STATUS', 'Entity Status', '{"group":"COI","codeTableName":"Entity Status","description":"List of all Entity Status","databaseTableName":"ENTITY_STATUS","fields":[{"columnName":"ENTITY_STATUS_CODE","displayName":"Entity Status Code","dataType":"String","isEditable":true,"length":3,"canEmpty":false,"visible":true,"valueChanged":null,"index":null,"filterType":null,"valueField":null,"isTransient":null,"values":null,"refColumnName":null,"defaultValue":null},{"columnName":"DESCRIPTION","displayName":"Description","dataType":"String","isEditable":true,"length":200,"canEmpty":true,"visible":true,"valueChanged":null,"index":null,"filterType":null,"valueField":null,"isTransient":null,"values":null,"refColumnName":null,"defaultValue":null},{"columnName":"UPDATE_TIMESTAMP","displayName":"Update Timestamp","dataType":"Date","isEditable":false,"length":null,"canEmpty":false,"visible":true,"valueChanged":null,"index":null,"filterType":null,"valueField":null,"isTransient":null,"values":null,"refColumnName":null,"defaultValue":null},{"columnName":"UPDATE_USER","displayName":"Update User","dataType":"String","isEditable":false,"length":60,"canEmpty":false,"visible":true,"valueChanged":null,"index":null,"filterType":null,"valueField":null,"isTransient":null,"values":null,"refColumnName":"PERSON#USER_NAME","defaultValue":null},{"columnName":"IS_ACTIVE","displayName":"Active Flag","dataType":"String","isEditable":true,"length":1,"canEmpty":false,"visible":true,"valueChanged":null,"index":null,"filterType":"switch","valueField":null,"isTransient":null,"values":null,"refColumnName":null,"defaultValue":null}],"primaryKey":["ENTITY_STATUS_CODE"],"dependency":[{"displayName":"Entity","table_name":"ENTITY","columnName":"ENTITY_STATUS_CODE"}],"actions":null}', 'COI', 'List of all Entity Status', 'quickstart', now(), 'N');


INSERT INTO CODE_TABLE_CONFIGURATION (TABLE_NAME, DISPLAY_NAME, CONTENT, GROUP_NAME, DESCRIPTION, UPDATE_USER, UPDATE_TIMESTAMP, IS_LOG_ENABLED) VALUES ('ENTITY_TYPE', 'Entity Type', '{"group":"COI","codeTableName":"Entity Type","description":"List of all Entity Type","databaseTableName":"ENTITY_TYPE","fields":[{"columnName":"ENTITY_TYPE_CODE","displayName":"Entity Type Code","dataType":"String","isEditable":true,"length":3,"canEmpty":false,"visible":true,"valueChanged":null,"index":null,"filterType":null,"valueField":null,"isTransient":null,"values":null,"refColumnName":null,"defaultValue":null},{"columnName":"DESCRIPTION","displayName":"Description","dataType":"String","isEditable":true,"length":200,"canEmpty":true,"visible":true,"valueChanged":null,"index":null,"filterType":null,"valueField":null,"isTransient":null,"values":null,"refColumnName":null,"defaultValue":null},{"columnName":"UPDATE_TIMESTAMP","displayName":"Update Timestamp","dataType":"Date","isEditable":false,"length":null,"canEmpty":false,"visible":true,"valueChanged":null,"index":null,"filterType":null,"valueField":null,"isTransient":null,"values":null,"refColumnName":null,"defaultValue":null},{"columnName":"UPDATE_USER","displayName":"Update User","dataType":"String","isEditable":false,"length":60,"canEmpty":false,"visible":true,"valueChanged":null,"index":null,"filterType":null,"valueField":null,"isTransient":null,"values":null,"refColumnName":"PERSON#USER_NAME","defaultValue":null},{"columnName":"IS_ACTIVE","displayName":"Active Flag","dataType":"String","isEditable":true,"length":1,"canEmpty":false,"visible":true,"valueChanged":null,"index":null,"filterType":"switch","valueField":null,"isTransient":null,"values":null,"refColumnName":null,"defaultValue":null}],"primaryKey":["ENTITY_TYPE_CODE"],"dependency":[{"displayName":"Entity","table_name":"ENTITY","columnName":"ENTITY_TYPE_CODE"}],"actions":null}', 'COI', 'List of all Entity Type', 'quickstart', now(), 'N');


INSERT INTO CODE_TABLE_CONFIGURATION (TABLE_NAME, DISPLAY_NAME, CONTENT, GROUP_NAME, DESCRIPTION, UPDATE_USER, UPDATE_TIMESTAMP, IS_LOG_ENABLED) VALUES ('PERSON_ENTITY_ACTION_TYPE', 'Person Entity Action Log Type', '{"group":"COI","codeTableName":"Person Entity Action Log Type","description":"List of all Person Entity Action Log Type","databaseTableName":"PERSON_ENTITY_ACTION_TYPE","fields":[{"columnName":"ACTION_TYPE_CODE","displayName":"Action Type Code","dataType":"String","isEditable":true,"length":3,"canEmpty":false,"visible":true,"valueChanged":null,"index":null,"filterType":null,"valueField":null,"isTransient":null,"values":null,"refColumnName":null,"defaultValue":null},{"columnName":"DESCRIPTION","displayName":"Description","dataType":"String","isEditable":true,"length":200,"canEmpty":true,"visible":true,"valueChanged":null,"index":null,"filterType":null,"valueField":null,"isTransient":null,"values":null,"refColumnName":null,"defaultValue":null},{"columnName":"UPDATE_TIMESTAMP","displayName":"Update Timestamp","dataType":"Date","isEditable":false,"length":null,"canEmpty":false,"visible":true,"valueChanged":null,"index":null,"filterType":null,"valueField":null,"isTransient":null,"values":null,"refColumnName":null,"defaultValue":null},{"columnName":"UPDATE_USER","displayName":"Update User","dataType":"String","isEditable":false,"length":60,"canEmpty":false,"visible":true,"valueChanged":null,"index":null,"filterType":null,"valueField":null,"isTransient":null,"values":null,"refColumnName":"PERSON#USER_NAME","defaultValue":null},{"columnName":"MESSAGE","displayName":"Message","dataType":"String","isEditable":true,"length":200,"canEmpty":false,"visible":true,"valueChanged":null,"index":null,"filterType":null,"valueField":null,"isTransient":null,"values":null,"refColumnName":null,"defaultValue":null}],"primaryKey":["ACTION_TYPE_CODE"],"dependency":[{"displayName":"Person Entity Action Log","table_name":"PERSON_ENTITY_ACTION_LOG","columnName":"ACTION_TYPE_CODE"}],"actions":null}', 'COI', 'List of all Person Entity Action Log Type', 'quickstart', now(), 'N');


INSERT INTO CODE_TABLE_CONFIGURATION (TABLE_NAME, DISPLAY_NAME, CONTENT, GROUP_NAME, DESCRIPTION, UPDATE_USER, UPDATE_TIMESTAMP, IS_LOG_ENABLED) VALUES ('PERSON_ENTITY_REL_TYPE', 'Person Entity Relation Type', '{"group":"COI","codeTableName":"Person Entity Relation Type","description":"List of all Person Entity Relation Type","databaseTableName":"PERSON_ENTITY_REL_TYPE","fields":[{"columnName":"RELATIONSHIP_TYPE_CODE","displayName":"Relationship Type Code","dataType":"String","isEditable":true,"length":3,"canEmpty":false,"visible":true,"valueChanged":null,"index":null,"filterType":null,"valueField":null,"isTransient":null,"values":null,"refColumnName":null,"defaultValue":null},{"columnName":"DESCRIPTION","displayName":"Description","dataType":"String","isEditable":true,"length":200,"canEmpty":true,"visible":true,"valueChanged":null,"index":null,"filterType":null,"valueField":null,"isTransient":null,"values":null,"refColumnName":null,"defaultValue":null},{"columnName":"UPDATE_TIMESTAMP","displayName":"Update Timestamp","dataType":"Date","isEditable":false,"length":null,"canEmpty":false,"visible":true,"valueChanged":null,"index":null,"filterType":null,"valueField":null,"isTransient":null,"values":null,"refColumnName":null,"defaultValue":null},{"columnName":"UPDATE_USER","displayName":"Update User","dataType":"String","isEditable":false,"length":60,"canEmpty":false,"visible":true,"valueChanged":null,"index":null,"filterType":null,"valueField":null,"isTransient":null,"values":null,"refColumnName":"PERSON#USER_NAME","defaultValue":null},{"columnName":"IS_ACTIVE","displayName":"Active Flag","dataType":"String","isEditable":true,"length":1,"canEmpty":false,"visible":true,"valueChanged":null,"index":null,"filterType":"switch","valueField":null,"isTransient":null,"values":null,"refColumnName":null,"defaultValue":null}],"primaryKey":["RELATIONSHIP_TYPE_CODE"],"dependency":[{"displayName":"Valid Person Entity Relationship Type","table_name":"VALID_PERSON_ENTITY_REL_TYPE","columnName":"RELATIONSHIP_TYPE_CODE"}],"actions":null}', 'COI', 'List of all Person Entity Relation Type', 'quickstart', now(), 'N');



INSERT INTO CODE_TABLE_CONFIGURATION (TABLE_NAME, DISPLAY_NAME, CONTENT, GROUP_NAME, DESCRIPTION, UPDATE_USER, UPDATE_TIMESTAMP, IS_LOG_ENABLED) VALUES ('VALID_PERSON_ENTITY_REL_TYPE', 'Valid Person Entity Relationship Type', '{"group":"COI","codeTableName":"Valid Person Entity Relationship Type","description":"List of all Valid Person Entity Relationship Tpes","databaseTableName":"VALID_PERSON_ENTITY_REL_TYPE","fields":[{"columnName":"VALID_PERS_ENTITY_REL_TYP_CODE","displayName":"Valid Person Entity Relationship Code","dataType":"INTEGER","isEditable":true,"length":3,"canEmpty":false,"visible":true,"valueChanged":null,"index":null,"filterType":null,"valueField":null,"isTransient":null,"values":null,"refColumnName":null,"defaultValue":null},{"columnName":"DISCLOSURE_TYPE_CODE","displayName":"Disclosure Type Code","dataType":"String","isEditable":true,"length":3,"canEmpty":false,"visible":true,"valueChanged":null,"index":null,"filterType":"lookUp","valueField":"COI_DISCLOSURE_TYPE#DISCLOSURE_TYPE_CODE","isTransient":null,"values":null,"refColumnName":null,"defaultValue":"DESCRIPTION_DISCLOSURE_TYPE_CODE"},{"columnName":"RELATIONSHIP_TYPE_CODE","displayName":"Relationship Type Code","dataType":"String","isEditable":true,"length":3,"canEmpty":true,"visible":true,"valueChanged":null,"index":null,"filterType":"lookUp","valueField":"PERSON_ENTITY_REL_TYPE#RELATIONSHIP_TYPE_CODE","isTransient":null,"values":null,"refColumnName":null,"defaultValue":"DESCRIPTION_RELATIONSHIP_TYPE_CODE"},{"columnName":"DESCRIPTION","displayName":"Description","dataType":"String","isEditable":true,"length":200,"canEmpty":true,"visible":true,"valueChanged":null,"index":null,"filterType":null,"valueField":null,"isTransient":null,"values":null,"refColumnName":null,"defaultValue":null},{"columnName":"UPDATE_TIMESTAMP","displayName":"Update Timestamp","dataType":"Date","isEditable":false,"length":null,"canEmpty":false,"visible":true,"valueChanged":null,"index":null,"filterType":null,"valueField":null,"isTransient":null,"values":null,"refColumnName":null,"defaultValue":null},{"columnName":"UPDATE_USER","displayName":"Update User","dataType":"String","isEditable":false,"length":60,"canEmpty":false,"visible":true,"valueChanged":null,"index":null,"filterType":null,"valueField":null,"isTransient":null,"values":null,"refColumnName":"PERSON#USER_NAME","defaultValue":null},{"columnName":"IS_ACTIVE","displayName":"Active Flag","dataType":"String","isEditable":true,"length":1,"canEmpty":false,"visible":true,"valueChanged":null,"index":null,"filterType":"switch","valueField":null,"isTransient":null,"values":null,"refColumnName":null,"defaultValue":null}],"primaryKey":["VALID_PERS_ENTITY_REL_TYP_CODE"],"dependency":[{"displayName":"Person Entity Relationship","table_name":"PERSON_ENTITY_RELATIONSHIP","columnName":"VALID_PERS_ENTITY_REL_TYP_CODE"}],"actions":null}', 'COI', 'List of all Valid Person Entity Relationship Type', 'quickstart', now(), 'N');


INSERT INTO CODE_TABLE_CONFIGURATION (TABLE_NAME, DISPLAY_NAME, CONTENT, GROUP_NAME, DESCRIPTION, UPDATE_USER, UPDATE_TIMESTAMP, IS_LOG_ENABLED) VALUES ('OPA_ACTION_LOG_TYPE', 'OPA Disclosure Action Log Type', '{"group":"COI","codeTableName":"OPA Disclosure Action Log Type","description":"List of all OPA Disclosure Action Log Type","databaseTableName":"OPA_ACTION_LOG_TYPE","fields":[{"columnName":"ACTION_TYPE_CODE","displayName":"Action Type Code","dataType":"String","isEditable":true,"length":3,"canEmpty":false,"visible":true,"valueChanged":null,"index":null,"filterType":null,"valueField":null,"isTransient":null,"values":null,"refColumnName":null,"defaultValue":null},{"columnName":"DESCRIPTION","displayName":"Description","dataType":"String","isEditable":true,"length":200,"canEmpty":true,"visible":true,"valueChanged":null,"index":null,"filterType":null,"valueField":null,"isTransient":null,"values":null,"refColumnName":null,"defaultValue":null},{"columnName":"UPDATE_TIMESTAMP","displayName":"Update Timestamp","dataType":"Date","isEditable":false,"length":null,"canEmpty":false,"visible":true,"valueChanged":null,"index":null,"filterType":null,"valueField":null,"isTransient":null,"values":null,"refColumnName":null,"defaultValue":null},{"columnName":"UPDATE_USER","displayName":"Update User","dataType":"String","isEditable":false,"length":60,"canEmpty":false,"visible":true,"valueChanged":null,"index":null,"filterType":null,"valueField":null,"isTransient":null,"values":null,"refColumnName":"PERSON#USER_NAME","defaultValue":null},{"columnName":"MESSAGE","displayName":"Message","dataType":"String","isEditable":true,"length":200,"canEmpty":false,"visible":true,"valueChanged":null,"index":null,"filterType":null,"valueField":null,"isTransient":null,"values":null,"refColumnName":null,"defaultValue":null}],"primaryKey":["ACTION_TYPE_CODE"],"dependency":[{"displayName":"OPA Disclosure Action Log","table_name":"OPA_ACTION_LOG","columnName":"ACTION_TYPE_CODE"}],"actions":null}', 'COI', 'List of all OPA Disclosure Action Log Type', 'quickstart', now(), 'N');

INSERT INTO CODE_TABLE_CONFIGURATION (TABLE_NAME, DISPLAY_NAME, CONTENT, GROUP_NAME, DESCRIPTION, UPDATE_USER, UPDATE_TIMESTAMP, IS_LOG_ENABLED) VALUES ('OPA_DISPOSITION_STATUS_TYPE', 'OPA Disposition Status', '{"group":"COI","codeTableName":"OPA Disposition Status","description":"List of all OPA Disposition Status","databaseTableName":"OPA_DISPOSITION_STATUS_TYPE","fields":[{"columnName":"DISPOSITION_STATUS_CODE","displayName":"Disposition Type Code","dataType":"String","isEditable":true,"length":3,"canEmpty":false,"visible":true,"valueChanged":null,"index":null,"filterType":null,"valueField":null,"isTransient":null,"values":null,"refColumnName":null,"defaultValue":null},{"columnName":"DESCRIPTION","displayName":"Description","dataType":"String","isEditable":true,"length":200,"canEmpty":true,"visible":true,"valueChanged":null,"index":null,"filterType":null,"valueField":null,"isTransient":null,"values":null,"refColumnName":null,"defaultValue":null},{"columnName":"UPDATE_TIMESTAMP","displayName":"Update Timestamp","dataType":"Date","isEditable":false,"length":null,"canEmpty":false,"visible":true,"valueChanged":null,"index":null,"filterType":null,"valueField":null,"isTransient":null,"values":null,"refColumnName":null,"defaultValue":null},{"columnName":"UPDATE_USER","displayName":"Update User","dataType":"String","isEditable":false,"length":60,"canEmpty":false,"visible":true,"valueChanged":null,"index":null,"filterType":null,"valueField":null,"isTransient":null,"values":null,"refColumnName":"PERSON#USER_NAME","defaultValue":null},{"columnName":"IS_ACTIVE","displayName":"Active Flag","dataType":"String","isEditable":true,"length":1,"canEmpty":false,"visible":true,"valueChanged":null,"index":null,"filterType":"switch","valueField":null,"isTransient":null,"values":null,"refColumnName":null,"defaultValue":null},{"columnName":"SORT_ORDER","displayName":"Sort Order","dataType":"INTEGER","isEditable":true,"length":3,"canEmpty":false,"visible":true,"valueChanged":null,"index":null,"filterType":null,"valueField":null,"isTransient":null,"values":null,"refColumnName":null,"defaultValue":0}],"primaryKey":["DISPOSITION_STATUS_CODE"],"dependency":[{"displayName":"OPA Disclosure","table_name":"OPA_DISCLOSURE","columnName":"DISPOSITION_STATUS_CODE"}],"actions":null}', 'COI', 'List of all OPA Disposition Status', 'quickstart', now(), 'N');


INSERT INTO CODE_TABLE_CONFIGURATION (TABLE_NAME, DISPLAY_NAME, CONTENT, GROUP_NAME, DESCRIPTION, UPDATE_USER, UPDATE_TIMESTAMP, IS_LOG_ENABLED) VALUES ('OPA_PERSON_TYPE', 'OPA Person Type', '{"group":"COI","codeTableName":"OPA Person Type","description":"List of all OPA Person Type","databaseTableName":"OPA_PERSON_TYPE","fields":[{"columnName":"OPA_PERSON_TYPE_CODE","displayName":"OPA Person Type Code","dataType":"String","isEditable":true,"length":3,"canEmpty":false,"visible":true,"valueChanged":null,"index":null,"filterType":null,"valueField":null,"isTransient":null,"values":null,"refColumnName":null,"defaultValue":null},{"columnName":"DESCRIPTION","displayName":"Description","dataType":"String","isEditable":true,"length":200,"canEmpty":true,"visible":true,"valueChanged":null,"index":null,"filterType":null,"valueField":null,"isTransient":null,"values":null,"refColumnName":null,"defaultValue":null},{"columnName":"UPDATE_TIMESTAMP","displayName":"Update Timestamp","dataType":"Date","isEditable":false,"length":null,"canEmpty":false,"visible":true,"valueChanged":null,"index":null,"filterType":null,"valueField":null,"isTransient":null,"values":null,"refColumnName":null,"defaultValue":null},{"columnName":"UPDATE_USER","displayName":"Update User","dataType":"String","isEditable":false,"length":60,"canEmpty":false,"visible":true,"valueChanged":null,"index":null,"filterType":null,"valueField":null,"isTransient":null,"values":null,"refColumnName":"PERSON#USER_NAME","defaultValue":null},{"columnName":"IS_ACTIVE","displayName":"Active Flag","dataType":"String","isEditable":true,"length":1,"canEmpty":false,"visible":true,"valueChanged":null,"index":null,"filterType":"switch","valueField":null,"isTransient":null,"values":null,"refColumnName":null,"defaultValue":null}],"primaryKey":["OPA_PERSON_TYPE_CODE"],"dependency": null,"actions":null}', 'COI', 'List of all OPA Person Type', 'quickstart', now(), 'N');


INSERT INTO CODE_TABLE_CONFIGURATION (TABLE_NAME, DISPLAY_NAME, CONTENT, GROUP_NAME, DESCRIPTION, UPDATE_USER, UPDATE_TIMESTAMP, IS_LOG_ENABLED) VALUES ('OPA_REVIEW_LOCATION_TYPE', 'OPA Disclosure Review Location Type', '{"group":"COI","codeTableName":"OPA Disclosure Review Location Type","description":"List of all OPA Disclosure Review Location Type","databaseTableName":"OPA_REVIEW_LOCATION_TYPE","fields":[{"columnName":"LOCATION_TYPE_CODE","displayName":"Review Status Code","dataType":"String","isEditable":true,"length":3,"canEmpty":false,"visible":true,"valueChanged":null,"index":null,"filterType":null,"valueField":null,"isTransient":null,"values":null,"refColumnName":null,"defaultValue":null},{"columnName":"DESCRIPTION","displayName":"Description","dataType":"String","isEditable":true,"length":200,"canEmpty":true,"visible":true,"valueChanged":null,"index":null,"filterType":null,"valueField":null,"isTransient":null,"values":null,"refColumnName":null,"defaultValue":null},{"columnName":"UPDATE_TIMESTAMP","displayName":"Update Timestamp","dataType":"Date","isEditable":false,"length":null,"canEmpty":false,"visible":true,"valueChanged":null,"index":null,"filterType":null,"valueField":null,"isTransient":null,"values":null,"refColumnName":null,"defaultValue":null},{"columnName":"UPDATE_USER","displayName":"Update User","dataType":"String","isEditable":false,"length":60,"canEmpty":false,"visible":true,"valueChanged":null,"index":null,"filterType":null,"valueField":null,"isTransient":null,"values":null,"refColumnName":"PERSON#USER_NAME","defaultValue":null},{"columnName":"IS_ACTIVE","displayName":"Active Flag","dataType":"String","isEditable":true,"length":1,"canEmpty":false,"visible":true,"valueChanged":null,"index":null,"filterType":"switch","valueField":null,"isTransient":null,"values":null,"refColumnName":null,"defaultValue":null}],"primaryKey":["LOCATION_TYPE_CODE"],"dependency":[{"displayName":"OPA Disclosure Review","table_name":"OPA_REVIEW","columnName":"REVIEW_STATUS_TYPE_CODE"}],"actions":null}', 'COI', 'List of all OPA Disclosure Review Location Type', 'quickstart', now(), 'N');


INSERT INTO CODE_TABLE_CONFIGURATION (TABLE_NAME, DISPLAY_NAME, CONTENT, GROUP_NAME, DESCRIPTION, UPDATE_USER, UPDATE_TIMESTAMP, IS_LOG_ENABLED) VALUES ('OPA_REVIEW_REVIEWER_STATUS_TYPE', 'OPA Disclosure Review Reviewer Status', '{"group":"COI","codeTableName":"OPA Disclosure Review Reviewer Status","description":"List of all OPA Disclosure Review Reviewer Status","databaseTableName":"OPA_REVIEW_REVIEWER_STATUS_TYPE","fields":[{"columnName":"REVIEW_STATUS_CODE","displayName":"Review Status Code","dataType":"String","isEditable":true,"length":3,"canEmpty":false,"visible":true,"valueChanged":null,"index":null,"filterType":null,"valueField":null,"isTransient":null,"values":null,"refColumnName":null,"defaultValue":null},{"columnName":"DESCRIPTION","displayName":"Description","dataType":"String","isEditable":true,"length":200,"canEmpty":true,"visible":true,"valueChanged":null,"index":null,"filterType":null,"valueField":null,"isTransient":null,"values":null,"refColumnName":null,"defaultValue":null},{"columnName":"UPDATE_TIMESTAMP","displayName":"Update Timestamp","dataType":"Date","isEditable":false,"length":null,"canEmpty":false,"visible":true,"valueChanged":null,"index":null,"filterType":null,"valueField":null,"isTransient":null,"values":null,"refColumnName":null,"defaultValue":null},{"columnName":"UPDATE_USER","displayName":"Update User","dataType":"String","isEditable":false,"length":60,"canEmpty":false,"visible":true,"valueChanged":null,"index":null,"filterType":null,"valueField":null,"isTransient":null,"values":null,"refColumnName":"PERSON#USER_NAME","defaultValue":null},{"columnName":"IS_ACTIVE","displayName":"Active Flag","dataType":"String","isEditable":true,"length":1,"canEmpty":false,"visible":true,"valueChanged":null,"index":null,"filterType":"switch","valueField":null,"isTransient":null,"values":null,"refColumnName":null,"defaultValue":null},{"columnName":"SORT_ORDER","displayName":"Sort Order","dataType":"INTEGER","isEditable":true,"length":3,"canEmpty":false,"visible":true,"valueChanged":null,"index":null,"filterType":null,"valueField":null,"isTransient":null,"values":null,"refColumnName":null,"defaultValue":0}],"primaryKey":["REVIEW_STATUS_CODE"],"dependency":[{"displayName":"OPA Disclosure Review","table_name":"OPA_REVIEW","columnName":"REVIEW_STATUS_TYPE_CODE"}],"actions":null}', 'COI', 'List of all OPA Disclosure Review Reviewer Status', 'quickstart', now(), 'N');

INSERT INTO CODE_TABLE_CONFIGURATION (TABLE_NAME, DISPLAY_NAME, CONTENT, GROUP_NAME, DESCRIPTION, UPDATE_USER, UPDATE_TIMESTAMP, IS_LOG_ENABLED) VALUES ('OPA_REVIEW_STATUS_TYPE', 'OPA Disclosure Review Status', '{"group":"COI","codeTableName":"OPA Disclosure Review Reviewer Status","description":"List of all OPA Disclosure Review Status","databaseTableName":"OPA_REVIEW_STATUS_TYPE","fields":[{"columnName":"REVIEW_STATUS_CODE","displayName":"Review Status Code","dataType":"String","isEditable":true,"length":3,"canEmpty":false,"visible":true,"valueChanged":null,"index":null,"filterType":null,"valueField":null,"isTransient":null,"values":null,"refColumnName":null,"defaultValue":null},{"columnName":"DESCRIPTION","displayName":"Description","dataType":"String","isEditable":true,"length":200,"canEmpty":true,"visible":true,"valueChanged":null,"index":null,"filterType":null,"valueField":null,"isTransient":null,"values":null,"refColumnName":null,"defaultValue":null},{"columnName":"UPDATE_TIMESTAMP","displayName":"Update Timestamp","dataType":"Date","isEditable":false,"length":null,"canEmpty":false,"visible":true,"valueChanged":null,"index":null,"filterType":null,"valueField":null,"isTransient":null,"values":null,"refColumnName":null,"defaultValue":null},{"columnName":"UPDATE_USER","displayName":"Update User","dataType":"String","isEditable":false,"length":60,"canEmpty":false,"visible":true,"valueChanged":null,"index":null,"filterType":null,"valueField":null,"isTransient":null,"values":null,"refColumnName":"PERSON#USER_NAME","defaultValue":null},{"columnName":"IS_ACTIVE","displayName":"Active Flag","dataType":"String","isEditable":true,"length":1,"canEmpty":false,"visible":true,"valueChanged":null,"index":null,"filterType":"switch","valueField":null,"isTransient":null,"values":null,"refColumnName":null,"defaultValue":null},{"columnName":"SORT_ORDER","displayName":"Sort Order","dataType":"INTEGER","isEditable":true,"length":3,"canEmpty":false,"visible":true,"valueChanged":null,"index":null,"filterType":null,"valueField":null,"isTransient":null,"values":null,"refColumnName":null,"defaultValue":0}],"primaryKey":["REVIEW_STATUS_CODE"],"dependency":[{"displayName":"OPA Disclosure","table_name":"OPA_DISCLOSURE","columnName":"REVIEW_STATUS_CODE"}],"actions":null}', 'COI', 'List of all OPA Disclosure Review Status', 'quickstart', now(), 'N');


INSERT INTO CODE_TABLE_CONFIGURATION (TABLE_NAME, DISPLAY_NAME, CONTENT, GROUP_NAME, DESCRIPTION, UPDATE_USER, UPDATE_TIMESTAMP, IS_LOG_ENABLED) VALUES ('DISCL_COMMENT_TYPE', 'Disclosure Comment Type', '{"group":"COI","codeTableName":"Disclosure Comment Type","description":"List of all Disclosure Comment Type","databaseTableName":"DISCL_COMMENT_TYPE","fields":[{"columnName":"COMMENT_TYPE_CODE","displayName":"Comment TYpe Code","dataType":"String","isEditable":true,"length":3,"canEmpty":false,"visible":true,"valueChanged":null,"index":null,"filterType":null,"valueField":null,"isTransient":null,"values":null,"refColumnName":null,"defaultValue":null},{"columnName":"DESCRIPTION","displayName":"Description","dataType":"String","isEditable":true,"length":200,"canEmpty":true,"visible":true,"valueChanged":null,"index":null,"filterType":null,"valueField":null,"isTransient":null,"values":null,"refColumnName":null,"defaultValue":null},{"columnName":"UPDATE_TIMESTAMP","displayName":"Update Timestamp","dataType":"Date","isEditable":false,"length":null,"canEmpty":false,"visible":true,"valueChanged":null,"index":null,"filterType":null,"valueField":null,"isTransient":null,"values":null,"refColumnName":null,"defaultValue":null},{"columnName":"UPDATE_USER","displayName":"Update User","dataType":"String","isEditable":false,"length":60,"canEmpty":false,"visible":true,"valueChanged":null,"index":null,"filterType":null,"valueField":null,"isTransient":null,"values":null,"refColumnName":"PERSON#USER_NAME","defaultValue":null},{"columnName":"IS_ACTIVE","displayName":"Active Flag","dataType":"String","isEditable":true,"length":1,"canEmpty":false,"visible":true,"valueChanged":null,"index":null,"filterType":"switch","valueField":null,"isTransient":null,"values":null,"refColumnName":null,"defaultValue":null}],"primaryKey":["COMMENT_TYPE_CODE"],"dependency":[{"displayName":"Disclosure Comment","table_name":"DISCL_COMMENT","columnName":"COMMENT_TYPE_CODE"}],"actions":null}', 'COI', 'List of all Disclosure Comment Type', 'quickstart', now(), 'N');


INSERT INTO CODE_TABLE_CONFIGURATION (TABLE_NAME, DISPLAY_NAME, CONTENT, GROUP_NAME, DESCRIPTION, UPDATE_USER, UPDATE_TIMESTAMP, IS_LOG_ENABLED) VALUES ('DISCL_COMPONENT_TYPE', 'Disclosure Component Type', '{"group":"COI","codeTableName":"Disclosure Component Type","description":"List of all Disclosure Component Type","databaseTableName":"DISCL_COMPONENT_TYPE","fields":[{"columnName":"COMPONENT_TYPE_CODE","displayName":"Component TYpe Code","dataType":"String","isEditable":true,"length":3,"canEmpty":false,"visible":true,"valueChanged":null,"index":null,"filterType":null,"valueField":null,"isTransient":null,"values":null,"refColumnName":null,"defaultValue":null},{"columnName":"DESCRIPTION","displayName":"Description","dataType":"String","isEditable":true,"length":200,"canEmpty":true,"visible":true,"valueChanged":null,"index":null,"filterType":null,"valueField":null,"isTransient":null,"values":null,"refColumnName":null,"defaultValue":null},{"columnName":"UPDATE_TIMESTAMP","displayName":"Update Timestamp","dataType":"Date","isEditable":false,"length":null,"canEmpty":false,"visible":true,"valueChanged":null,"index":null,"filterType":null,"valueField":null,"isTransient":null,"values":null,"refColumnName":null,"defaultValue":null},{"columnName":"UPDATE_USER","displayName":"Update User","dataType":"String","isEditable":false,"length":60,"canEmpty":false,"visible":true,"valueChanged":null,"index":null,"filterType":null,"valueField":null,"isTransient":null,"values":null,"refColumnName":"PERSON#USER_NAME","defaultValue":null},{"columnName":"IS_ACTIVE","displayName":"Active Flag","dataType":"String","isEditable":true,"length":1,"canEmpty":false,"visible":true,"valueChanged":null,"index":null,"filterType":"switch","valueField":null,"isTransient":null,"values":null,"refColumnName":null,"defaultValue":null}],"primaryKey":["COMPONENT_TYPE_CODE"],"dependency":[{"displayName":"Disclosure Comment","table_name":"DISCL_COMMENT","columnName":"COMPONENT_TYPE_CODE"}],"actions":null}', 'COI', 'List of all Disclosure Component Type', 'quickstart', now(), 'N');

INSERT INTO `DISCLOSURE_ACTION_TYPE` (`ACTION_TYPE_CODE`, `MESSAGE`, `DESCRIPTION`, `UPDATE_TIMESTAMP`, `UPDATE_USER`) VALUES ('28', 'FCOI Disclosure <b>amended</b> by <b>{REPORTER}</b>', 'Revise FCOI', now(), 'quickstart');

INSERT INTO CODE_TABLE_CONFIGURATION (`TABLE_NAME`,`DISPLAY_NAME`,`CONTENT`,`GROUP_NAME`,`DESCRIPTION`,`UPDATE_USER`,`UPDATE_TIMESTAMP`) VALUES ('PARAMETER','Parameter','{"group":"General","codeTableName":"Parameter","description":"Functional configurations for Fibi","databaseTableName":"PARAMETER","fields":[{"columnName":"PARAMETER_NAME","displayName":"Parameter Name","dataType":"String","isEditable":true,"length":100,"canEmpty":true,"visible":true,"valueChanged":null,"index":null,"filterType":null,"valueField":null,"isTransient":null,"values":null,"refColumnName":null,"defaultValue":null},{"columnName":"VALUE","displayName":"Value","dataType":"String","isEditable":true,"length":200,"canEmpty":false,"visible":true,"valueChanged":null,"index":null,"filterType":null,"valueField":null,"isTransient":null,"values":null,"refColumnName":null,"defaultValue":null},{"columnName":"DESCRIPTION","displayName":"Description","dataType":"String","isEditable":true,"length":200,"canEmpty":false,"visible":true,"valueChanged":null,"index":null,"filterType":null,"valueField":null,"isTransient":null,"values":null,"refColumnName":null,"defaultValue":null},{"columnName":"UPDATE_TIMESTAMP","displayName":"update timestamp","dataType":"Date","isEditable":false,"length":null,"canEmpty":true,"visible":true,"valueChanged":null,"index":null,"filterType":null,"valueField":null,"isTransient":null,"values":null,"refColumnName":null,"defaultValue":null},{"columnName":"UPDATE_USER","displayName":"Update User","dataType":"String","isEditable":false,"length":60,"canEmpty":true,"visible":true,"valueChanged":null,"index":null,"filterType":null,"valueField":null,"isTransient":null,"values":null,"refColumnName":"PERSON#USER_NAME","defaultValue":null}],"primaryKey":["PARAMETER_NAME"],"dependency":[],"actions":null}','General','Functional configurations for Fibi','quickstart',now());

INSERT INTO `CODE_TABLE_CONFIGURATION` VALUES
('REMINDER_NOTIFICATION','Reminder Notifications','{"group":"General","codeTableName":"Reminder Notifications","description":"List of Reminder Notifications","databaseTableName":"REMINDER_NOTIFICATION","fields":[{"columnName":"REMINDER_NOTIFICATION_ID","displayName":"ID","dataType":"INTEGER","isEditable":false,"length":6,"canEmpty":false,"visible":false,"valueChanged":null,"index":null,"filterType":null,"valueField":null,"isTransient":null,"values":null,"refColumnName":null,"defaultValue":null},{"columnName":"REMINDER_NAME","displayName":"Reminder Name","dataType":"String","isEditable":true,"length":60,"canEmpty":true,"visible":true,"valueChanged":null,"index":null,"filterType":null,"valueField":null,"isTransient":null,"values":null,"refColumnName":null,"defaultValue":null},{"columnName":"NOTIFICATION_TYPE_ID","displayName":"Notification","dataType":"INTEGER","isEditable":true,"length":5,"canEmpty":false,"visible":true,"valueChanged":null,"index":null,"filterType":null,"valueField":null,"isTransient":null,"values":null,"refColumnName":null,"defaultValue":null},{"columnName":"DAYS_TO_DUE_DATE","displayName":"Days to Date","dataType":"INTEGER","isEditable":true,"length":5,"canEmpty":false,"visible":true,"valueChanged":null,"index":null,"filterType":null,"valueField":null,"isTransient":null,"values":null,"refColumnName":null,"defaultValue":null},{"columnName":"PROCEDURE_NAME","displayName":"Procedure Name","dataType":"String","isEditable":true,"length":200,"canEmpty":false,"visible":true,"valueChanged":null,"index":null,"filterType":null,"valueField":null,"isTransient":null,"values":null,"refColumnName":null,"defaultValue":null},{"columnName":"IS_ACTVE","displayName":"Is Active","dataType":"String","isEditable":true,"length":1,"canEmpty":false,"visible":true,"valueChanged":null,"index":null,"filterType":"switch","valueField":null,"isTransient":null,"values":null,"refColumnName":null,"defaultValue":null},{"columnName":"PLACEHOLDER_VALUES","displayName":"Placeholders","dataType":"String","isEditable":true,"length":4000,"canEmpty":true,"visible":false,"valueChanged":null,"index":null,"filterType":null,"valueField":null,"isTransient":null,"values":null,"refColumnName":null,"defaultValue":null},{"columnName":"UPDATE_TIMESTAMP","displayName":"Update Timestamp","dataType":"Date","isEditable":false,"length":null,"canEmpty":false,"visible":true,"valueChanged":null,"index":null,"filterType":null,"valueField":null,"isTransient":null,"values":null,"refColumnName":null,"defaultValue":null},{"columnName":"UPDATE_USER","displayName":"Update User","dataType":"String","isEditable":false,"length":60,"canEmpty":false,"visible":true,"valueChanged":null,"index":null,"filterType":null,"valueField":null,"isTransient":null,"values":null,"refColumnName":"PERSON#USER_NAME","defaultValue":null}],"primaryKey":["REMINDER_NOTIFICATION_ID"],"dependency":[],"actions":null}','General','List of Reminder Notifications','quickstart','2021-04-08 13:51:02','N');
*/
