-- NOTIFICATION_TYPE
INSERT INTO `NOTIFICATION_TYPE` (`NOTIFICATION_TYPE_ID`,`MODULE_CODE`,`SUB_MODULE_CODE`,`DESCRIPTION`,`SUBJECT`,`MESSAGE`,`PROMPT_USER`,`IS_ACTIVE`,`CREATE_USER`,`CREATE_TIMESTAMP`,`UPDATE_USER`,`UPDATE_TIMESTAMP`,`IS_SYSTEM_SPECIFIC`,`SHOW_TEMPLATE_IN_MODULE`,`SENT_TO_INITIATOR`) VALUES (8062,23,0,'To Workflow person in sequential stop when OPA is routed for their review.','Action Required: Approval for OPA Disclosure at {OPA_OTHER#APPROVER_STOP_NAME} stop.','<p>Dear Reviewer,</p><p>The following OPA Disclosure is submitted for approval. Details are given below:</p><p>Submitted by: {OPA_DETAILS#REPORTER_NAME}</p><p>Lead Unit: {OPA_DETAILS#DEPARTMENT_NUMBER} - {OPA_DETAILS#DEPARTMENT_NAME}</p><p>Comments: {OPA_OTHER#WORKFLOW_COMMENT}</p><p>Please follow <a href=\"{OPA_URL#OPA_URL}\">this link</a> to review the application.</p><p>Thank you.</p><p>Note: This is a system-generated email. Please do not reply to this email.</p>','N','Y','admin',now(),'admin',now(),'N',NULL,NULL);
INSERT INTO `NOTIFICATION_TYPE` (`NOTIFICATION_TYPE_ID`,`MODULE_CODE`,`SUB_MODULE_CODE`,`DESCRIPTION`,`SUBJECT`,`MESSAGE`,`PROMPT_USER`,`IS_ACTIVE`,`CREATE_USER`,`CREATE_TIMESTAMP`,`UPDATE_USER`,`UPDATE_TIMESTAMP`,`IS_SYSTEM_SPECIFIC`,`SHOW_TEMPLATE_IN_MODULE`,`SENT_TO_INITIATOR`) VALUES (8063,23,0,'OPA Disclosure Submission','Action required: Approval for OPA Disclosure Submitted by {OPA_DETAILS#REPORTER_NAME}.','<p>A OPA Disclosure was submitted by {OPA_DETAILS#REPORTER_NAME} on {OPA_DETAILS#CERTIFICATION_DATE}.</p><p>Department: {OPA_DETAILS#DEPARTMENT_NUMBER} - {OPA_DETAILS#DEPARTMENT_NAME}</p><p>Please follow <a href=\"{TRAVEL_URL#TRAVEL_URL}\">this link</a> to review the application.</p><p>Note: This is a system-generated email. Please do not reply to this email.</p>','N','Y','admin',now(),'admin',now(),'N',NULL,NULL);
INSERT INTO `NOTIFICATION_TYPE` (`NOTIFICATION_TYPE_ID`,`MODULE_CODE`,`SUB_MODULE_CODE`,`DESCRIPTION`,`SUBJECT`,`MESSAGE`,`PROMPT_USER`,`IS_ACTIVE`,`CREATE_USER`,`CREATE_TIMESTAMP`,`UPDATE_USER`,`UPDATE_TIMESTAMP`,`IS_SYSTEM_SPECIFIC`,`SHOW_TEMPLATE_IN_MODULE`,`SENT_TO_INITIATOR`) VALUES (8064,23,0,'OPA Disclosure Withdrawal.','Withdrawal of OPA Disclosure Submitted by {OPA_DETAILS#REPORTER_NAME}.','<p>A OPA Disclosure was submitted by {OPA_DETAILS#REPORTER_NAME} on {OPA_DETAILS#CERTIFICATION_DATE} is Withdrawn for the following reason “{OPA_OTHER#WITHDRAWAL_REASON}”</p><p>Department: {OPA_DETAILS#DEPARTMENT_NUMBER} - {OPA_DETAILS#REPORTER_NAME}</p><p>Please follow <a href=\"{OPA_URL#OPA_URL}\">this link</a> to review the application.</p><p>Note: This is a system-generated email. Please do not reply to this email.</p>','N','Y','admin',now(),'admin',now(),'N',NULL,NULL);
INSERT INTO `NOTIFICATION_TYPE` (`NOTIFICATION_TYPE_ID`,`MODULE_CODE`,`SUB_MODULE_CODE`,`DESCRIPTION`,`SUBJECT`,`MESSAGE`,`PROMPT_USER`,`IS_ACTIVE`,`CREATE_USER`,`CREATE_TIMESTAMP`,`UPDATE_USER`,`UPDATE_TIMESTAMP`,`IS_SYSTEM_SPECIFIC`,`SHOW_TEMPLATE_IN_MODULE`,`SENT_TO_INITIATOR`) VALUES (8065,23,0,'Resubmission of OPA Disclosure After Withdrawn','Action Required : OPA Disclosure Resubmitted for Review.','<p>A OPA Disclosure was resubmitted by {OPA_DETAILS#REPORTER_NAME} on {OPA_DETAILS#CERTIFICATION_DATE}.</p><p>Department: {OPA_DETAILS#DEPARTMENT_NUMBER} - {OPA_DETAILS#DEPARTMENT_NAME}</p><p>Please follow <a href=\"{OPA_URL#OPA_URL}\">this link</a> to review the application.</p><p>Note: This is a system-generated email. Please do not reply to this email.</p>','N','Y','admin',now(),'admin',now(),'N',NULL,NULL);
INSERT INTO `NOTIFICATION_TYPE` (`NOTIFICATION_TYPE_ID`,`MODULE_CODE`,`SUB_MODULE_CODE`,`DESCRIPTION`,`SUBJECT`,`MESSAGE`,`PROMPT_USER`,`IS_ACTIVE`,`CREATE_USER`,`CREATE_TIMESTAMP`,`UPDATE_USER`,`UPDATE_TIMESTAMP`,`IS_SYSTEM_SPECIFIC`,`SHOW_TEMPLATE_IN_MODULE`,`SENT_TO_INITIATOR`) VALUES (8067,23,0,'OPA Disclosure Return','Action Required: OPA Disclosure Submitted by {OPA_DETAILS#REPORTER_NAME} has been returned by the admin {OPA_OTHER#ADMINISTRATOR_NAME}','<p>Dear {OPA_DETAILS#REPORTER_NAME},</p><p>Your OPA disclosure submitted on {OPA_DETAILS#CERTIFICATION_DATE} was returned for the following reason “{OPA_OTHER#RETURN_REASON}”.</p><p>Department: {OPA_DETAILS#DEPARTMENT_NUMBER} - {OPA_DETAILS#DEPARTMENT_NAME}</p><p>Please follow <a href=\"{TRAVEL_URL#TRAVEL_URL}\">this link</a> to review the application.</p><p>Note: This is a system-generated email. Please do not reply to this email.</p>','N','Y','admin',now(),'admin',now(),'N',NULL,NULL);
INSERT INTO `NOTIFICATION_TYPE` (`NOTIFICATION_TYPE_ID`,`MODULE_CODE`,`SUB_MODULE_CODE`,`DESCRIPTION`,`SUBJECT`,`MESSAGE`,`PROMPT_USER`,`IS_ACTIVE`,`CREATE_USER`,`CREATE_TIMESTAMP`,`UPDATE_USER`,`UPDATE_TIMESTAMP`,`IS_SYSTEM_SPECIFIC`,`SHOW_TEMPLATE_IN_MODULE`,`SENT_TO_INITIATOR`) VALUES (8068,23,0,'Resubmission of OPA Disclosure After Returned','Action Required : OPA Disclosure Resubmitted for Review.','<p>A OPA Disclosure was resubmitted by {OPA_DETAILS#REPORTER_NAME} on {OPA_DETAILS#CERTIFICATION_DATE}.</p><p>Department: {OPA_DETAILS#DEPARTMENT_NUMBER} - {OPA_DETAILS#DEPARTMENT_NAME}</p><p>Please follow <a href=\"{OPA_URL#OPA_URL}\">this link</a> to review the application.</p><p>Note: This is a system-generated email. Please do not reply to this email.</p>','N','Y','admin',now(),'admin',now(),'N',NULL,NULL);
INSERT INTO `NOTIFICATION_TYPE` (`NOTIFICATION_TYPE_ID`,`MODULE_CODE`,`SUB_MODULE_CODE`,`DESCRIPTION`,`SUBJECT`,`MESSAGE`,`PROMPT_USER`,`IS_ACTIVE`,`CREATE_USER`,`CREATE_TIMESTAMP`,`UPDATE_USER`,`UPDATE_TIMESTAMP`,`IS_SYSTEM_SPECIFIC`,`SHOW_TEMPLATE_IN_MODULE`,`SENT_TO_INITIATOR`) VALUES (8069,23,0,'OPA Assign Admin','Action required: You are assigned as an Administrator for the OPA disclosure Submitted by {OPA_DETAILS#REPORTER_NAME}','<p>Hello {OPA_OTHER#ADMIN_ASSIGNED_TO},</p><p>COI Administrator {OPA_OTHER#ADMIN_ASSIGNED_BY} assigned you as the Administrator of the OPA Disclosure submitted on {OPA_DETAILS#CERTIFICATION_DATE} by {OPA_DETAILS#REPORTER_NAME}.</p><p>Department: {OPA_DETAILS#DEPARTMENT_NUMBER} - {OPA_DETAILS#DEPARTMENT_NAME}</p><p>Please follow <a href=\"{OPA_URL#OPA_URL}\">this link</a> to review the application.</p><p>Note: This is a system-generated email. Please do not reply to this email.</p>','N','Y','admin',now(),'admin',now(),'N',NULL,NULL);
INSERT INTO `NOTIFICATION_TYPE` (`NOTIFICATION_TYPE_ID`,`MODULE_CODE`,`SUB_MODULE_CODE`,`DESCRIPTION`,`SUBJECT`,`MESSAGE`,`PROMPT_USER`,`IS_ACTIVE`,`CREATE_USER`,`CREATE_TIMESTAMP`,`UPDATE_USER`,`UPDATE_TIMESTAMP`,`IS_SYSTEM_SPECIFIC`,`SHOW_TEMPLATE_IN_MODULE`,`SENT_TO_INITIATOR`) VALUES (8070,23,0,'OPA Reassign admin','Review reassigned for OPA Disclosure Submitted by {OPA_DETAILS#REPORTER_NAME}','<p>Hello {OPA_OTHER#ADMINISTRATOR_NAME},</p><p>The COI Administrator {OPA_OTHER#ADMIN_ASSIGNED_BY} removed you as a Administrator for the OPA Disclosure submitted on {OPA_DETAILS#CERTIFICATION_DATE} by {OPA_DETAILS#REPORTER_NAME}.</p><p>Department: {OPA_DETAILS#DEPARTMENT_NUMBER} - {OPA_DETAILS#DEPARTMENT_NAME}</p><p>You are no longer responsible for reviewing this disclosure.</p><p>You can access the COI Dashboard at <a href=\"{OPA_URL#OPA_URL}\">link</a>.</p><p>Note: This is a system-generated email. Please do not reply to this email.</p>','N','Y','admin',now(),'admin',now(),'N',NULL,NULL);
INSERT INTO `NOTIFICATION_TYPE` (`NOTIFICATION_TYPE_ID`,`MODULE_CODE`,`SUB_MODULE_CODE`,`DESCRIPTION`,`SUBJECT`,`MESSAGE`,`PROMPT_USER`,`IS_ACTIVE`,`CREATE_USER`,`CREATE_TIMESTAMP`,`UPDATE_USER`,`UPDATE_TIMESTAMP`,`IS_SYSTEM_SPECIFIC`,`SHOW_TEMPLATE_IN_MODULE`,`SENT_TO_INITIATOR`) VALUES (8071,23,0,'OPA Reassign admin & Assign Admin','Action required: You are assigned as an Administrator for the OPA disclosure Submitted by {OPA_DETAILS#REPORTER_NAME}.','<p>Hello {OPA_OTHER#ADMIN_ASSIGNED_TO},</p><p>COI Administrator {OPA_OTHER#ADMIN_ASSIGNED_BY} assigned you as the Administrator of the OPA Disclosure submitted on {OPA_DETAILS#CERTIFICATION_DATE} by {OPA_DETAILS#REPORTER_NAME}.</p><p>Department: {OPA_DETAILS#DEPARTMENT_NUMBER} - {OPA_DETAILS#DEPARTMENT_NAME}</p><p>Please follow <a href=\"{TRAVEL_URL#TRAVEL_URL}\">this link</a> to review the application.</p><p>Note: This is a system-generated email. Please do not reply to this email.</p>','N','Y','admin',now(),'admin',now(),'N',NULL,NULL);
INSERT INTO `NOTIFICATION_TYPE` (`NOTIFICATION_TYPE_ID`,`MODULE_CODE`,`SUB_MODULE_CODE`,`DESCRIPTION`,`SUBJECT`,`MESSAGE`,`PROMPT_USER`,`IS_ACTIVE`,`CREATE_USER`,`CREATE_TIMESTAMP`,`UPDATE_USER`,`UPDATE_TIMESTAMP`,`IS_SYSTEM_SPECIFIC`,`SHOW_TEMPLATE_IN_MODULE`,`SENT_TO_INITIATOR`) VALUES (8072,23,0,'OPA workflow Reject.','Action Required: Rejected OPA Disclosure at {OPA_OTHER#APPROVER_STOP_NAME} stop.','<p>Dear Reviewer,</p><p>The following OPA Disclosure is rejected. Details are given below:</p><p>Submitted by: {OPA_DETAILS#REPORTER_NAME}</p><p>Lead Unit: {OPA_DETAILS#DEPARTMENT_NUMBER} - {OPA_DETAILS#DEPARTMENT_NAME}</p><p>Comments: {OPA_OTHER#WORKFLOW_COMMENT}</p><p>Please follow <a href=\"{TRAVEL_URL#TRAVEL_URL}\">this link</a> to review the application.</p><p>Thank you.</p><p>Note: This is a system-generated email. Please do not reply to this email.</p>','N','Y','admin',now(),'admin',now(),'N',NULL,NULL);
INSERT INTO `NOTIFICATION_TYPE` (`NOTIFICATION_TYPE_ID`,`MODULE_CODE`,`SUB_MODULE_CODE`,`DESCRIPTION`,`SUBJECT`,`MESSAGE`,`PROMPT_USER`,`IS_ACTIVE`,`CREATE_USER`,`CREATE_TIMESTAMP`,`UPDATE_USER`,`UPDATE_TIMESTAMP`,`IS_SYSTEM_SPECIFIC`,`SHOW_TEMPLATE_IN_MODULE`,`SENT_TO_INITIATOR`) VALUES (8073,23,0,'To Workflow person in sequential stop when a OPA has been bypassed.','Notification: OPA has been bypassed at {OPA_OTHER#APPROVER_STOP_NAME} stop.','<p>Dear Reviewer,</p><p>Your assigned <strong>OPA</strong> was bypassed by {OPA_OTHER#WORKFLOW_ACTION_USER_NAME}.</p><p>Please go to <a href=\"{OPA_URL#OPA_URL}\">this link</a> to view the details.</p><p>Thank you.<br> </p><p>Note: This is a system-generated email. Please do not reply to this email.</p>','N','Y','admin',now(),'admin',now(),'N',NULL,NULL);
INSERT INTO `NOTIFICATION_TYPE` (`NOTIFICATION_TYPE_ID`,`MODULE_CODE`,`SUB_MODULE_CODE`,`DESCRIPTION`,`SUBJECT`,`MESSAGE`,`PROMPT_USER`,`IS_ACTIVE`,`CREATE_USER`,`CREATE_TIMESTAMP`,`UPDATE_USER`,`UPDATE_TIMESTAMP`,`IS_SYSTEM_SPECIFIC`,`SHOW_TEMPLATE_IN_MODULE`,`SENT_TO_INITIATOR`) VALUES (8074,23,0,'OPA Disclosure Review Completion by Admin.','OPA Disclosure of {OPA_DETAILS#REPORTER_NAME} submitted on {OPA_DETAILS#CERTIFICATION_DATE} is Approved.','<p>Dear {OPA_DETAILS#REPORTER_NAME},</p><p>Your OPA disclosure submitted on {OPA_DETAILS#CERTIFICATION_DATE} has been approved by {OPA_OTHER#ADMINISTRATOR_NAME}.</p><p>Department: {OPA_DETAILS#DEPARTMENT_NUMBER} - {OPA_DETAILS#DEPARTMENT_NAME}<br>Disclosure Status: {OPA_DETAILS#DISPOSITION_STATUS}</p><p>Please follow this link to review the application.</p><p>Note: This is a system-generated email. Please do not reply to this email.</p>','N','Y','admin',now(),'admin',now(),'N',NULL,NULL);
INSERT INTO `NOTIFICATION_TYPE` (`NOTIFICATION_TYPE_ID`,`MODULE_CODE`,`SUB_MODULE_CODE`,`DESCRIPTION`,`SUBJECT`,`MESSAGE`,`PROMPT_USER`,`IS_ACTIVE`,`CREATE_USER`,`CREATE_TIMESTAMP`,`UPDATE_USER`,`UPDATE_TIMESTAMP`,`IS_SYSTEM_SPECIFIC`,`SHOW_TEMPLATE_IN_MODULE`,`SENT_TO_INITIATOR`) VALUES (8075,23,0,'OPA Disclosure Assign Reviewer.','Action required: OPA disclosure Submitted by {OPA_DETAILS#REPORTER_NAME} waiting for review at {OPA_OTHER#REVIEW_LOCATION} with {OPA_OTHER#REVIEWER_REVIEW_STATUS} status.','<p>Hello,</p><p>COI Administrator {OPA_OTHER#ADMINISTRATOR_NAME} assigned you to review the OPA submitted on {OPA_DETAILS#CERTIFICATION_DATE} by {OPA_DETAILS#REPORTER_NAME}.</p><p>Department: {OPA_DETAILS#DEPARTMENT_NUMBER} - {OPA_DETAILS#DEPARTMENT_NAME}</p><p>Disclosure Status: {OPA_DETAILS#DISPOSITION_STATUS}</p><p>Review Location: {OPA_OTHER#REVIEW_LOCATION}</p><p>Review Status: {OPA_OTHER#REVIEWER_REVIEW_STATUS}</p><p>Please follow this link to review the application.</p><p>Note: This is a system-generated email. Please do not reply to this email.</p>','N','Y','admin',now(),'admin',now(),'N',NULL,NULL);
INSERT INTO `NOTIFICATION_TYPE` (`NOTIFICATION_TYPE_ID`,`MODULE_CODE`,`SUB_MODULE_CODE`,`DESCRIPTION`,`SUBJECT`,`MESSAGE`,`PROMPT_USER`,`IS_ACTIVE`,`CREATE_USER`,`CREATE_TIMESTAMP`,`UPDATE_USER`,`UPDATE_TIMESTAMP`,`IS_SYSTEM_SPECIFIC`,`SHOW_TEMPLATE_IN_MODULE`,`SENT_TO_INITIATOR`) VALUES (8076,23,0,'OPA Disclosure Review Completion by Reviewer','Review has been completed for OPA disclosure Submitted by {OPA_DETAILS#REPORTER_NAME}.','<p>Hello OPA Admin,</p><p>COI Reviewer {OPA_OTHER#REVIEWER_NAME} has completed the review of the OPA Disclosure submitted on {OPA_DETAILS#CERTIFICATION_DATE} by {OPA_DETAILS#REPORTER_NAME}.</p><p>Department: {OPA_DETAILS#DEPARTMENT_NUMBER} - {OPA_DETAILS#DEPARTMENT_NAME}</p><p>Disclosure Status: {OPA_DETAILS#DISPOSITION_STATUS}</p><p>Review Location: {OPA_OTHER#REVIEW_LOCATION}</p><p>Review Status: {OPA_OTHER#REVIEWER_REVIEW_STATUS}</p><p>Please follow this link to review the application.</p><p>Note: This is a system-generated email. Please do not reply to this email.</p>','N','Y','admin',now(),'admin',now(),'N',NULL,NULL);

-- NOTIFICATION_RECIPIENT
INSERT INTO `NOTIFICATION_RECIPIENT` (`NOTIFICATION_TYPE_ID`,`RECIPIENT_PERSON_ID`,`ROLE_TYPE_CODE`,`CREATE_USER`,`CREATE_TIMESTAMP`,`UPDATE_USER`,`UPDATE_TIMESTAMP`,`RECIPIENT_TYPE`,`RECIPIENT_NAME`) VALUES (8063,NULL,66,NULL,now(),NULL,NULL,'TO','OPA Administrator');
INSERT INTO `NOTIFICATION_RECIPIENT` (`NOTIFICATION_TYPE_ID`,`RECIPIENT_PERSON_ID`,`ROLE_TYPE_CODE`,`CREATE_USER`,`CREATE_TIMESTAMP`,`UPDATE_USER`,`UPDATE_TIMESTAMP`,`RECIPIENT_TYPE`,`RECIPIENT_NAME`) VALUES (8064,NULL,66,NULL,now(),NULL,NULL,'TO','OPA Administrator');
INSERT INTO `NOTIFICATION_RECIPIENT` (`NOTIFICATION_TYPE_ID`,`RECIPIENT_PERSON_ID`,`ROLE_TYPE_CODE`,`CREATE_USER`,`CREATE_TIMESTAMP`,`UPDATE_USER`,`UPDATE_TIMESTAMP`,`RECIPIENT_TYPE`,`RECIPIENT_NAME`) VALUES (8065,NULL,66,NULL,now(),NULL,NULL,'TO','OPA Administrator');
INSERT INTO `NOTIFICATION_RECIPIENT` (`NOTIFICATION_TYPE_ID`,`RECIPIENT_PERSON_ID`,`ROLE_TYPE_CODE`,`CREATE_USER`,`CREATE_TIMESTAMP`,`UPDATE_USER`,`UPDATE_TIMESTAMP`,`RECIPIENT_TYPE`,`RECIPIENT_NAME`) VALUES (8067,NULL,68,NULL,now(),NULL,NULL,'TO','OPA Reporter');
INSERT INTO `NOTIFICATION_RECIPIENT` (`NOTIFICATION_TYPE_ID`,`RECIPIENT_PERSON_ID`,`ROLE_TYPE_CODE`,`CREATE_USER`,`CREATE_TIMESTAMP`,`UPDATE_USER`,`UPDATE_TIMESTAMP`,`RECIPIENT_TYPE`,`RECIPIENT_NAME`) VALUES (8068,NULL,67,NULL,now(),NULL,NULL,'TO','OPA Primary Administrator');
INSERT INTO `NOTIFICATION_RECIPIENT` (`NOTIFICATION_TYPE_ID`,`RECIPIENT_PERSON_ID`,`ROLE_TYPE_CODE`,`CREATE_USER`,`CREATE_TIMESTAMP`,`UPDATE_USER`,`UPDATE_TIMESTAMP`,`RECIPIENT_TYPE`,`RECIPIENT_NAME`) VALUES (8068,NULL,66,NULL,now(),NULL,NULL,'CC','OPA Administrators');
INSERT INTO `NOTIFICATION_RECIPIENT` (`NOTIFICATION_TYPE_ID`,`RECIPIENT_PERSON_ID`,`ROLE_TYPE_CODE`,`CREATE_USER`,`CREATE_TIMESTAMP`,`UPDATE_USER`,`UPDATE_TIMESTAMP`,`RECIPIENT_TYPE`,`RECIPIENT_NAME`) VALUES (8069,NULL,66,NULL,now(),NULL,NULL,'TO','OPA Administrators');
INSERT INTO `NOTIFICATION_RECIPIENT` (`NOTIFICATION_TYPE_ID`,`RECIPIENT_PERSON_ID`,`ROLE_TYPE_CODE`,`CREATE_USER`,`CREATE_TIMESTAMP`,`UPDATE_USER`,`UPDATE_TIMESTAMP`,`RECIPIENT_TYPE`,`RECIPIENT_NAME`) VALUES (8069,NULL,67,NULL,now(),NULL,NULL,'TO','OPA Primary Administrator');
INSERT INTO `NOTIFICATION_RECIPIENT` (`NOTIFICATION_TYPE_ID`,`RECIPIENT_PERSON_ID`,`ROLE_TYPE_CODE`,`CREATE_USER`,`CREATE_TIMESTAMP`,`UPDATE_USER`,`UPDATE_TIMESTAMP`,`RECIPIENT_TYPE`,`RECIPIENT_NAME`) VALUES (8070,NULL,69,NULL,now(),NULL,NULL,'TO','OPA Admin Group');
INSERT INTO `NOTIFICATION_RECIPIENT` (`NOTIFICATION_TYPE_ID`,`RECIPIENT_PERSON_ID`,`ROLE_TYPE_CODE`,`CREATE_USER`,`CREATE_TIMESTAMP`,`UPDATE_USER`,`UPDATE_TIMESTAMP`,`RECIPIENT_TYPE`,`RECIPIENT_NAME`) VALUES (8072,NULL,5,NULL,now(),NULL,NULL,'TO','Principal Investigators');
INSERT INTO `NOTIFICATION_RECIPIENT` (`NOTIFICATION_TYPE_ID`,`RECIPIENT_PERSON_ID`,`ROLE_TYPE_CODE`,`CREATE_USER`,`CREATE_TIMESTAMP`,`UPDATE_USER`,`UPDATE_TIMESTAMP`,`RECIPIENT_TYPE`,`RECIPIENT_NAME`) VALUES (8074,NULL,68,NULL,now(),NULL,NULL,'TO','OPA Reporter');
INSERT INTO `NOTIFICATION_RECIPIENT` (`NOTIFICATION_TYPE_ID`,`RECIPIENT_PERSON_ID`,`ROLE_TYPE_CODE`,`CREATE_USER`,`CREATE_TIMESTAMP`,`UPDATE_USER`,`UPDATE_TIMESTAMP`,`RECIPIENT_TYPE`,`RECIPIENT_NAME`) VALUES (8074,NULL,66,NULL,now(),NULL,NULL,'CC','OPA Administrators');
INSERT INTO `NOTIFICATION_RECIPIENT` (`NOTIFICATION_TYPE_ID`,`RECIPIENT_PERSON_ID`,`ROLE_TYPE_CODE`,`CREATE_USER`,`CREATE_TIMESTAMP`,`UPDATE_USER`,`UPDATE_TIMESTAMP`,`RECIPIENT_TYPE`,`RECIPIENT_NAME`) VALUES (8074,NULL,69,NULL,now(),NULL,NULL,'CC','OPA Admin Group');
INSERT INTO `NOTIFICATION_RECIPIENT` (`NOTIFICATION_TYPE_ID`,`RECIPIENT_PERSON_ID`,`ROLE_TYPE_CODE`,`CREATE_USER`,`CREATE_TIMESTAMP`,`UPDATE_USER`,`UPDATE_TIMESTAMP`,`RECIPIENT_TYPE`,`RECIPIENT_NAME`) VALUES (8075,NULL,66,NULL,now(),NULL,NULL,'TO','OPA Administrators');
INSERT INTO `NOTIFICATION_RECIPIENT` (`NOTIFICATION_TYPE_ID`,`RECIPIENT_PERSON_ID`,`ROLE_TYPE_CODE`,`CREATE_USER`,`CREATE_TIMESTAMP`,`UPDATE_USER`,`UPDATE_TIMESTAMP`,`RECIPIENT_TYPE`,`RECIPIENT_NAME`) VALUES (8075,NULL,69,NULL,now(),NULL,NULL,'TO','OPA Admin Group');
INSERT INTO `NOTIFICATION_RECIPIENT` (`NOTIFICATION_TYPE_ID`,`RECIPIENT_PERSON_ID`,`ROLE_TYPE_CODE`,`CREATE_USER`,`CREATE_TIMESTAMP`,`UPDATE_USER`,`UPDATE_TIMESTAMP`,`RECIPIENT_TYPE`,`RECIPIENT_NAME`) VALUES (8075,NULL,68,NULL,now(),NULL,NULL,'TO','OPA Reporter');
INSERT INTO `NOTIFICATION_RECIPIENT` (`NOTIFICATION_TYPE_ID`,`RECIPIENT_PERSON_ID`,`ROLE_TYPE_CODE`,`CREATE_USER`,`CREATE_TIMESTAMP`,`UPDATE_USER`,`UPDATE_TIMESTAMP`,`RECIPIENT_TYPE`,`RECIPIENT_NAME`) VALUES (8076,NULL,69,NULL,now(),NULL,NULL,'TO','OPA Admin Group');
INSERT INTO `NOTIFICATION_RECIPIENT` (`NOTIFICATION_TYPE_ID`,`RECIPIENT_PERSON_ID`,`ROLE_TYPE_CODE`,`CREATE_USER`,`CREATE_TIMESTAMP`,`UPDATE_USER`,`UPDATE_TIMESTAMP`,`RECIPIENT_TYPE`,`RECIPIENT_NAME`) VALUES (8076,NULL,66,NULL,now(),NULL,NULL,'TO','OPA Administrators');


-- person_role_type
INSERT INTO `PERSON_ROLE_TYPE` (`ROLE_TYPE_CODE`,`DESCRIPTION`,`UPDATE_TIMESTAMP`,`UPDATE_USER`,`IS_ACTIVE`) VALUES (66,'OPA Administrators',now(),'admin','Y');
INSERT INTO `PERSON_ROLE_TYPE` (`ROLE_TYPE_CODE`,`DESCRIPTION`,`UPDATE_TIMESTAMP`,`UPDATE_USER`,`IS_ACTIVE`) VALUES (67,'OPA Primary Administrator',now(),'admin','Y');
INSERT INTO `PERSON_ROLE_TYPE` (`ROLE_TYPE_CODE`,`DESCRIPTION`,`UPDATE_TIMESTAMP`,`UPDATE_USER`,`IS_ACTIVE`) VALUES (68,'OPA Reporter',now(),'admin','Y');
INSERT INTO `PERSON_ROLE_TYPE` (`ROLE_TYPE_CODE`,`DESCRIPTION`,`UPDATE_TIMESTAMP`,`UPDATE_USER`,`IS_ACTIVE`) VALUES (69,'OPA Admin Group',now(),'admin','Y');
INSERT INTO `PERSON_ROLE_TYPE` (`ROLE_TYPE_CODE`,`DESCRIPTION`,`UPDATE_TIMESTAMP`,`UPDATE_USER`,`IS_ACTIVE`) VALUES (70,'OPA Reviewer',now(),'admin','Y');


-- module_action_type
INSERT INTO `MODULE_ACTION_TYPE` (`MODULE_ACTION_TYPE_ID`,`ACTION_TYPE`,`MODULE_CODE`,`SUB_MODULE_CODE`,`IS_ACTIVE`,`DESCRIPTION`,`UPDATE_TIMESTAMP`,`UPDATE_USER`) VALUES (60,'OPA_SUBMIT',23,0,'Y','OPA Submit',now(),'admin');
INSERT INTO `MODULE_ACTION_TYPE` (`MODULE_ACTION_TYPE_ID`,`ACTION_TYPE`,`MODULE_CODE`,`SUB_MODULE_CODE`,`IS_ACTIVE`,`DESCRIPTION`,`UPDATE_TIMESTAMP`,`UPDATE_USER`) VALUES (61,'OPA_WITHDRAW',23,0,'Y','OPA Withdraw',now(),'admin');
INSERT INTO `MODULE_ACTION_TYPE` (`MODULE_ACTION_TYPE_ID`,`ACTION_TYPE`,`MODULE_CODE`,`SUB_MODULE_CODE`,`IS_ACTIVE`,`DESCRIPTION`,`UPDATE_TIMESTAMP`,`UPDATE_USER`) VALUES (62,'OPA_RESUBMIT',23,0,'Y','OPA Resubmit',now(),'admin');
INSERT INTO `MODULE_ACTION_TYPE` (`MODULE_ACTION_TYPE_ID`,`ACTION_TYPE`,`MODULE_CODE`,`SUB_MODULE_CODE`,`IS_ACTIVE`,`DESCRIPTION`,`UPDATE_TIMESTAMP`,`UPDATE_USER`) VALUES (63,'OPA_RETURN',23,0,'Y','OPA Return',now(),'admin');
INSERT INTO `MODULE_ACTION_TYPE` (`MODULE_ACTION_TYPE_ID`,`ACTION_TYPE`,`MODULE_CODE`,`SUB_MODULE_CODE`,`IS_ACTIVE`,`DESCRIPTION`,`UPDATE_TIMESTAMP`,`UPDATE_USER`) VALUES (64,'OPA_WITHDRAWN_RESUBMISSION',23,0,'Y','OPA Withdrawn Resubmission',now(),'admin');
INSERT INTO `MODULE_ACTION_TYPE` (`MODULE_ACTION_TYPE_ID`,`ACTION_TYPE`,`MODULE_CODE`,`SUB_MODULE_CODE`,`IS_ACTIVE`,`DESCRIPTION`,`UPDATE_TIMESTAMP`,`UPDATE_USER`) VALUES (65,'OPA_RETURNED_RESUBMISSION',23,0,'Y','OPA Returned Resubmission',now(),'admin');
INSERT INTO `MODULE_ACTION_TYPE` (`MODULE_ACTION_TYPE_ID`,`ACTION_TYPE`,`MODULE_CODE`,`SUB_MODULE_CODE`,`IS_ACTIVE`,`DESCRIPTION`,`UPDATE_TIMESTAMP`,`UPDATE_USER`) VALUES (66,'OPA_ASSIGN_ADMIN',23,0,'Y','OPA Assign Admin',now(),'admin');
INSERT INTO `MODULE_ACTION_TYPE` (`MODULE_ACTION_TYPE_ID`,`ACTION_TYPE`,`MODULE_CODE`,`SUB_MODULE_CODE`,`IS_ACTIVE`,`DESCRIPTION`,`UPDATE_TIMESTAMP`,`UPDATE_USER`) VALUES (67,'OPA_REASSIGN_ADMIN',23,0,'Y','OPA Reassign Admin',now(),'admin');
INSERT INTO `MODULE_ACTION_TYPE` (`MODULE_ACTION_TYPE_ID`,`ACTION_TYPE`,`MODULE_CODE`,`SUB_MODULE_CODE`,`IS_ACTIVE`,`DESCRIPTION`,`UPDATE_TIMESTAMP`,`UPDATE_USER`) VALUES (72,'OPA_REVIEWER_ASSIGN',23,0,'Y','OPA Reviewer Assign',now(),'admin');
INSERT INTO `MODULE_ACTION_TYPE` (`MODULE_ACTION_TYPE_ID`,`ACTION_TYPE`,`MODULE_CODE`,`SUB_MODULE_CODE`,`IS_ACTIVE`,`DESCRIPTION`,`UPDATE_TIMESTAMP`,`UPDATE_USER`) VALUES (73,'OPA_REVIEWER_REVIEW_COMPLETE',23,0,'Y','OPA Reviewer review complete',now(),'admin');
INSERT INTO `MODULE_ACTION_TYPE` (`MODULE_ACTION_TYPE_ID`,`ACTION_TYPE`,`MODULE_CODE`,`SUB_MODULE_CODE`,`IS_ACTIVE`,`DESCRIPTION`,`UPDATE_TIMESTAMP`,`UPDATE_USER`) VALUES (74,'OPA_ADMIN_REVIEWER_COMPLETE',23,0,'Y','OPA admin Reviewer review complete',now(),'admin');


-- NOTIFY_ACTION_TYPE_MAP
INSERT INTO `NOTIFY_ACTION_TYPE_MAP` (`NOTIFICATION_TYPE_ID`,`MODULE_ACTION_TYPE_ID`,`UPDATE_TIMESTAMP`,`UPDATE_USER`) VALUES (8063,60,now(),'admin');
INSERT INTO `NOTIFY_ACTION_TYPE_MAP` (`NOTIFICATION_TYPE_ID`,`MODULE_ACTION_TYPE_ID`,`UPDATE_TIMESTAMP`,`UPDATE_USER`) VALUES (8067,63,now(),'admin');
INSERT INTO `NOTIFY_ACTION_TYPE_MAP` (`NOTIFICATION_TYPE_ID`,`MODULE_ACTION_TYPE_ID`,`UPDATE_TIMESTAMP`,`UPDATE_USER`) VALUES (8064,61,now(),'admin');
INSERT INTO `NOTIFY_ACTION_TYPE_MAP` (`NOTIFICATION_TYPE_ID`,`MODULE_ACTION_TYPE_ID`,`UPDATE_TIMESTAMP`,`UPDATE_USER`) VALUES (8065,64,now(),'admin');
INSERT INTO `NOTIFY_ACTION_TYPE_MAP` (`NOTIFICATION_TYPE_ID`,`MODULE_ACTION_TYPE_ID`,`UPDATE_TIMESTAMP`,`UPDATE_USER`) VALUES (8071,67,now(),'admin');
INSERT INTO `NOTIFY_ACTION_TYPE_MAP` (`NOTIFICATION_TYPE_ID`,`MODULE_ACTION_TYPE_ID`,`UPDATE_TIMESTAMP`,`UPDATE_USER`) VALUES (8070,67,now(),'admin');
INSERT INTO `NOTIFY_ACTION_TYPE_MAP` (`NOTIFICATION_TYPE_ID`,`MODULE_ACTION_TYPE_ID`,`UPDATE_TIMESTAMP`,`UPDATE_USER`) VALUES (8069,66,now(),'admin');
INSERT INTO `NOTIFY_ACTION_TYPE_MAP` (`NOTIFICATION_TYPE_ID`,`MODULE_ACTION_TYPE_ID`,`UPDATE_TIMESTAMP`,`UPDATE_USER`) VALUES (8068,65,now(),'admin');
INSERT INTO `NOTIFY_ACTION_TYPE_MAP` (`NOTIFICATION_TYPE_ID`,`MODULE_ACTION_TYPE_ID`,`UPDATE_TIMESTAMP`,`UPDATE_USER`) VALUES (8075,72,now(),'admin');
INSERT INTO `NOTIFY_ACTION_TYPE_MAP` (`NOTIFICATION_TYPE_ID`,`MODULE_ACTION_TYPE_ID`,`UPDATE_TIMESTAMP`,`UPDATE_USER`) VALUES (8076,73,now(),'admin');
INSERT INTO `NOTIFY_ACTION_TYPE_MAP` (`NOTIFICATION_TYPE_ID`,`MODULE_ACTION_TYPE_ID`,`UPDATE_TIMESTAMP`,`UPDATE_USER`) VALUES (8074,74,now(),'admin');


-- MQ_ROUTER_ACTION_CONFIGURATION
INSERT INTO `MQ_ROUTER_ACTION_CONFIGURATION` (`ACTION_TYPE`,`IS_ACTIVE`,`MODULE_CODE`,`QUEUE_NAME`,`SUB_MODULE_CODE`,`UPDATE_TIMESTAMP`,`UPDATE_USER`) VALUES ('OPA_SUBMIT','Y',23,'Q_NOTIFICATION',0,now(),'admin');
INSERT INTO `MQ_ROUTER_ACTION_CONFIGURATION` (`ACTION_TYPE`,`IS_ACTIVE`,`MODULE_CODE`,`QUEUE_NAME`,`SUB_MODULE_CODE`,`UPDATE_TIMESTAMP`,`UPDATE_USER`) VALUES ('OPA_WITHDRAW','Y',23,'Q_NOTIFICATION',0,now(),'admin');
INSERT INTO `MQ_ROUTER_ACTION_CONFIGURATION` (`ACTION_TYPE`,`IS_ACTIVE`,`MODULE_CODE`,`QUEUE_NAME`,`SUB_MODULE_CODE`,`UPDATE_TIMESTAMP`,`UPDATE_USER`) VALUES ('OPA_RESUBMIT','Y',23,'Q_NOTIFICATION',0,now(),'admin');
INSERT INTO `MQ_ROUTER_ACTION_CONFIGURATION` (`ACTION_TYPE`,`IS_ACTIVE`,`MODULE_CODE`,`QUEUE_NAME`,`SUB_MODULE_CODE`,`UPDATE_TIMESTAMP`,`UPDATE_USER`) VALUES ('OPA_RETURN','Y',23,'Q_NOTIFICATION',0,now(),'admin');
INSERT INTO `MQ_ROUTER_ACTION_CONFIGURATION` (`ACTION_TYPE`,`IS_ACTIVE`,`MODULE_CODE`,`QUEUE_NAME`,`SUB_MODULE_CODE`,`UPDATE_TIMESTAMP`,`UPDATE_USER`) VALUES ('OPA_WITHDRAWN_RESUBMISSION','Y',23,'Q_NOTIFICATION',0,now(),'admin');
INSERT INTO `MQ_ROUTER_ACTION_CONFIGURATION` (`ACTION_TYPE`,`IS_ACTIVE`,`MODULE_CODE`,`QUEUE_NAME`,`SUB_MODULE_CODE`,`UPDATE_TIMESTAMP`,`UPDATE_USER`) VALUES ('OPA_RETURNED_RESUBMISSION','Y',23,'Q_NOTIFICATION',0,now(),'admin');
INSERT INTO `MQ_ROUTER_ACTION_CONFIGURATION` (`ACTION_TYPE`,`IS_ACTIVE`,`MODULE_CODE`,`QUEUE_NAME`,`SUB_MODULE_CODE`,`UPDATE_TIMESTAMP`,`UPDATE_USER`) VALUES ('OPA_ASSIGN_ADMIN','Y',23,'Q_NOTIFICATION',0,now(),'admin');
INSERT INTO `MQ_ROUTER_ACTION_CONFIGURATION` (`ACTION_TYPE`,`IS_ACTIVE`,`MODULE_CODE`,`QUEUE_NAME`,`SUB_MODULE_CODE`,`UPDATE_TIMESTAMP`,`UPDATE_USER`) VALUES ('OPA_REASSIGN_ADMIN','Y',23,'Q_NOTIFICATION',0,now(),'admin');
INSERT INTO `MQ_ROUTER_ACTION_CONFIGURATION` (`ACTION_TYPE`,`IS_ACTIVE`,`MODULE_CODE`,`QUEUE_NAME`,`SUB_MODULE_CODE`,`UPDATE_TIMESTAMP`,`UPDATE_USER`) VALUES ('OPA_REVIEWER_ASSIGN','Y',23,'Q_NOTIFICATION',0,now(),'admin');
INSERT INTO `MQ_ROUTER_ACTION_CONFIGURATION` (`ACTION_TYPE`,`IS_ACTIVE`,`MODULE_CODE`,`QUEUE_NAME`,`SUB_MODULE_CODE`,`UPDATE_TIMESTAMP`,`UPDATE_USER`) VALUES ('OPA_REVIEWER_REVIEW_COMPLETE','Y',23,'Q_NOTIFICATION',0,now(),'admin');
INSERT INTO `MQ_ROUTER_ACTION_CONFIGURATION` (`ACTION_TYPE`,`IS_ACTIVE`,`MODULE_CODE`,`QUEUE_NAME`,`SUB_MODULE_CODE`,`UPDATE_TIMESTAMP`,`UPDATE_USER`) VALUES ('OPA_ADMIN_REVIEWER_COMPLETE','Y',23,'Q_NOTIFICATION',0,now(),'admin');

-- MQ_ROUTER_TRIGGER_CONFIGURATION
INSERT INTO `MQ_ROUTER_TRIGGER_CONFIGURATION` (`TRIGGER_TYPE`,`IS_ACTIVE`,`QUEUE_NAME`,`DESCRIPTION`,`UPDATE_TIMESTAMP`,`UPDATE_USER`) VALUES ('OPA_ROUTELOG_APPROVE','Y','Q_NOTIFICATION',NULL,now(),'admin');
INSERT INTO `MQ_ROUTER_TRIGGER_CONFIGURATION` (`TRIGGER_TYPE`,`IS_ACTIVE`,`QUEUE_NAME`,`DESCRIPTION`,`UPDATE_TIMESTAMP`,`UPDATE_USER`) VALUES ('OPA_ROUTELOG_BYPASSED','Y','Q_NOTIFICATION',NULL,now(),'admin');

-- NOTIFY_PLACEHOLDER_HEADER
INSERT INTO `NOTIFY_PLACEHOLDER_HEADER` (`NOTIFY_PLACEHOLDER_HEADER_ID`,`MODULE_CODE`,`SUB_MODULE_CODE`,`QUERY_DEFINITION`,`QUERY_TYPE`,`ELEMENT_NAME`,`ELEMENT_TYPE`,`IS_ACTIVE`,`DESCRIPTION`,`UPDATE_TIMESTAMP`,`UPDATE_USER`,`UNIQUE_DISPLAY_NAME`) VALUES (19,23,0,'GET_OPA_DETAILS','P',NULL,'P','Y','OPA Details',now(),'admin','OPA_DETAILS');
INSERT INTO `NOTIFY_PLACEHOLDER_HEADER` (`NOTIFY_PLACEHOLDER_HEADER_ID`,`MODULE_CODE`,`SUB_MODULE_CODE`,`QUERY_DEFINITION`,`QUERY_TYPE`,`ELEMENT_NAME`,`ELEMENT_TYPE`,`IS_ACTIVE`,`DESCRIPTION`,`UPDATE_TIMESTAMP`,`UPDATE_USER`,`UNIQUE_DISPLAY_NAME`) VALUES (20,23,0,NULL,'S',NULL,'S','Y',NULL,now(),'admin','OPA_OTHER');
INSERT INTO `NOTIFY_PLACEHOLDER_HEADER` (`NOTIFY_PLACEHOLDER_HEADER_ID`,`MODULE_CODE`,`SUB_MODULE_CODE`,`QUERY_DEFINITION`,`QUERY_TYPE`,`ELEMENT_NAME`,`ELEMENT_TYPE`,`IS_ACTIVE`,`DESCRIPTION`,`UPDATE_TIMESTAMP`,`UPDATE_USER`,`UNIQUE_DISPLAY_NAME`) VALUES (21,23,0,NULL,'U',NULL,'U','Y','OPA Url',now(),'admin','OPA_URL');


-- NOTIFY_PLACEHOLDER_COLUMNS
INSERT INTO `NOTIFY_PLACEHOLDER_COLUMNS` (`NOTIFY_PLACEHOLDER_HEADER_ID`,`QUERY_COLUMN_NAME`,`LABEL_NAME`,`UPDATE_TIMESTAMP`,`UPDATE_USER`,`BASE_URL_ID`,`URL_PATH`) VALUES (19,'REPORTER_NAME','OPA Reporter Name',now(),'admin',NULL,NULL);
INSERT INTO `NOTIFY_PLACEHOLDER_COLUMNS` (`NOTIFY_PLACEHOLDER_HEADER_ID`,`QUERY_COLUMN_NAME`,`LABEL_NAME`,`UPDATE_TIMESTAMP`,`UPDATE_USER`,`BASE_URL_ID`,`URL_PATH`) VALUES (19,'CERTIFICATION_DATE','OPA Certification Date',now(),'admin',NULL,NULL);
INSERT INTO `NOTIFY_PLACEHOLDER_COLUMNS` (`NOTIFY_PLACEHOLDER_HEADER_ID`,`QUERY_COLUMN_NAME`,`LABEL_NAME`,`UPDATE_TIMESTAMP`,`UPDATE_USER`,`BASE_URL_ID`,`URL_PATH`) VALUES (19,'DEPARTMENT_NUMBER','Department Number',now(),'admin',NULL,NULL);
INSERT INTO `NOTIFY_PLACEHOLDER_COLUMNS` (`NOTIFY_PLACEHOLDER_HEADER_ID`,`QUERY_COLUMN_NAME`,`LABEL_NAME`,`UPDATE_TIMESTAMP`,`UPDATE_USER`,`BASE_URL_ID`,`URL_PATH`) VALUES (19,'DEPARTMENT_NAME','Department Name',now(),'admin',NULL,NULL);
INSERT INTO `NOTIFY_PLACEHOLDER_COLUMNS` (`NOTIFY_PLACEHOLDER_HEADER_ID`,`QUERY_COLUMN_NAME`,`LABEL_NAME`,`UPDATE_TIMESTAMP`,`UPDATE_USER`,`BASE_URL_ID`,`URL_PATH`) VALUES (20,'WITHDRAWAL_REASON','Withdrawal Reason',now(),'admin',NULL,NULL);
INSERT INTO `NOTIFY_PLACEHOLDER_COLUMNS` (`NOTIFY_PLACEHOLDER_HEADER_ID`,`QUERY_COLUMN_NAME`,`LABEL_NAME`,`UPDATE_TIMESTAMP`,`UPDATE_USER`,`BASE_URL_ID`,`URL_PATH`) VALUES (20,'RETURN_REASON','Returned Reason',now(),'admin',NULL,NULL);
INSERT INTO `NOTIFY_PLACEHOLDER_COLUMNS` (`NOTIFY_PLACEHOLDER_HEADER_ID`,`QUERY_COLUMN_NAME`,`LABEL_NAME`,`UPDATE_TIMESTAMP`,`UPDATE_USER`,`BASE_URL_ID`,`URL_PATH`) VALUES (20,'ADMINISTRATOR_NAME','Administrator name',now(),'admin',NULL,NULL);
INSERT INTO `NOTIFY_PLACEHOLDER_COLUMNS` (`NOTIFY_PLACEHOLDER_HEADER_ID`,`QUERY_COLUMN_NAME`,`LABEL_NAME`,`UPDATE_TIMESTAMP`,`UPDATE_USER`,`BASE_URL_ID`,`URL_PATH`) VALUES (20,'ADMIN_ASSIGNED_BY','Admin assigned By',now(),'admin',NULL,NULL);
INSERT INTO `NOTIFY_PLACEHOLDER_COLUMNS` (`NOTIFY_PLACEHOLDER_HEADER_ID`,`QUERY_COLUMN_NAME`,`LABEL_NAME`,`UPDATE_TIMESTAMP`,`UPDATE_USER`,`BASE_URL_ID`,`URL_PATH`) VALUES (20,'ADMIN_ASSIGNED_TO','Admin Assigned To',now(),'admin',NULL,NULL);
INSERT INTO `NOTIFY_PLACEHOLDER_COLUMNS` (`NOTIFY_PLACEHOLDER_HEADER_ID`,`QUERY_COLUMN_NAME`,`LABEL_NAME`,`UPDATE_TIMESTAMP`,`UPDATE_USER`,`BASE_URL_ID`,`URL_PATH`) VALUES (20,'NOTIFICATION_RECIPIENTS','NOTIFICATION RECIPIENTS',now(),'admin',NULL,NULL);
INSERT INTO `NOTIFY_PLACEHOLDER_COLUMNS` (`NOTIFY_PLACEHOLDER_HEADER_ID`,`QUERY_COLUMN_NAME`,`LABEL_NAME`,`UPDATE_TIMESTAMP`,`UPDATE_USER`,`BASE_URL_ID`,`URL_PATH`) VALUES (20,'APPROVER_STOP_NAME','APPROVER STOP NAME',now(),'admin',NULL,NULL);
INSERT INTO `NOTIFY_PLACEHOLDER_COLUMNS` (`NOTIFY_PLACEHOLDER_HEADER_ID`,`QUERY_COLUMN_NAME`,`LABEL_NAME`,`UPDATE_TIMESTAMP`,`UPDATE_USER`,`BASE_URL_ID`,`URL_PATH`) VALUES (20,'WORKFLOW_COMMENT','WORKFLOW COMMENT',now(),'admin',NULL,NULL);
INSERT INTO `NOTIFY_PLACEHOLDER_COLUMNS` (`NOTIFY_PLACEHOLDER_HEADER_ID`,`QUERY_COLUMN_NAME`,`LABEL_NAME`,`UPDATE_TIMESTAMP`,`UPDATE_USER`,`BASE_URL_ID`,`URL_PATH`) VALUES (21,'OPA_URL','Opa Url',now(),'admin',1,'opa/form?disclosureId={OPA_DETAILS#OPA_DISCLOSURE_ID}');
INSERT INTO `NOTIFY_PLACEHOLDER_COLUMNS` (`NOTIFY_PLACEHOLDER_HEADER_ID`,`QUERY_COLUMN_NAME`,`LABEL_NAME`,`UPDATE_TIMESTAMP`,`UPDATE_USER`,`BASE_URL_ID`,`URL_PATH`) VALUES (19,'OPA_DISCLOSURE_ID','OPA Disclosure Id',now(),'admin',NULL,NULL);
INSERT INTO `NOTIFY_PLACEHOLDER_COLUMNS` (`NOTIFY_PLACEHOLDER_HEADER_ID`,`QUERY_COLUMN_NAME`,`LABEL_NAME`,`UPDATE_TIMESTAMP`,`UPDATE_USER`,`BASE_URL_ID`,`URL_PATH`) VALUES (20,'WORKFLOW_ACTION_USER_NAME','workflow action user name',now(),'admin',NULL,NULL);
INSERT INTO `NOTIFY_PLACEHOLDER_COLUMNS` (`NOTIFY_PLACEHOLDER_HEADER_ID`,`QUERY_COLUMN_NAME`,`LABEL_NAME`,`UPDATE_TIMESTAMP`,`UPDATE_USER`,`BASE_URL_ID`,`URL_PATH`) VALUES (19,'DISPOSITION_STATUS','Disposition status',now(),'admin',NULL,NULL);
INSERT INTO `NOTIFY_PLACEHOLDER_COLUMNS` (`NOTIFY_PLACEHOLDER_HEADER_ID`,`QUERY_COLUMN_NAME`,`LABEL_NAME`,`UPDATE_TIMESTAMP`,`UPDATE_USER`,`BASE_URL_ID`,`URL_PATH`) VALUES (20,'REVIEWER_REVIEW_STATUS','Reviewer review status',now(),'admin',NULL,NULL);
INSERT INTO `NOTIFY_PLACEHOLDER_COLUMNS` (`NOTIFY_PLACEHOLDER_HEADER_ID`,`QUERY_COLUMN_NAME`,`LABEL_NAME`,`UPDATE_TIMESTAMP`,`UPDATE_USER`,`BASE_URL_ID`,`URL_PATH`) VALUES (20,'REVIEW_LOCATION','Reviewer review location',now(),'admin',NULL,NULL);
INSERT INTO `NOTIFY_PLACEHOLDER_COLUMNS` (`NOTIFY_PLACEHOLDER_HEADER_ID`,`QUERY_COLUMN_NAME`,`LABEL_NAME`,`UPDATE_TIMESTAMP`,`UPDATE_USER`,`BASE_URL_ID`,`URL_PATH`) VALUES (20,'REVIEWER_NAME','Reviewer Name',now(),'admin',NULL,NULL);

INSERT INTO `MESSAGE` (`MESSAGE_TYPE_CODE`,`DESCRIPTION`,`UPDATE_TIMESTAMP`,`UPDATE_USER`) VALUES ('8030','OPA disclosure waiting for Administrator review',now(),'admin');

DELETE FROM `NOTIFICATION_RECIPIENT`
WHERE `NOTIFICATION_TYPE_ID` = 8075
  AND `ROLE_TYPE_CODE` = 68;
