
SET SQL_SAFE_UPDATES=0;
SET FOREIGN_KEY_CHECKS = 0;
TRUNCATE TABLE notify_placeholder_columns;
TRUNCATE TABLE notify_placeholder_header;
TRUNCATE TABLE MQ_ROUTER_ACTION_CONFIGURATION;
TRUNCATE TABLE MQ_ROUTER_TRIGGER_CONFIGURATION;
TRUNCATE TABLE notify_action_type_map;
TRUNCATE TABLE module_action_type;
DELETE FROM notification_recipient where NOTIFICATION_TYPE_ID = 8000 or NOTIFICATION_TYPE_ID > 8000;
DELETE FROM notification_type where NOTIFICATION_TYPE_ID = 8000 or NOTIFICATION_TYPE_ID > 8000;
SET FOREIGN_KEY_CHECKS = 1;



INSERT INTO base_urls
(LINK, UPDATE_TIMESTAMP, UPDATED_BY, BASE_URL_ID)
VALUES('http://192.168.1.149/fibicoi/#/coi', now(), 'admin', 1);

INSERT INTO module_action_type (MODULE_ACTION_TYPE_ID,ACTION_TYPE,MODULE_CODE,SUB_MODULE_CODE,IS_ACTIVE,DESCRIPTION,UPDATE_TIMESTAMP,UPDATE_USER) VALUES
	 (1,'FCOI_SUBMIT',8,0,'Y','FCOI Disclosure Submit/Certify',now(),'quickstart'),
	 (2,'PROJECT_SUBMIT',8,0,'Y','Project disclosure submit',now(),'quickstart'),
	 (3,'FCOI_COMPLETE',8,0,'Y','FCOI Disclosure complete/approve',now(),'quickstart'),
	 (4,'PROJECT_COMPLETE',8,0,'Y','Project Disclosure complete/approve',now(),'quickstart'),
	 (5,'FCOI_RETURN',8,0,'Y','FCOI Disclosure Return',now(),'quickstart'),
	 (6,'PROJECT_RETURN',8,0,'Y','Project Disclosure Return',now(),'quickstart'),
	 (7,'FCOI_WITHDRAW',8,0,'Y','FCOI Disclosure Withdraw',now(),'quickstart'),
	 (8,'PROJECT_WITHDRAW',8,0,'Y','Project Disclosure Withdraw',now(),'quickstart'),
	 (9,'FCOI_REVIEWER_ASSIGN',8,0,'Y','FCOI Disclosure Reviewer added',now(),'quickstart'),
	 (10,'PROJECT_REVIEWER_ASSIGN',8,0,'Y','Project Disclosure Reviewer updated',now(),'quickstart');
INSERT INTO module_action_type (MODULE_ACTION_TYPE_ID,ACTION_TYPE,MODULE_CODE,SUB_MODULE_CODE,IS_ACTIVE,DESCRIPTION,UPDATE_TIMESTAMP,UPDATE_USER) VALUES
	 (11,'FCOI_REVIEWER_UPDATE',8,0,'Y','FCOI Disclosure  Reviewer added',now(),'quickstart'),
	 (12,'PROJECT_REVIEWER_UPDATE',8,0,'Y','Project Disclosure Reviewer updated',now(),'quickstart'),
	 (13,'FCOI_ASSIGN_ADMIN',8,0,'Y','FCOI Disclosure Assign Administrator',now(),'quickstart'),
	 (14,'PROJECT_ASSIGN_ADMIN',8,0,'Y','Project Disclosure Assign Administrator',now(),'quickstart'),
	 (15,'FCOI_RESUBMIT',8,0,'Y','FCOI Disclosure Resubmit',now(),'quickstart'),
	 (16,'PROJECT_RESUBMIT',8,0,'Y','Project Disclosure Resubmit',now(),'quickstart'),
	 (17,'FCOI_LOCATION_ASSIGN',8,0,'Y','FCOI Disclosure Reviewer Location added',now(),'quickstart'),
	 (18,'PROJECT_LOCATION_ASSIGN',8,0,'Y','Project Disclosure Reviewer Location added',now(),'quickstart'),
	 (19,'FCOI_LOCATION_UPDATE',8,0,'Y','FCOI Disclosure  Reviewer Location updated',now(),'quickstart'),
	 (20,'PROJECT_LOCATION_UPDATE',8,0,'Y','Project Disclosure Reviewer Location updated',now(),'quickstart');
INSERT INTO module_action_type (MODULE_ACTION_TYPE_ID,ACTION_TYPE,MODULE_CODE,SUB_MODULE_CODE,IS_ACTIVE,DESCRIPTION,UPDATE_TIMESTAMP,UPDATE_USER) VALUES
	 (21,'FCOI_REASSIGN_ADMIN',8,0,'Y','FCOI Disclosure Reassign Administrator',now(),'quickstart'),
	 (22,'PROJECT_REASSIGN_ADMIN',8,0,'Y','Project Disclosure Reassign Administrator',now(),'quickstart'),
	 (23,'PROJECT_NOTIFY',8,0,'Y','Notify Incomplete ProjectDisclosure',now(),'ADMIN'),
	 (24,'FCOI_REVIEWER_REVIEW_COMPLETE',8,0,'Y','FCOI Disclosure Reviewer Review Complete',now(),'quickstart'),
	 (25,'PROJ_REVIEWER_REVIEW_COMPLETE',8,0,'Y','Project Disclosure Reviewer Review Complete',now(),'quickstart'),
	 (26,'FCOI_REVIEWER_ADMIN_COMPLETE',8,0,'Y','FCOI Disclosure Reviewer Review Complete by Admin',now(),'quickstart'),
	 (27,'PROJ_REVIEWER_ADMIN_COMPLETE',8,0,'Y','Project Disclosure Reviewer Review Complete by Admin',now(),'quickstart'),
	 (28,'FCOI_DISCL_RISK_MODIFY',8,0,'Y','FCOI Disclosure Risk Modify',now(),'quickstart'),
	 (29,'PROJECT_DISCL_RISK_MODIFY',8,0,'Y','Project Disclosure Risk Modify',now(),'quickstart'),
	 (30,'FCOI_DISCL_CONFLICT_MODIFY',8,0,'Y','FCOI Disclosure Status Modify',now(),'quickstart');
INSERT INTO module_action_type (MODULE_ACTION_TYPE_ID,ACTION_TYPE,MODULE_CODE,SUB_MODULE_CODE,IS_ACTIVE,DESCRIPTION,UPDATE_TIMESTAMP,UPDATE_USER) VALUES
	 (32,'PROJECT_DISCL_CONFLICT_MODIFY',8,0,'Y','Project Disclosure Status Modify',now(),'quickstart'),
	 (33,'ENTITY_CREATION',26,0,'Y','Entity Creation',now(),'quickstart'),
	 (34,'ENTITY_MODIFY',26,0,'Y','Entity Creation',now(),'quickstart'),
	 (35,'ENTITY_INACTIVATE',26,0,'Y','Entity Creation',now(),'quickstart'),
	 (36,'FCOI_REVIEWER_REMOVE',8,0,'Y','FCOI Reviewer Removal',now(),'quickstart'),
	 (37,'PROJECT_REVIEWER_REMOVE',8,0,'Y','Project Reviewer Removal',now(),'quickstart');

INSERT INTO notify_placeholder_header (NOTIFY_PLACEHOLDER_HEADER_ID,MODULE_CODE,SUB_MODULE_CODE,QUERY_DEFINITION,QUERY_TYPE,ELEMENT_NAME,ELEMENT_TYPE,IS_ACTIVE,DESCRIPTION,UPDATE_TIMESTAMP,UPDATE_USER,UNIQUE_DISPLAY_NAME) VALUES
	 (1,8,0,'GET_COI_DISCL_GENERAL_DETAILS','P','','P','Y','',now(),'quickstart','COI_DISCLOSURE'),
	 (2,8,0,'','S','','S','Y','Hardcoded Placeholders',now(),'quickstart','COI_DISCL_OTHER'),
	 (3,8,0,'GET_COI_DISCL_REVIEW_DETAILS','P','','P','Y','Disclosure review details only',now(),'quickstart','COI_DISCL_REVIEW'),
	 (4,8,0,'','S','','S','Y','Hardcoded Placeholders',now(),'quickstart','PROJECT_DETAIL'),
	 (5,8,0,NULL,NULL,NULL,'U','Y','Disclosure Urls',now(),'quickstart','COI_DISCL_URL'),
	 (6,8,0,'GET_COI_DISCL_PROJECT_DETAILS','P',NULL,'P','Y','FCOI Disclosure Project Details',now(),'quickstart','FCOI_DISCL_PROJ'),
	 (7,26,0,'GET_GLOBAL_ENTITY_DETAILS','P',NULL,'P','Y','Global Entity Details',now(),'quickstart','GLOBAL_ENTITY'),
	 (8,26,0,NULL,'S',NULL,'S','Y','Global Entity Other Details',now(),'quickstart','GLOBAL_ENTITY_OTHER'),
	 (9,26,0,NULL,'U',NULL,'U','Y','Global Entity URL',now(),'quickstart','GLOBAL_ENTITY_URL');


INSERT INTO notify_placeholder_columns (NOTIFY_PLACEHOLDER_HEADER_ID,QUERY_COLUMN_NAME,LABEL_NAME,UPDATE_TIMESTAMP,UPDATE_USER,BASE_URL_ID,URL_PATH) VALUES
	 (1,'DISCLOSURE_STATUS','Disclosure Status',now(),'quickstart',NULL,NULL),
	 (1,'EXPIRATION_DATE','Disclosure Expiration Date',now(),'quickstart',NULL,NULL),
	 (1,'CERTIFICATION_DATE','Disclosure Certification Date',now(),'quickstart',NULL,NULL),
	 (1,'REVIEW_STATUS','Disclosure Review Status',now(),'quickstart',NULL,NULL),
	 (1,'DEPARTMENT_NAME','Disclosure Department Name',now(),'quickstart',NULL,NULL),
	 (1,'DEPARTMENT_NUMBER','Disclosure Department Number',now(),'quickstart',NULL,NULL),
	 (1,'REPORTER_NAME','Reporter Name',now(),'quickstart',NULL,NULL),
	 (2,'WITHDRAWAL_REASON','Disclosure Withdrawal Reason',now(),'quickstart',NULL,NULL),
	 (2,'WITHDRAWAL_DATE','Disclosure Withdrawal Date',now(),'quickstart',NULL,NULL),
	 (2,'RETURN_REASON','Disclosure Return Reason',now(),'quickstart',NULL,NULL);
INSERT INTO notify_placeholder_columns (NOTIFY_PLACEHOLDER_HEADER_ID,QUERY_COLUMN_NAME,LABEL_NAME,UPDATE_TIMESTAMP,UPDATE_USER,BASE_URL_ID,URL_PATH) VALUES
	 (1,'ADMINISTRATOR_NAME','Administrator Name',now(),'quickstart',NULL,NULL),
	 (2,'ADMIN_ASSIGNED_BY','Administrator Assigned By',now(),'quickstart',NULL,NULL),
	 (2,'ADMIN_ASSIGNED_TO','Administrator Assigned To',now(),'quickstart',NULL,NULL),
	 (3,'REVIEW_LOCATION','Review Location',now(),'quickstart',NULL,NULL),
	 (3,'REVIEWER_REVIEW_STATUS','Reviewer Review Status',now(),'quickstart',NULL,NULL),
	 (1,'PROJECT_NUMBER','Disclosure Project ID/Number',now(),'quickstart',NULL,NULL),
	 (1,'PROJECT_TITLE','Disclosure Project Title',now(),'quickstart',NULL,NULL),
	 (4,'PROJECT_MODULE_ITEM_KEY','Project Number',now(),'quickstart',NULL,NULL),
	 (4,'PROJECT_PERSON_NAME','Project Person Name',now(),'quickstart',NULL,NULL),
	 (4,'PROJECT_TITLE','Project Title',now(),'quickstart',NULL,NULL);
INSERT INTO notify_placeholder_columns (NOTIFY_PLACEHOLDER_HEADER_ID,QUERY_COLUMN_NAME,LABEL_NAME,UPDATE_TIMESTAMP,UPDATE_USER,BASE_URL_ID,URL_PATH) VALUES
	 (5,'DISCLOSURE_URL','Disclosure Url',now(),'quickstart',1,'/create-disclosure/screening?disclosureId={COI_DISCLOSURE#DISCLOSURE_ID}'),
	 (1,'DISCLOSURE_ID','Disclosure Id',now(),'quickstart',NULL,NULL),
	 (3,'REVIEWER_NAME','Reviewer Name',now(),'quickstart',NULL,NULL),
	 (2,'PREVIOUS_RISK','Previous Risk',now(),'quickstart',NULL,NULL),
	 (2,'NEW_RISK','New Risk',now(),'quickstart',NULL,NULL),
	 (2,'RISK_MODIFIED_REASON','Reason for Risk Modification',now(),'quickstart',NULL,NULL),
	 (2,'PREVIOUS_DISCLOSURE_STATUS','Disclosure Previous Status',now(),'quickstart',NULL,NULL),
	 (2,'NEW_DISCLOSURE_STATUS','Disclosure New Status',now(),'quickstart',NULL,NULL),
	 (2,'DISCLOSURE_STATUS_MODIFY_REASON','Disclosure Status Modify Reason',now(),'quickstart',NULL,NULL),
	 (2,'DISCLOSURE_STATUS_MODIFY_REASON','Disclosure Status Modify Reason',now(),'quickstart',NULL,NULL);
INSERT INTO notify_placeholder_columns (NOTIFY_PLACEHOLDER_HEADER_ID,QUERY_COLUMN_NAME,LABEL_NAME,UPDATE_TIMESTAMP,UPDATE_USER,BASE_URL_ID,URL_PATH) VALUES
	 (1,'PROJECT_TYPE','Disclosure Project Type',now(),'quickstart',NULL,NULL),
	 (2,'DAYS_LEFT_TO_EXPIRE','No of Days for Disclosure Expiration',now(),'quickstart',NULL,NULL),
	 (1,'FCOI_TYPE','FCOI Type',now(),'quickstart',NULL,NULL),
	 (6,'FOREIGN_NAME','Entity Foreign Name',now(),'quickstart',NULL,NULL),
	 (6,'PRIOR_NAME','Entity Prior Name',now(),'quickstart',NULL,NULL),
	 (6,'SHORT_NAME','Entity Short Name',now(),'quickstart',NULL,NULL),
	 (6,'DUNS_NUMBER','Entity Duns Name',now(),'quickstart',NULL,NULL),
	 (6,'UEI_NUMBER','Entity UEI Name',now(),'quickstart',NULL,NULL),
	 (6,'CAGE_NUMBER','Entity CAGE Name',now(),'quickstart',NULL,NULL),
	 (6,'PRIMARY_ADDRESS_LINE_1','Primary Address Line 1',now(),'quickstart',NULL,NULL);
INSERT INTO notify_placeholder_columns (NOTIFY_PLACEHOLDER_HEADER_ID,QUERY_COLUMN_NAME,LABEL_NAME,UPDATE_TIMESTAMP,UPDATE_USER,BASE_URL_ID,URL_PATH) VALUES
	 (6,'PRIMARY_ADDRESS_LINE_2','Primary Address Line 2',now(),'quickstart',NULL,NULL),
	 (6,'CITY','City',now(),'quickstart',NULL,NULL),
	 (6,'STATE','State',now(),'quickstart',NULL,NULL),
	 (6,'POST_CODE','Postal Code',now(),'quickstart',NULL,NULL),
	 (6,'ENTITY_STATUS','Entity Status',now(),'quickstart',NULL,NULL),
	 (6,'ENTITY_OWNERSHIP','Entity Ownership',now(),'quickstart',NULL,NULL),
	 (6,'COUNTRY_NAME','Country Name',now(),'quickstart',NULL,NULL),
	 (9,'ENTITY_URL','Entity Url',now(),'quickstart',1,'/manage-entity/entity-overview?entityManageId={GLOBAL_ENTITY#ENTITY_ID}'),
	 (6,'ENTITY_ID','Entity Id',now(),'quickstart',NULL,NULL),
	 (6,'ENTITY_CREATED_BY','Entity Created By',now(),'quickstart',NULL,NULL);
INSERT INTO notify_placeholder_columns (NOTIFY_PLACEHOLDER_HEADER_ID,QUERY_COLUMN_NAME,LABEL_NAME,UPDATE_TIMESTAMP,UPDATE_USER,BASE_URL_ID,URL_PATH) VALUES
	 (8,'ENTITY_INACTIVATE_REASON','Entity Inactivation Reason',now(),'quickstart',NULL,NULL),
	 (6,'CREATE_TIMESTAMP','Entity Created At',now(),'quickstart',NULL,NULL),
	 (2,'REVIEWER_REVIEW_OLD_LOCATION','Review Previous Location',now(),'quickstart',NULL,NULL),
	 (2,'OLD_REVIEWER_NAME','Previous Reviewer Name',now(),'quickstart',NULL,NULL),
	 (6,'PRIMARY_NAME','Entity Primary Name',now(),'quickstart',NULL,NULL);

INSERT INTO mq_router_action_configuration (ACTION_TYPE,IS_ACTIVE,MODULE_CODE,QUEUE_NAME,SUB_MODULE_CODE,UPDATE_TIMESTAMP,UPDATE_USER) VALUES
	 ('FCOI_COMPLETE','Y',8,'Q_NOTIFICATION',0,now(),'quickstart'),
	 ('FCOI_SUBMIT','Y',8,'Q_NOTIFICATION',0,now(),'quickstart'),
	 ('FCOI_WITHDRAW','Y',8,'Q_NOTIFICATION',0,now(),'quickstart'),
	 ('FCOI_RETURN','Y',8,'Q_NOTIFICATION',0,now(),'quickstart'),
	 ('FCOI_ASSIGN_ADMIN','Y',8,'Q_NOTIFICATION',0,now(),'quickstart'),
	 ('FCOI_REASSIGN_ADMIN','Y',8,'Q_NOTIFICATION',0,now(),'quickstart'),
	 ('PROJECT_WITHDRAW','Y',8,'Q_NOTIFICATION',0,now(),'quickstart'),
	 ('PROJECT_ASSIGN_ADMIN','Y',8,'Q_NOTIFICATION',0,now(),'quickstart'),
	 ('PROJECT_REASSIGN_ADMIN','Y',8,'Q_NOTIFICATION',0,now(),'quickstart'),
	 ('PROJECT_RETURN','Y',8,'Q_NOTIFICATION',0,now(),'quickstart');
INSERT INTO mq_router_action_configuration (ACTION_TYPE,IS_ACTIVE,MODULE_CODE,QUEUE_NAME,SUB_MODULE_CODE,UPDATE_TIMESTAMP,UPDATE_USER) VALUES
	 ('PROJECT_NOTIFY','Y',8,'Q_NOTIFICATION',0,now(),'quickstart'),
	 ('FCOI_REVIEWER_REVIEW_COMPLETE','Y',8,'Q_NOTIFICATION',0,now(),'quickstart'),
	 ('PROJ_REVIEWER_REVIEW_COMPLETE','Y',8,'Q_NOTIFICATION',0,now(),'quickstart'),
	 ('FCOI_LOCATION_ASSIGN','Y',8,'Q_NOTIFICATION',0,now(),'quickstart'),
	 ('FCOI_REVIEWER_ADMIN_COMPLETE','Y',8,'Q_NOTIFICATION',0,now(),'quickstart'),
	 ('PROJ_REVIEWER_ADMIN_COMPLETE','Y',8,'Q_NOTIFICATION',0,now(),'quickstart'),
	 ('FCOI_DISCL_RISK_MODIFY','Y',8,'Q_NOTIFICATION',0,now(),'quickstart'),
	 ('PROJECT_DISCL_RISK_MODIFY','Y',8,'Q_NOTIFICATION',0,now(),'quickstart'),
	 ('FCOI_DISCL_CONFLICT_MODIFY','Y',8,'Q_NOTIFICATION',0,now(),'quickstart'),
	 ('PROJECT_DISCL_CONFLICT_MODIFY','Y',8,'Q_NOTIFICATION',0,now(),'quickstart');
INSERT INTO mq_router_action_configuration (ACTION_TYPE,IS_ACTIVE,MODULE_CODE,QUEUE_NAME,SUB_MODULE_CODE,UPDATE_TIMESTAMP,UPDATE_USER) VALUES
	 ('PROJECT_SUBMIT','Y',8,'Q_NOTIFICATION',0,now(),'quickstart'),
	 ('PROJECT_RESUBMIT','Y',8,'Q_NOTIFICATION',0,now(),'quickstart'),
	 ('FCOI_RESUBMIT','Y',8,'Q_NOTIFICATION',0,now(),'quickstart'),
	 ('FCOI_REVIEWER_ASSIGN','Y',8,'Q_NOTIFICATION',0,now(),'quickstart'),
	 ('ENTITY_CREATION','Y',26,'Q_NOTIFICATION',0,now(),'quickstart'),
	 ('ENTITY_MODIFY','Y',26,'Q_NOTIFICATION',0,now(),'quickstart'),
	 ('ENTITY_INACTIVATE','Y',26,'Q_NOTIFICATION',0,now(),'quickstart'),
	 ('PROJECT_REVIEWER_ASSIGN','Y',8,'Q_NOTIFICATION',0,now(),'quickstart'),
	 ('FCOI_LOCATION_UPDATE','Y',8,'Q_NOTIFICATION',0,now(),'quickstart'),
	 ('PROJECT_LOCATION_UPDATE','Y',8,'Q_NOTIFICATION',0,now(),'quickstart');
INSERT INTO mq_router_action_configuration (ACTION_TYPE,IS_ACTIVE,MODULE_CODE,QUEUE_NAME,SUB_MODULE_CODE,UPDATE_TIMESTAMP,UPDATE_USER) VALUES
	 ('FCOI_REVIEWER_REMOVE','Y',8,'Q_NOTIFICATION',0,now(),'quickstart'),
	 ('PROJECT_REVIEWER_REMOVE','Y',8,'Q_NOTIFICATION',0,now(),'quickstart');

INSERT INTO `MQ_ROUTER_TRIGGER_CONFIGURATION` (`TRIGGER_TYPE`, `IS_ACTIVE`, `QUEUE_NAME`, `DESCRIPTION`, `UPDATE_TIMESTAMP`, `UPDATE_USER`)
VALUES ('COI_REMINDER_NOTIFY', 'Y', 'Q_NOTIFICATION', 'Coi Reminder Notification', now(), 'quickstart');

INSERT INTO `person_role_type` (`ROLE_TYPE_CODE`, `DESCRIPTION`, `UPDATE_TIMESTAMP`, `UPDATE_USER`, `IS_ACTIVE`)
VALUES ('58', 'Entity Admins', now(), 'quickstart', 'Y');

INSERT INTO `person_role_type` (`ROLE_TYPE_CODE`, `DESCRIPTION`, `UPDATE_TIMESTAMP`, `UPDATE_USER`, `IS_ACTIVE`)
VALUES ('59', 'Entity Reporters', now(), 'quickstart', 'Y');


INSERT INTO notification_type (NOTIFICATION_TYPE_ID,MODULE_CODE,SUB_MODULE_CODE,DESCRIPTION,SUBJECT,MESSAGE,PROMPT_USER,IS_ACTIVE,CREATE_USER,CREATE_TIMESTAMP,UPDATE_USER,UPDATE_TIMESTAMP,IS_SYSTEM_SPECIFIC,SHOW_TEMPLATE_IN_MODULE) VALUES
	 (8000,8,0,'FCOI Disclosure Submitted','Action required: Approval for COI Annual Disclosure Submitted by {COI_DISCLOSURE#REPORTER_NAME}.','<p><span style="font-family:Arial, Helvetica, sans-serif;">A COI Annual Disclosure was submitted by {COI_DISCLOSURE#REPORTER_NAME} on {COI_DISCLOSURE#CERTIFICATION_DATE}.</span></p><p><span style="font-family:Arial, Helvetica, sans-serif;">Department : {COI_DISCLOSURE#DEPARTMENT_NUMBER} - {COI_DISCLOSURE#DEPARTMENT_NAME}</span></p><p><span style="font-family:Arial, Helvetica, sans-serif;">Disclosure Status: {COI_DISCLOSURE#DISCLOSURE_STATUS}</span></p><p><span style="color:hsl(0, 0%, 0%);font-family:Arial, Helvetica, sans-serif;">Please follow</span><span style="color:rgb(23,43,77);font-family:Arial, Helvetica, sans-serif;"> </span><a href="{COI_DISCL_URL#DISCLOSURE_URL}"><span style="font-family:Arial, Helvetica, sans-serif;">this link</span></a><span style="color:rgb(23,43,77);font-family:Arial, Helvetica, sans-serif;"> </span><span style="color:hsl(0, 0%, 0%);font-family:Arial, Helvetica, sans-serif;">to review the application.</span></p><p><span style="font-family:Arial, Helvetica, sans-serif;">Note: This is a system-generated email. Please do not reply to this email.</span></p>','N','Y','quickstart',now(),'quickstart',now(),'N',NULL),
	 (8001,8,0,'FCOI Disclosure Withdrawn','Withdrawal of COI Annual Disclosure Submitted by {COI_DISCLOSURE#REPORTER_NAME}','<p><span style="color:hsl(0, 0%, 0%);">A COI Annual Disclosure was submitted by {COI_DISCLOSURE#REPORTER_NAME} on {COI_DISCLOSURE#CERTIFICATION_DATE} is Withdrawn for the following reason “{COI_DISCL_OTHER#WITHDRAWAL_REASON}”</span></p><p><span style="color:hsl(0, 0%, 0%);">Department : {COI_DISCLOSURE#DEPARTMENT_NUMBER} - {COI_DISCLOSURE#DEPARTMENT_NAME}</span></p><p><span style="color:hsl(0, 0%, 0%);">Disclosure Status: {COI_DISCLOSURE#DISCLOSURE_STATUS}</span></p><p><span style="color:hsl(0,0%,0%);font-family:Arial, Helvetica, sans-serif;">Please follow</span><span style="color:rgb(23,43,77);font-family:Arial, Helvetica, sans-serif;"> </span><a href="{COI_DISCL_URL#DISCLOSURE_URL}"><span style="font-family:Arial, Helvetica, sans-serif;">this link</span></a><span style="color:rgb(23,43,77);font-family:Arial, Helvetica, sans-serif;"> </span><span style="color:hsl(0,0%,0%);font-family:Arial, Helvetica, sans-serif;">to review the application.</span></p><p><span style="color:hsl(0, 0%, 0%);">Note: This is a system generated email. Please do not reply to this email.</span></p>','N','Y','quickstart',now(),'quickstart',now(),'N',NULL),
	 (8002,8,0,'FCOI Disclosure Returned','Action Required: COI Annual Disclosure Submitted by  {COI_DISCLOSURE#REPORTER_NAME} has been returned by the admin {COI_DISCLOSURE#ADMINISTRATOR_NAME}','<p><span style="color:hsl(0, 0%, 0%);">Your COI annual disclosure submitted on {COI_DISCLOSURE#CERTIFICATION_DATE} was returned for the following reason {COI_DISCL_OTHER#RETURN_REASON}.</span></p><p><span style="color:hsl(0, 0%, 0%);">Department : {COI_DISCLOSURE#DEPARTMENT_NUMBER} - {COI_DISCLOSURE#DEPARTMENT_NAME}</span></p><p><span style="color:hsl(0, 0%, 0%);">Disclosure Status: {COI_DISCLOSURE#DISCLOSURE_STATUS}</span></p><p><span style="color:hsl(0,0%,0%);font-family:Arial, Helvetica, sans-serif;">Please follow</span><span style="color:rgb(23,43,77);font-family:Arial, Helvetica, sans-serif;"> </span><a href="{COI_DISCL_URL#DISCLOSURE_URL}"><span style="font-family:Arial, Helvetica, sans-serif;">this link</span></a><span style="color:rgb(23,43,77);font-family:Arial, Helvetica, sans-serif;"> </span><span style="color:hsl(0,0%,0%);font-family:Arial, Helvetica, sans-serif;">to review the application.</span></p><p><span style="color:hsl(0, 0%, 0%);">Note: This is a system-generated email. Please do not reply to this email.</span></p>','N','Y','quickstart',now(),'quickstart',now(),'N',NULL),
	 (8003,8,0,'FCOI Disclosure Approved','Annual COI Disclosure of  {COI_DISCLOSURE#REPORTER_NAME} submitted on {COI_DISCLOSURE#CERTIFICATION_DATE} is Approved','<p>Your COI annual disclosure submitted on {COI_DISCLOSURE#CERTIFICATION_DATE} was approved.</p><p>Department: {COI_DISCLOSURE#DEPARTMENT_NUMBER} - {COI_DISCLOSURE#DEPARTMENT_NAME}</p><p>Disclosure Status: {COI_DISCLOSURE#DISCLOSURE_STATUS}</p><p>You can view the disclosure at <span style="color:rgb(23,43,77);font-family:Arial, Helvetica, sans-serif;"> </span><a href="{COI_DISCL_URL#DISCLOSURE_URL}"><span style="font-family:Arial, Helvetica, sans-serif;">this link</span></a><span style="color:rgb(23,43,77);font-family:Arial, Helvetica, sans-serif;"> </span></p><p>Note: This is a system-generated email. Please do not reply to this email.</p>','N','Y','quickstart',now(),'quickstart',now(),'N',NULL),
	 (8004,8,0,'FCOI Disclosure Administrator Assigned','Action required: You are assigned as an Administrator for the COI Annual disclosure Submitted by {COI_DISCLOSURE#REPORTER_NAME}','<p><span style="color:hsl(0, 0%, 0%);">Hello {COI_DISCL_OTHER#ADMIN_ASSIGNED_TO},</span></p><p><span style="color:hsl(0, 0%, 0%);">The COI Administrator {COI_DISCL_OTHER#ADMIN_ASSIGNED_BY} assigned you as the Administrator of the COI Annual Disclosure submitted on {COI_DISCLOSURE#CERTIFICATION_DATE} by {COI_DISCLOSURE#REPORTER_NAME}.</span></p><p><span style="color:hsl(0, 0%, 0%);">Department: {COI_DISCLOSURE#DEPARTMENT_NUMBER} - {COI_DISCLOSURE#DEPARTMENT_NAME}</span></p><p><span style="color:hsl(0, 0%, 0%);">Disclosure Status: {COI_DISCLOSURE#DISCLOSURE_STATUS}</span></p><p><span style="color:hsl(0,0%,0%);font-family:Arial, Helvetica, sans-serif;">Please follow</span><span style="color:rgb(23,43,77);font-family:Arial, Helvetica, sans-serif;"> </span><a href="{COI_DISCL_URL#DISCLOSURE_URL}"><span style="font-family:Arial, Helvetica, sans-serif;">this link</span></a><span style="color:rgb(23,43,77);font-family:Arial, Helvetica, sans-serif;"> </span><span style="color:hsl(0,0%,0%);font-family:Arial, Helvetica, sans-serif;">to review the application.</span></p><p><span style="color:hsl(0, 0%, 0%);">Note: This is a system-generated email. Please do not reply to this email.</span></p>','N','Y','quickstart',now(),'quickstart',now(),'N',NULL),
	 (8005,8,0,'FCOI Disclosure Administrator Reassigned','Review reassigned for COI Annual Disclosure Submitted by {COI_DISCLOSURE#REPORTER_NAME}','<p><span style="color:hsl(0, 0%, 0%);">Hello {COI_DISCLOSURE#ADMINISTRATOR_NAME},</span></p><p><span style="color:hsl(0, 0%, 0%);">COI Administrator removed you as a Administrator for the COI Annual Disclosure submitted on {COI_DISCLOSURE#CERTIFICATION_DATE} by {COI_DISCLOSURE#REPORTER_NAME}.</span></p><p><span style="color:hsl(0, 0%, 0%);">Department: {COI_DISCLOSURE#DEPARTMENT_NUMBER} - {COI_DISCLOSURE#DEPARTMENT_NAME}</span></p><p><span style="color:hsl(0, 0%, 0%);">You are no longer responsible for reviewing this disclosure.</span></p><p><span style="color:hsl(0,0%,0%);font-family:Arial, Helvetica, sans-serif;">Please follow</span><span style="color:rgb(23,43,77);font-family:Arial, Helvetica, sans-serif;"> </span><a href="{COI_DISCL_URL#DISCLOSURE_URL}"><span style="font-family:Arial, Helvetica, sans-serif;">this link</span></a><span style="color:rgb(23,43,77);font-family:Arial, Helvetica, sans-serif;"> </span><span style="color:hsl(0,0%,0%);font-family:Arial, Helvetica, sans-serif;">to review the application.</span></p><p><span style="color:hsl(0, 0%, 0%);">Note: This is a system-generated email. Please do not reply to this email.</span></p>','N','Y','quickstart',now(),'quickstart',now(),'N',NULL),
	 (8006,8,0,'FCOI Disclosure Review Assigned – Only Location','Action required: COI Annual disclosure Submitted by {COI_DISCLOSURE#REPORTER_NAME} waiting for review at {COI_DISCL_REVIEW#REVIEW_LOCATION} with {COI_DISCL_REVIEW#REVIEWER_REVIEW_STATUS} status.','<p><span style="color:hsl(0,0%,0%);">Hello Reviewer,</span></p><p>COI Administrator {COI_DISCLOSURE#ADMINISTRATOR_NAME} assigned you to review the COI Annual Disclosure submitted on <span style="font-family:Arial, Helvetica, sans-serif;">{COI_DISCLOSURE#CERTIFICATION_DATE}</span><span style="color:hsl(0,0%,0%);"> by {COI_DISCLOSURE#REPORTER_NAME}.</span></p><p><span style="color:hsl(0,0%,0%);">Department: </span><span style="font-family:Arial, Helvetica, sans-serif;">{COI_DISCLOSURE#DEPARTMENT_NUMBER} - {COI_DISCLOSURE#DEPARTMENT_NAME}</span></p><p><span style="color:hsl(0,0%,0%);">Disclosure Status: </span><span style="font-family:Arial, Helvetica, sans-serif;">{COI_DISCLOSURE#DISCLOSURE_STATUS}</span></p><p><span style="color:hsl(0,0%,0%);">Review Location: {COI_DISCL_REVIEW#REVIEW_LOCATION}</span></p><p><span style="color:hsl(0,0%,0%);">Review Status: {COI_DISCL_REVIEW#REVIEWER_REVIEW_STATUS}</span></p><p><span style="color:hsl(0,0%,0%);font-family:Arial, Helvetica, sans-serif;">Please follow</span><span style="color:rgb(23,43,77);font-family:Arial, Helvetica, sans-serif;"> </span><a href="{COI_DISCL_URL#DISCLOSURE_URL}"><span style="font-family:Arial, Helvetica, sans-serif;">this link</span></a><span style="color:rgb(23,43,77);font-family:Arial, Helvetica, sans-serif;"> </span><span style="color:hsl(0,0%,0%);font-family:Arial, Helvetica, sans-serif;">to review the application.</span></p><p><span style="color:hsl(0,0%,0%);">Note: This is a system-generated email. Please do not reply to this email.</span></p>','N','Y','quickstart',now(),'quickstart',now(),'N',NULL),
	 (8007,8,0,'Project Disclosure Submission','Action required: Approval for Project Disclosure Submitted by {COI_DISCLOSURE#REPORTER_NAME}','<p>A Project Disclosure was submitted by {COI_DISCLOSURE#REPORTER_NAME} on {COI_DISCLOSURE#CERTIFICATION_DATE}.</p><p>Project: {COI_DISCLOSURE#PROJECT_TYPE}: {COI_DISCLOSURE#PROJECT_NUMBER} - {COI_DISCLOSURE#PROJECT_TITLE}</p><p>Department : {COI_DISCLOSURE#DEPARTMENT_NUMBER} - {COI_DISCLOSURE#DEPARTMENT_NAME}</p><p>Disclosure Status:{COI_DISCLOSURE#DISCLOSURE_STATUS}</p><p><span style="color:hsl(0,0%,0%);font-family:Arial, Helvetica, sans-serif;">Please follow</span><span style="color:rgb(23,43,77);font-family:Arial, Helvetica, sans-serif;"> </span><a href="{COI_DISCL_URL#DISCLOSURE_URL}"><span style="font-family:Arial, Helvetica, sans-serif;">this link</span></a><span style="color:rgb(23,43,77);font-family:Arial, Helvetica, sans-serif;"> </span><span style="color:hsl(0,0%,0%);font-family:Arial, Helvetica, sans-serif;">to review the application.</span></p><p>Note: This is a system-generated email. Please do not reply to this email.</p>','N','Y','quickstart',now(),'quickstart',now(),'N',NULL),
	 (8008,8,0,'Project Disclosure Withdrawn ','Withdrawal of Project Disclosure Submitted by {COI_DISCLOSURE#REPORTER_NAME}','<p>A Project Disclosure was submitted by {COI_DISCLOSURE#REPORTER_NAME} on {COI_DISCLOSURE#CERTIFICATION_DATE} is Withdrawn for the following reason “{COI_DISCL_OTHER#WITHDRAWAL_REASON}”</p><p>Department : {COI_DISCLOSURE#DEPARTMENT_NUMBER} - {COI_DISCLOSURE#DEPARTMENT_NAME}</p><p>Project: {COI_DISCLOSURE#PROJECT_TYPE}: {COI_DISCLOSURE#PROJECT_NUMBER} {COI_DISCLOSURE#PROJECT_TITLE}</p><p>Disclosure Status:{COI_DISCLOSURE#DISCLOSURE_STATUS}</p><p><span style="color:hsl(0,0%,0%);font-family:Arial, Helvetica, sans-serif;">Please follow</span><span style="color:rgb(23,43,77);font-family:Arial, Helvetica, sans-serif;"> </span><a href="{COI_DISCL_URL#DISCLOSURE_URL}"><span style="font-family:Arial, Helvetica, sans-serif;">this link</span></a><span style="color:rgb(23,43,77);font-family:Arial, Helvetica, sans-serif;"> </span><span style="color:hsl(0,0%,0%);font-family:Arial, Helvetica, sans-serif;">to review the application.</span></p><p>Note: This is a system-generated email. Please do not reply to this email.</p>','N','Y','quickstart',now(),'quickstart',now(),'N',NULL),
	 (8009,8,0,'Project Disclosure Returned','Action Required: Project Disclosure Submitted by {COI_DISCLOSURE#REPORTER_NAME} has been returned by the admin {COI_DISCLOSURE#ADMINISTRATOR_NAME} ','<p>Dear {COI_DISCLOSURE#REPORTER_NAME},</p><p>Your Project disclosure submitted on {COI_DISCLOSURE#CERTIFICATION_DATE} was returned for the following reason “{COI_DISCL_OTHER#RETURN_REASON}”.</p><p>Department : {COI_DISCLOSURE#DEPARTMENT_NUMBER} - {COI_DISCLOSURE#DEPARTMENT_NAME}</p><p>Project: {COI_DISCLOSURE#PROJECT_TYPE} : {COI_DISCLOSURE#PROJECT_NUMBER} - {COI_DISCLOSURE#PROJECT_TITLE}</p><p>Disclosure Status: {COI_DISCLOSURE#DISCLOSURE_STATUS}</p><p><span style="color:hsl(0,0%,0%);font-family:Arial, Helvetica, sans-serif;">Please follow</span><span style="color:rgb(23,43,77);font-family:Arial, Helvetica, sans-serif;"> </span><a href="{COI_DISCL_URL#DISCLOSURE_URL}"><span style="font-family:Arial, Helvetica, sans-serif;">this link</span></a><span style="color:rgb(23,43,77);font-family:Arial, Helvetica, sans-serif;"> </span><span style="color:hsl(0,0%,0%);font-family:Arial, Helvetica, sans-serif;">to review the application.</span></p><p>Note: This is a system-generated email. Please do not reply to this email.</p>','N','Y','quickstart',now(),'quickstart',now(),'N',NULL);
INSERT INTO notification_type (NOTIFICATION_TYPE_ID,MODULE_CODE,SUB_MODULE_CODE,DESCRIPTION,SUBJECT,MESSAGE,PROMPT_USER,IS_ACTIVE,CREATE_USER,CREATE_TIMESTAMP,UPDATE_USER,UPDATE_TIMESTAMP,IS_SYSTEM_SPECIFIC,SHOW_TEMPLATE_IN_MODULE) VALUES
	 (8010,8,0,'Project Disclosure Administrator Assigned','Action required: You are assigned as an Administrator for the Project disclosure Submitted by {COI_DISCLOSURE#REPORTER_NAME}','<p>Hello {COI_DISCL_OTHER#ADMIN_ASSIGNED_TO},</p><p>COI Administrator {COI_DISCL_OTHER#ADMIN_ASSIGNED_BY} assigned you as the Administrator of the Project Disclosure submitted on {COI_DISCLOSURE#CERTIFICATION_DATE} by {COI_DISCLOSURE#REPORTER_NAME}.</p><p>Department: {COI_DISCLOSURE#DEPARTMENT_NUMBER} - {COI_DISCLOSURE#DEPARTMENT_NAME}</p><p>Project: {COI_DISCLOSURE#PROJECT_TYPE}: {COI_DISCLOSURE#PROJECT_NUMBER} - {COI_DISCLOSURE#PROJECT_TITLE}</p><p>Disclosure Status: {COI_DISCLOSURE#DISCLOSURE_STATUS}</p><p><span style="color:hsl(0,0%,0%);font-family:Arial, Helvetica, sans-serif;">Please follow</span><span style="color:rgb(23,43,77);font-family:Arial, Helvetica, sans-serif;"> </span><a href="{COI_DISCL_URL#DISCLOSURE_URL}"><span style="font-family:Arial, Helvetica, sans-serif;">this link</span></a><span style="color:rgb(23,43,77);font-family:Arial, Helvetica, sans-serif;"> </span><span style="color:hsl(0,0%,0%);font-family:Arial, Helvetica, sans-serif;">to review the application.</span></p><p>Note: This is a system-generated email. Please do not reply to this email.</p>','N','Y','quickstart',now(),'quickstart',now(),'N',NULL),
	 (8011,8,0,'Project Disclosure Administrator Reassigned','Review reassigned for Project Disclosure Submitted by {COI_DISCLOSURE#REPORTER_NAME}','<p><span style="color:hsl(0, 0%, 0%);">Hello {COI_DISCLOSURE#ADMINISTRATOR_NAME},</span></p><p><span style="color:hsl(0, 0%, 0%);">COI Administrator removed you as a Administrator for the Project submitted on {COI_DISCLOSURE#CERTIFICATION_DATE} by {COI_DISCLOSURE#REPORTER_NAME}.</span></p><p><span style="color:hsl(0, 0%, 0%);">Department: {COI_DISCLOSURE#DEPARTMENT_NUMBER} - {COI_DISCLOSURE#DEPARTMENT_NAME}</span></p><p><span style="color:hsl(0, 0%, 0%);">Project: {COI_DISCLOSURE#PROJECT_TYPE}: {COI_DISCLOSURE#PROJECT_NUMBER} - {COI_DISCLOSURE#PROJECT_TITLE}</span></p><p><span style="color:hsl(0, 0%, 0%);">You are no longer responsible for reviewing this disclosure.</span></p><p><span style="color:hsl(0,0%,0%);font-family:Arial, Helvetica, sans-serif;">Please follow</span><span style="color:rgb(23,43,77);font-family:Arial, Helvetica, sans-serif;"> </span><a href="{COI_DISCL_URL#DISCLOSURE_URL}"><span style="font-family:Arial, Helvetica, sans-serif;">this link</span></a><span style="color:rgb(23,43,77);font-family:Arial, Helvetica, sans-serif;"> </span><span style="color:hsl(0,0%,0%);font-family:Arial, Helvetica, sans-serif;">to review the application.</span></p><p><span style="color:hsl(0, 0%, 0%);">Note: This is a system-generated email. Please do not reply to this email.</span></p>','N','Y','quickstart',now(),'quickstart',now(),'N',NULL),
	 (8012,8,0,'FCOI Disclosure Notify Reassigned Administrator ','Action required: You are assigned as an Administrator for the COI Annual disclosure Submitted by {COI_DISCLOSURE#REPORTER_NAME}','<p><span style="color:hsl(0, 0%, 0%);">Hello {COI_DISCL_OTHER#ADMIN_ASSIGNED_TO},</span></p><p><span style="color:hsl(0, 0%, 0%);">The COI Administrator {COI_DISCL_OTHER#ADMIN_ASSIGNED_BY} assigned you as the Administrator of the COI Annual Disclosure submitted on {COI_DISCLOSURE#CERTIFICATION_DATE} by {COI_DISCLOSURE#REPORTER_NAME}.</span></p><p><span style="color:hsl(0, 0%, 0%);">Department: {COI_DISCLOSURE#DEPARTMENT_NUMBER} - {COI_DISCLOSURE#DEPARTMENT_NAME}</span></p><p><span style="color:hsl(0, 0%, 0%);">Disclosure Status: {COI_DISCLOSURE#DISCLOSURE_STATUS}</span></p><p><span style="color:hsl(0,0%,0%);font-family:Arial, Helvetica, sans-serif;">Please follow</span><span style="color:rgb(23,43,77);font-family:Arial, Helvetica, sans-serif;"> </span><a href="{COI_DISCL_URL#DISCLOSURE_URL}"><span style="font-family:Arial, Helvetica, sans-serif;">this link</span></a><span style="color:rgb(23,43,77);font-family:Arial, Helvetica, sans-serif;"> </span><span style="color:hsl(0,0%,0%);font-family:Arial, Helvetica, sans-serif;">to review the application.</span></p><p><span style="color:hsl(0, 0%, 0%);">Note: This is a system-generated email. Please do not reply to this email.</span></p>','N','Y','quickstart',now(),'quickstart',now(),'N',NULL),
	 (8013,8,0,'Project Disclosure Notify Reassigned Administrator ','Action required: You are assigned as an Administrator for the Project disclosure Submitted by {COI_DISCLOSURE#REPORTER_NAME}','<p>Hello {COI_DISCL_OTHER#ADMIN_ASSIGNED_TO},</p><p>COI Administrator {COI_DISCL_OTHER#ADMIN_ASSIGNED_BY} assigned you as the Administrator of the Project Disclosure submitted on {COI_DISCLOSURE#CERTIFICATION_DATE} by {COI_DISCLOSURE#REPORTER_NAME}.</p><p>Department: {COI_DISCLOSURE#DEPARTMENT_NUMBER} - {COI_DISCLOSURE#DEPARTMENT_NAME}</p><p>Project: {COI_DISCLOSURE#PROJECT_TYPE}: {COI_DISCLOSURE#PROJECT_NUMBER} - {COI_DISCLOSURE#PROJECT_TITLE}</p><p>Disclosure Status: {COI_DISCLOSURE#DISCLOSURE_STATUS}</p><p><span style="color:hsl(0,0%,0%);font-family:Arial, Helvetica, sans-serif;">Please follow</span><span style="color:rgb(23,43,77);font-family:Arial, Helvetica, sans-serif;"> </span><a href="{COI_DISCL_URL#DISCLOSURE_URL}"><span style="font-family:Arial, Helvetica, sans-serif;">this link</span></a><span style="color:rgb(23,43,77);font-family:Arial, Helvetica, sans-serif;"> </span><span style="color:hsl(0,0%,0%);font-family:Arial, Helvetica, sans-serif;">to review the application.</span></p><p>Note: This is a system-generated email. Please do not reply to this email.</p>','N','Y','quickstart',now(),'quickstart',now(),'N',NULL),
	 (8014,8,0,'Notify Incomplete Disclosure','Action required: Disclosure Submission Request','<p>Dear {COI_DISCLOSURE#REPORTER_NAME},</p> <p>We kindly request you to complete and submit your disclosure for the following:</p> <p><strong>Project:</strong> {COI_DISCLOSURE#PROJECT_NUMBER} - {COI_DISCLOSURE#PROJECT_TITLE}</p> <p><strong>Disclosure Status:</strong> {COI_DISCLOSURE#REVIEW_STATUS}</p> <p><br /><span>Please login to COI and access your disclosure at <a href="{COI_DISCL_URL#DISCLOSURE_URL}"><span style="font-family:Arial, Helvetica, sans-serif;">this link</span></a> to complete and submit your disclosure.</span></p> <p>&nbsp;</p>','Y','Y','admin',now(),'admin',now(),NULL,'Y'),
	 (8015,8,0,'Create Award Or Fcoi Disclosure','Action required: Disclosure Creation Request','<p>Dear {PROJECT_DETAIL#PROJECT_PERSON_NAME},</p> <p>Kindly create an Award Disclosure or revise/create a Financial Conflict of Interest (FCOI) disclosure for the following Award:</p> <p><strong>Award: {PROJECT_DETAIL#PROJECT_MODULE_ITEM_KEY} - {PROJECT_DETAIL#PROJECT_TITLE} </strong></p> <p><br /><span >Please log in to the COI system and submit the required disclosure at your earliest convenience.</span></p> <p>&nbsp;</p>','N','Y','quickstart',now(),'quickstart',now(),'N',NULL),
	 (8016,8,0,'FCOI Disclosure Assign Reviewer','Action required: COI Annual disclosure Submitted by {COI_DISCLOSURE#REPORTER_NAME} waiting for review at {COI_DISCL_REVIEW#REVIEW_LOCATION} with {COI_DISCL_REVIEW#REVIEWER_REVIEW_STATUS} status','<p><span style="color:hsl(0,0%,0%);">Hello,</span></p><p><span style="color:hsl(0,0%,0%);">COI Administrator {COI_DISCLOSURE#ADMINISTRATOR_NAME} assigned you to review the COI Annual Disclosure submitted on </span><span style="font-family:Arial, Helvetica, sans-serif;">{COI_DISCLOSURE#CERTIFICATION_DATE}</span><span style="color:hsl(0,0%,0%);"> by {COI_DISCLOSURE#REPORTER_NAME}.</span></p><p><span style="color:hsl(0,0%,0%);">Department: </span><span style="font-family:Arial, Helvetica, sans-serif;">{COI_DISCLOSURE#DEPARTMENT_NUMBER} - {COI_DISCLOSURE#DEPARTMENT_NAME}</span></p><p><span style="color:hsl(0,0%,0%);">Disclosure Status: </span><span style="font-family:Arial, Helvetica, sans-serif;">{COI_DISCLOSURE#DISCLOSURE_STATUS}</span></p><p><span style="color:hsl(0,0%,0%);">Review Location: {COI_DISCL_REVIEW#REVIEW_LOCATION}</span></p><p><span style="color:hsl(0,0%,0%);">Review Status: {COI_DISCL_REVIEW#REVIEWER_REVIEW_STATUS}</span></p><p><span style="color:hsl(0,0%,0%);font-family:Arial, Helvetica, sans-serif;">Please follow</span><span style="color:rgb(23,43,77);font-family:Arial, Helvetica, sans-serif;"> </span><a href="{COI_DISCL_URL#DISCLOSURE_URL}"><span style="font-family:Arial, Helvetica, sans-serif;">this link</span></a><span style="color:rgb(23,43,77);font-family:Arial, Helvetica, sans-serif;"> </span><span style="color:hsl(0,0%,0%);font-family:Arial, Helvetica, sans-serif;">to review the application.</span></p><p><span style="color:hsl(0,0%,0%);">Note: This is a system-generated email. Please do not reply to this email.</span></p>','N','Y','quickstart',now(),'willsmith',now(),'N',NULL),
	 (8017,8,0,'FCOI Disclosure Review Completion by Reviewer','Review has been completed for COI Annual disclosure Submitted by  {COI_DISCLOSURE#REPORTER_NAME}','<p>Hello COI Admin,</p><p>COI Reviewer {COI_DISCL_REVIEW#REVIEWER_NAME} has completed the review of the COI Annual Disclosure submitted on <span style="font-family:Arial, Helvetica, sans-serif;">{COI_DISCLOSURE#CERTIFICATION_DATE}</span><span style="color:hsl(0,0%,0%);"> by {COI_DISCLOSURE#REPORTER_NAME}.</span></p><p><span style="color:hsl(0,0%,0%);">Department: </span><span style="font-family:Arial, Helvetica, sans-serif;">{COI_DISCLOSURE#DEPARTMENT_NUMBER} - {COI_DISCLOSURE#DEPARTMENT_NAME}</span></p><p><span style="color:hsl(0,0%,0%);">Disclosure Status: </span><span style="font-family:Arial, Helvetica, sans-serif;">{COI_DISCLOSURE#DISCLOSURE_STATUS}</span></p><p><span style="color:hsl(0,0%,0%);">Review Location: {COI_DISCL_REVIEW#REVIEW_LOCATION}</span></p><p><span style="color:hsl(0,0%,0%);">Review Status: {COI_DISCL_REVIEW#REVIEWER_REVIEW_STATUS}</span></p><p><span style="color:hsl(0,0%,0%);font-family:Arial, Helvetica, sans-serif;">Please follow</span><span style="color:rgb(23,43,77);font-family:Arial, Helvetica, sans-serif;"> </span><a href="{COI_DISCL_URL#DISCLOSURE_URL}"><span style="font-family:Arial, Helvetica, sans-serif;">this link</span></a><span style="color:rgb(23,43,77);font-family:Arial, Helvetica, sans-serif;"> </span><span style="color:hsl(0,0%,0%);font-family:Arial, Helvetica, sans-serif;">to review the application.</span></p><p><span style="color:hsl(0,0%,0%);">Note: This is a system-generated email. Please do not reply to this email.</span></p>','N','Y','quickstart',now(),'willsmith',now(),'N',NULL),
	 (8018,8,0,'FCOI Disclosure Review Completion by Admin','FYI : A review with Completed status is marked at {COI_DISCL_REVIEW#REVIEW_LOCATION} for the COI Annual Disclosure Submitted by {COI_DISCLOSURE#REPORTER_NAME}','<p>Hello Reviewer,</p><p>The COI Annual Disclosure submitted on {COI_DISCLOSURE#CERTIFICATION_DATE} by {COI_DISCLOSURE#REPORTER_NAME} is marked as {COI_DISCL_REVIEW#REVIEWER_REVIEW_STATUS} status at {COI_DISCL_REVIEW#REVIEW_LOCATION} by Administrator {COI_DISCLOSURE#ADMINISTRATOR_NAME}.</p><p><span style="color:hsl(0,0%,0%);">Department: </span><span style="font-family:Arial, Helvetica, sans-serif;">{COI_DISCLOSURE#DEPARTMENT_NUMBER} - {COI_DISCLOSURE#DEPARTMENT_NAME}</span></p><p><span style="color:hsl(0,0%,0%);">Disclosure Status: </span><span style="font-family:Arial, Helvetica, sans-serif;">{COI_DISCLOSURE#DISCLOSURE_STATUS}</span></p><p><span style="color:hsl(0,0%,0%);">Review Location: {COI_DISCL_REVIEW#REVIEW_LOCATION}</span></p><p><span style="color:hsl(0,0%,0%);">Review Status: {COI_DISCL_REVIEW#REVIEWER_REVIEW_STATUS}</span></p><p><span style="color:hsl(0,0%,0%);font-family:Arial, Helvetica, sans-serif;">Please follow</span><span style="color:rgb(23,43,77);font-family:Arial, Helvetica, sans-serif;"> </span><a href="{COI_DISCL_URL#DISCLOSURE_URL}"><span style="font-family:Arial, Helvetica, sans-serif;">this link</span></a><span style="color:rgb(23,43,77);font-family:Arial, Helvetica, sans-serif;"> </span><span style="color:hsl(0,0%,0%);font-family:Arial, Helvetica, sans-serif;">to review the application.</span></p><p><span style="color:hsl(0,0%,0%);">Note: This is a system-generated email. Please do not reply to this email.</span></p>','N','Y','quickstart',now(),'willsmith',now(),'N',NULL),
	 (8019,8,0,'FCOI Disclosure risk modified','FYI: Risk of the COI Annual disclosure submitted by {COI_DISCLOSURE#REPORTER_NAME} is modified','<p>Dear Administrators,</p><p>Risk of the COI Annual Disclosure submitted on {COI_DISCLOSURE#CERTIFICATION_DATE} by {COI_DISCLOSURE#REPORTER_NAME} is modified by COI Administrator {COI_DISCLOSURE#ADMINISTRATOR_NAME}.</p><p><span style="color:hsl(0,0%,0%);">Department: </span><span style="font-family:Arial, Helvetica, sans-serif;">{COI_DISCLOSURE#DEPARTMENT_NUMBER} - {COI_DISCLOSURE#DEPARTMENT_NAME}</span></p><p><span style="color:hsl(0,0%,0%);">Disclosure Status: </span><span style="font-family:Arial, Helvetica, sans-serif;">{COI_DISCLOSURE#DISCLOSURE_STATUS}</span></p><p>Old Risk: {COI_DISCL_OTHER#PREVIOUS_RISK}</p><p>New Risk: {COI_DISCL_OTHER#NEW_RISK}</p><p>Reason : {COI_DISCL_OTHER#RISK_MODIFIED_REASON}</p><p><span style="color:hsl(0,0%,0%);font-family:Arial, Helvetica, sans-serif;">Please follow</span><span style="color:rgb(23,43,77);font-family:Arial, Helvetica, sans-serif;"> </span><a href="{COI_DISCL_URL#DISCLOSURE_URL}"><span style="font-family:Arial, Helvetica, sans-serif;">this link</span></a><span style="color:rgb(23,43,77);font-family:Arial, Helvetica, sans-serif;"> </span><span style="color:hsl(0,0%,0%);font-family:Arial, Helvetica, sans-serif;">to review the application.</span></p><p><span style="color:hsl(0,0%,0%);">Note: This is a system-generated email. Please do not reply to this email.</span></p>','N','Y','quickstart',now(),'willsmith',now(),'N',NULL);
INSERT INTO notification_type (NOTIFICATION_TYPE_ID,MODULE_CODE,SUB_MODULE_CODE,DESCRIPTION,SUBJECT,MESSAGE,PROMPT_USER,IS_ACTIVE,CREATE_USER,CREATE_TIMESTAMP,UPDATE_USER,UPDATE_TIMESTAMP,IS_SYSTEM_SPECIFIC,SHOW_TEMPLATE_IN_MODULE) VALUES
	 (8020,8,0,'FCOI Disclosure conflict status modified','FYI: Disclosure status of the COI Annual disclosure submitted by {COI_DISCLOSURE#REPORTER_NAME} is modified','<p>Dear {COI_DISCLOSURE#REPORTER_NAME},</p><p>Disclosure status of the COI Annual disclosure submitted by {COI_DISCLOSURE#REPORTER_NAME} on {COI_DISCLOSURE#CERTIFICATION_DATE} is modified by COI Administrator against the project : {COI_DISCLOSURE#PROJECT_TYPE} : {FCOI_DISCL_PROJ#FCOI_PROJECT_NUMBER} - {FCOI_DISCL_PROJ#FCOI_PROJECT_TITLE} and SFI {FCOI_DISCL_PROJ#SIGNIFICANT_FINANCIAL_INTEREST}.</p><p><span style="color:hsl(0,0%,0%);">Department: </span><span style="font-family:Arial, Helvetica, sans-serif;">{COI_DISCLOSURE#DEPARTMENT_NUMBER} - {COI_DISCLOSURE#DEPARTMENT_NAME}</span></p><p><span style="color:hsl(0,0%,0%);">Disclosure Status: </span><span style="font-family:Arial, Helvetica, sans-serif;">{COI_DISCLOSURE#DISCLOSURE_STATUS}</span></p><p>Old disclosure Status: {COI_DISCL_OTHER#PREVIOUS_DISCLOSURE_STATUS}</p><p>New Disclosure Status: {COI_DISCL_OTHER#NEW_DISCLOSURE_STATUS}</p><p>Reason : {COI_DISCL_OTHER#DISCLOSURE_STATUS_MODIFY_REASON}</p><p><span style="color:hsl(0,0%,0%);font-family:Arial, Helvetica, sans-serif;">Please follow</span><span style="color:rgb(23,43,77);font-family:Arial, Helvetica, sans-serif;"> </span><a href="{COI_DISCL_URL#DISCLOSURE_URL}"><span style="font-family:Arial, Helvetica, sans-serif;">this link</span></a><span style="color:rgb(23,43,77);font-family:Arial, Helvetica, sans-serif;"> </span><span style="color:hsl(0,0%,0%);font-family:Arial, Helvetica, sans-serif;">to review the application.</span></p><p><span style="color:hsl(0,0%,0%);">Note: This is a system-generated email. Please do not reply to this email.</span></p>','N','Y','quickstart',now(),'willsmith',now(),'N',NULL),
	 (8021,8,0,'Disclosure Expiration Reminder Notification','COI Annual Disclosure of {COI_DISCLOSURE#REPORTER_NAME} is Expired on {COI_DISCLOSURE#EXPIRATION_DATE}.','<p>Dear {COI_DISCLOSURE#REPORTER_NAME},</p><p>Your COI Annual disclosure expired on {COI_DISCLOSURE#EXPIRATION_DATE}.</p><p>Department: {COI_DISCLOSURE#DEPARTMENT_NUMBER} - {COI_DISCLOSURE#DEPARTMENT_NAME}</p><p>Disclosure Status: {COI_DISCLOSURE#DISCLOSURE_STATUS} </p><p>Please update your annual disclosure as soon as possible.</p><p><span style="color:hsl(0,0%,0%);font-family:Arial, Helvetica, sans-serif;">Please follow</span><span style="color:rgb(23,43,77);font-family:Arial, Helvetica, sans-serif;"> </span><a href="{COI_DISCL_URL#DISCLOSURE_URL}"><span style="font-family:Arial, Helvetica, sans-serif;">this link</span></a><span style="color:rgb(23,43,77);font-family:Arial, Helvetica, sans-serif;"> </span><span style="color:hsl(0,0%,0%);font-family:Arial, Helvetica, sans-serif;">to review the application.</span></p><p><span style="color:hsl(0,0%,0%);">Note: This is a system-generated email. Please do not reply to this email.</span></p>','N','Y','quickstart',now(),'willsmith',now(),'N',NULL),
	 (8022,8,0,'Disclosure Renewal Reminder Notification','COI Annual Disclosure of {COI_DISCLOSURE#REPORTER_NAME} will Expire in {COI_DISCL_OTHER#DAYS_LEFT_TO_EXPIRE} days. ','<p>Dear {COI_DISCLOSURE#REPORTER_NAME},</p><p>Your COI Annual disclosure Expires in {COI_DISCL_OTHER#DAYS_LEFT_TO_EXPIRE} days. </p><p>Department: {COI_DISCLOSURE#DEPARTMENT_NUMBER} - {COI_DISCLOSURE#DEPARTMENT_NAME}</p><p>Disclosure Status: {COI_DISCLOSURE#DISCLOSURE_STATUS}</p><p>Expiration Date: {COI_DISCLOSURE#EXPIRATION_DATE}</p><p>Please renew your annual disclosure as soon as possible.</p><p><span style="color:hsl(0,0%,0%);font-family:Arial, Helvetica, sans-serif;">Please follow</span><span style="color:rgb(23,43,77);font-family:Arial, Helvetica, sans-serif;"> </span><a href="{COI_DISCL_URL#DISCLOSURE_URL}"><span style="font-family:Arial, Helvetica, sans-serif;">this link</span></a><span style="color:rgb(23,43,77);font-family:Arial, Helvetica, sans-serif;"> </span><span style="color:hsl(0,0%,0%);font-family:Arial, Helvetica, sans-serif;">to review the application.</span></p><p><span style="color:hsl(0,0%,0%);">Note: This is a system-generated email. Please do not reply to this email.</span></p>','N','Y','quickstart',now(),'willsmith',now(),'N',NULL),
	 (8023,8,0,'Project Disclosure conflict status modified','FYI: Disclosure status of the Project disclosure submitted by {COI_DISCLOSURE#REPORTER_NAME} is modified','<p>Dear {COI_DISCLOSURE#REPORTER_NAME},</p><p>Disclosure status of the Project disclosure submitted by {COI_DISCLOSURE#REPORTER_NAME} on {COI_DISCLOSURE#CERTIFICATION_DATE} is modified by COI Administrator against the project : {COI_DISCLOSURE#PROJECT_TYPE} : {COI_DISCLOSURE#PROJECT_NUMBER} - {COI_DISCLOSURE#PROJECT_TITLE} and SFI {FCOI_DISCL_PROJ#SIGNIFICANT_FINANCIAL_INTEREST}.</p><p><span style="color:hsl(0,0%,0%);">Department: </span><span style="font-family:Arial, Helvetica, sans-serif;">{COI_DISCLOSURE#DEPARTMENT_NUMBER} - {COI_DISCLOSURE#DEPARTMENT_NAME}</span></p><p><span style="color:hsl(0,0%,0%);">Disclosure Status: </span><span style="font-family:Arial, Helvetica, sans-serif;">{COI_DISCLOSURE#DISCLOSURE_STATUS}</span></p><p>Old disclosure Status: {COI_DISCL_OTHER#PREVIOUS_DISCLOSURE_STATUS}</p><p>New Disclosure Status: {COI_DISCL_OTHER#NEW_DISCLOSURE_STATUS}</p><p>Reason : {COI_DISCL_OTHER#DISCLOSURE_STATUS_MODIFY_REASON}</p><p><span style="color:hsl(0,0%,0%);font-family:Arial, Helvetica, sans-serif;">Please follow</span><span style="color:rgb(23,43,77);font-family:Arial, Helvetica, sans-serif;"> </span><a href="{COI_DISCL_URL#DISCLOSURE_URL}"><span style="font-family:Arial, Helvetica, sans-serif;">this link</span></a><span style="color:rgb(23,43,77);font-family:Arial, Helvetica, sans-serif;"> </span><span style="color:hsl(0,0%,0%);font-family:Arial, Helvetica, sans-serif;">to review the application.</span></p><p><span style="color:hsl(0,0%,0%);">Note: This is a system-generated email. Please do not reply to this email.</span></p>','N','Y','quickstart',now(),'willsmith',now(),'N',NULL),
	 (8024,8,0,'Project Disclosure risk modified','FYI: Risk of the Project disclosure submitted by {COI_DISCLOSURE#REPORTER_NAME} is modified','<p>Dear Administrators,</p><p>Risk of the Project Disclosure submitted on {COI_DISCLOSURE#CERTIFICATION_DATE} by {COI_DISCLOSURE#REPORTER_NAME} is modified by COI Administrator {COI_DISCLOSURE#ADMINISTRATOR_NAME}.</p><p><span style="color:hsl(0,0%,0%);">Department: </span><span style="font-family:Arial, Helvetica, sans-serif;">{COI_DISCLOSURE#DEPARTMENT_NUMBER} - {COI_DISCLOSURE#DEPARTMENT_NAME}</span></p><p><span style="color:hsl(0,0%,0%);">Disclosure Status: </span><span style="font-family:Arial, Helvetica, sans-serif;">{COI_DISCLOSURE#DISCLOSURE_STATUS}</span></p><p>Old Risk: {COI_DISCL_OTHER#PREVIOUS_RISK}</p><p>New Risk: {COI_DISCL_OTHER#NEW_RISK}</p><p>Reason : {COI_DISCL_OTHER#RISK_MODIFIED_REASON}</p><p><span style="color:hsl(0,0%,0%);font-family:Arial, Helvetica, sans-serif;">Please follow</span><span style="color:rgb(23,43,77);font-family:Arial, Helvetica, sans-serif;"> </span><a href="{COI_DISCL_URL#DISCLOSURE_URL}"><span style="font-family:Arial, Helvetica, sans-serif;">this link</span></a><span style="color:rgb(23,43,77);font-family:Arial, Helvetica, sans-serif;"> </span><span style="color:hsl(0,0%,0%);font-family:Arial, Helvetica, sans-serif;">to review the application.</span></p><p><span style="color:hsl(0,0%,0%);">Note: This is a system-generated email. Please do not reply to this email.</span></p>','N','Y','quickstart',now(),'willsmith',now(),'N',NULL),
	 (8025,8,0,'Project Disclosure Renewal Reminder Notification','Project Disclosure of {COI_DISCLOSURE#REPORTER_NAME} will Expire in {COI_DISCL_OTHER#DAYS_LEFT_TO_EXPIRE} days. ','<p>Dear {COI_DISCLOSURE#REPORTER_NAME},</p><p>Your Project disclosure Expires in {COI_DISCL_OTHER#DAYS_LEFT_TO_EXPIRE} days.</p><p>Project : {COI_DISCLOSURE#PROJECT_TYPE} : {COI_DISCLOSURE#PROJECT_NUMBER} - {COI_DISCLOSURE#PROJECT_TITLE}</p><p>Department: {COI_DISCLOSURE#DEPARTMENT_NUMBER} - {COI_DISCLOSURE#DEPARTMENT_NAME}</p><p>Disclosure Status: {COI_DISCLOSURE#DISCLOSURE_STATUS}</p><p>Expiration Date: {COI_DISCLOSURE#EXPIRATION_DATE}</p><p>Please renew your annual disclosure as soon as possible.</p><p><span style="color:hsl(0,0%,0%);font-family:Arial, Helvetica, sans-serif;">Please follow</span><span style="color:rgb(23,43,77);font-family:Arial, Helvetica, sans-serif;"> </span><a href="{COI_DISCL_URL#DISCLOSURE_URL}"><span style="font-family:Arial, Helvetica, sans-serif;">this link</span></a><span style="color:rgb(23,43,77);font-family:Arial, Helvetica, sans-serif;"> </span><span style="color:hsl(0,0%,0%);font-family:Arial, Helvetica, sans-serif;">to review the application.</span></p><p><span style="color:hsl(0,0%,0%);">Note: This is a system-generated email. Please do not reply to this email.</span></p>','N','Y','quickstart',now(),'willsmith',now(),'N',NULL),
	 (8026,8,0,'Project Disclosure Renewal Reminder Notification','Project of {COI_DISCLOSURE#REPORTER_NAME} is Expired on {COI_DISCLOSURE#EXPIRATION_DATE}.','<p>Dear {COI_DISCLOSURE#REPORTER_NAME},</p><p>Your Project disclosure expired on {COI_DISCLOSURE#EXPIRATION_DATE}.</p><p>Project : {COI_DISCLOSURE#PROJECT_TYPE} : {COI_DISCLOSURE#PROJECT_NUMBER} - {COI_DISCLOSURE#PROJECT_TITLE}</p><p>Department: {COI_DISCLOSURE#DEPARTMENT_NUMBER} - {COI_DISCLOSURE#DEPARTMENT_NAME}</p><p>Disclosure Status: {COI_DISCLOSURE#DISCLOSURE_STATUS}</p><p>Please update your annual disclosure as soon as possible.</p><p><span style="color:hsl(0,0%,0%);font-family:Arial, Helvetica, sans-serif;">Please follow</span><span style="color:rgb(23,43,77);font-family:Arial, Helvetica, sans-serif;"> </span><a href="{COI_DISCL_URL#DISCLOSURE_URL}"><span style="font-family:Arial, Helvetica, sans-serif;">this link</span></a><span style="color:rgb(23,43,77);font-family:Arial, Helvetica, sans-serif;"> </span><span style="color:hsl(0,0%,0%);font-family:Arial, Helvetica, sans-serif;">to review the application.</span></p><p><span style="color:hsl(0,0%,0%);">Note: This is a system-generated email. Please do not reply to this email.</span></p>','N','Y','quickstart',now(),'willsmith',now(),'N',NULL),
	 (8027,8,0,'FCOI Disclosure Resubmission','Revised Annual Disclosure Resubmitted for Review','<p>Hello COI Admin,</p><p>An Annual Disclosure was resubmitted by {COI_DISCLOSURE#REPORTER_NAME} on {COI_DISCLOSURE#CERTIFICATION_DATE}</p><p><span style="color:hsl(0,0%,0%);font-family:Arial, Helvetica, sans-serif;">Please follow</span><span style="color:rgb(23,43,77);font-family:Arial, Helvetica, sans-serif;"> </span><a href="{COI_DISCL_URL#DISCLOSURE_URL}"><span style="font-family:Arial, Helvetica, sans-serif;">this link</span></a><span style="color:rgb(23,43,77);font-family:Arial, Helvetica, sans-serif;"> </span><span style="color:hsl(0,0%,0%);font-family:Arial, Helvetica, sans-serif;">to review the application.</span></p><p><span style="color:hsl(0,0%,0%);">Note: This is a system-generated email. Please do not reply to this email.</span></p>','N','Y','quickstart',now(),'willsmith',now(),'N',NULL),
	 (8028,8,0,'Project Disclosure Resubmission','Project Disclosure Resubmitted for Review','<p>Hello COI Admin,</p><p>A Project Disclosure was resubmitted by {COI_DISCLOSURE#REPORTER_NAME} on {COI_DISCLOSURE#CERTIFICATION_DATE}</p><p><span style="color:hsl(0,0%,0%);font-family:Arial, Helvetica, sans-serif;">Please follow</span><span style="color:rgb(23,43,77);font-family:Arial, Helvetica, sans-serif;"> </span><a href="{COI_DISCL_URL#DISCLOSURE_URL}"><span style="font-family:Arial, Helvetica, sans-serif;">this link</span></a><span style="color:rgb(23,43,77);font-family:Arial, Helvetica, sans-serif;"> </span><span style="color:hsl(0,0%,0%);font-family:Arial, Helvetica, sans-serif;">to review the application.</span></p><p><span style="color:hsl(0,0%,0%);">Note: This is a system-generated email. Please do not reply to this email.</span></p>','N','Y','quickstart',now(),'willsmith',now(),'N',NULL),
	 (8029,26,0,'Entity verification Required','Entity verification Required','<p>Dear Admin,</p><p>A new entity has been created by {GLOBAL_ENTITY#ENTITY_CREATED_BY}. Please verify the entity.</p><p>Entity Name: {GLOBAL_ENTITY#PRIMARY_NAME}</p><p>Entity details : {GLOBAL_ENTITY#PRIMARY_ADDRESS_LINE_1} {GLOBAL_ENTITY#CITY} {GLOBAL_ENTITY#STATE} {GLOBAL_ENTITY#POST_CODE} {GLOBAL_ENTITY#COUNTRY_NAME}</p><p><span style="color:hsl(0,0%,0%);font-family:Arial, Helvetica, sans-serif;">Please follow</span><span style="color:rgb(23,43,77);font-family:Arial, Helvetica, sans-serif;"> </span><a href="{GLOBAL_ENTITY_URL#ENTITY_URL}"><span style="font-family:Arial, Helvetica, sans-serif;">this link</span></a><span style="color:rgb(23,43,77);font-family:Arial, Helvetica, sans-serif;"> </span><span style="color:hsl(0,0%,0%);font-family:Arial, Helvetica, sans-serif;">to review the application.</span></p><p><span style="color:hsl(0,0%,0%);">Note: This is a system-generated email. Please do not reply to this email.</span></p>','N','Y','quickstart',now(),'willsmith',now(),'N',NULL);
INSERT INTO notification_type (NOTIFICATION_TYPE_ID,MODULE_CODE,SUB_MODULE_CODE,DESCRIPTION,SUBJECT,MESSAGE,PROMPT_USER,IS_ACTIVE,CREATE_USER,CREATE_TIMESTAMP,UPDATE_USER,UPDATE_TIMESTAMP,IS_SYSTEM_SPECIFIC,SHOW_TEMPLATE_IN_MODULE) VALUES
	 (8030,26,0,'Entity Modification: Notify Admins','Entity : {GLOBAL_ENTITY#PRIMARY_NAME} is Modified','<p>Dear User,</p><p>The following Entity has been Modified. Please take necessary action in your entity/disclosures.  </p><p>Entity Name: {GLOBAL_ENTITY#PRIMARY_NAME}</p><p>Entity details : {GLOBAL_ENTITY#PRIMARY_ADDRESS_LINE_1} {GLOBAL_ENTITY#CITY} {GLOBAL_ENTITY#STATE} {GLOBAL_ENTITY#POST_CODE} {GLOBAL_ENTITY#COUNTRY_NAME}</p><p><span style="color:hsl(0,0%,0%);font-family:Arial, Helvetica, sans-serif;">Please follow</span><span style="color:rgb(23,43,77);font-family:Arial, Helvetica, sans-serif;"> </span><a href="{GLOBAL_ENTITY_URL#ENTITY_URL}"><span style="font-family:Arial, Helvetica, sans-serif;">this link</span></a><span style="color:rgb(23,43,77);font-family:Arial, Helvetica, sans-serif;"> </span><span style="color:hsl(0,0%,0%);font-family:Arial, Helvetica, sans-serif;">to review the application.</span></p><p><span style="color:hsl(0,0%,0%);">Note: This is a system-generated email. Please do not reply to this email.</span></p>','N','Y','quickstart',now(),'willsmith',now(),'N',NULL),
	 (8031,26,0,'Entity Inactivation','Entity : {GLOBAL_ENTITY#PRIMARY_NAME} is Inactivated','<p>Dear user,</p><p>The following Entity has been inactivated. Please take necessary action in your entity/disclosures.  </p><p>Entity Name: {GLOBAL_ENTITY#PRIMARY_NAME}</p><p>Entity details : {GLOBAL_ENTITY#PRIMARY_ADDRESS_LINE_1} {GLOBAL_ENTITY#CITY} {GLOBAL_ENTITY#STATE} {GLOBAL_ENTITY#POST_CODE} {GLOBAL_ENTITY#COUNTRY_NAME}</p><p><span style="color:hsl(0,0%,0%);font-family:Arial, Helvetica, sans-serif;">Please follow</span><span style="color:rgb(23,43,77);font-family:Arial, Helvetica, sans-serif;"> </span><a href="{GLOBAL_ENTITY_URL#ENTITY_URL}"><span style="font-family:Arial, Helvetica, sans-serif;">this link</span></a><span style="color:rgb(23,43,77);font-family:Arial, Helvetica, sans-serif;"> </span><span style="color:hsl(0,0%,0%);font-family:Arial, Helvetica, sans-serif;">to review the application.</span></p><p><span style="color:hsl(0,0%,0%);">Note: This is a system-generated email. Please do not reply to this email.</span></p>','N','Y','quickstart',now(),'willsmith',now(),'N',NULL),
	 (8032,8,0,'Project Disclosure Assign Reviewer','Action required: Project disclosure Submitted by {COI_DISCLOSURE#REPORTER_NAME} waiting for review at {COI_DISCL_REVIEW#REVIEW_LOCATION} with {COI_DISCL_REVIEW#REVIEWER_REVIEW_STATUS} status','<p><span style="color:hsl(0,0%,0%);">Hello,</span></p><p><span style="color:hsl(0,0%,0%);">COI Administrator {COI_DISCLOSURE#ADMINISTRATOR_NAME} assigned you to review the Project Disclosure submitted on </span><span style="font-family:Arial, Helvetica, sans-serif;">{COI_DISCLOSURE#CERTIFICATION_DATE}</span><span style="color:hsl(0,0%,0%);"> by {COI_DISCLOSURE#REPORTER_NAME}.</span></p><p><span style="color:hsl(0,0%,0%);">Department: </span><span style="font-family:Arial, Helvetica, sans-serif;">{COI_DISCLOSURE#DEPARTMENT_NUMBER} - {COI_DISCLOSURE#DEPARTMENT_NAME}</span></p><p><span style="color:hsl(0,0%,0%);">Disclosure Status: </span><span style="font-family:Arial, Helvetica, sans-serif;">{COI_DISCLOSURE#DISCLOSURE_STATUS}</span></p><p><span style="color:hsl(0,0%,0%);">Review Location: {COI_DISCL_REVIEW#REVIEW_LOCATION}</span></p><p><span style="color:hsl(0,0%,0%);">Review Status: {COI_DISCL_REVIEW#REVIEWER_REVIEW_STATUS}</span></p><p><span style="color:hsl(0,0%,0%);font-family:Arial, Helvetica, sans-serif;">Please follow</span><span style="color:rgb(23,43,77);font-family:Arial, Helvetica, sans-serif;"> </span><a href="{COI_DISCL_URL#DISCLOSURE_URL}"><span style="font-family:Arial, Helvetica, sans-serif;">this link</span></a><span style="color:rgb(23,43,77);font-family:Arial, Helvetica, sans-serif;"> </span><span style="color:hsl(0,0%,0%);font-family:Arial, Helvetica, sans-serif;">to review the application.</span></p><p><span style="color:hsl(0,0%,0%);">Note: This is a system-generated email. Please do not reply to this email.</span></p>','N','Y','quickstart',now(),'willsmith',now(),'N',NULL),
	 (8033,8,0,'Project Disclosure Review Completion by Reviewer','Review has been completed for Project disclosure Submitted by  {COI_DISCLOSURE#REPORTER_NAME}','<p>Hello COI Admin,</p><p>COI Reviewer {COI_DISCL_REVIEW#REVIEWER_NAME} has completed the review of the Project Disclosure submitted on <span style="font-family:Arial, Helvetica, sans-serif;">{COI_DISCLOSURE#CERTIFICATION_DATE}</span><span style="color:hsl(0,0%,0%);"> by {COI_DISCLOSURE#REPORTER_NAME}.</span></p><p><span style="color:hsl(0,0%,0%);">Department: </span><span style="font-family:Arial, Helvetica, sans-serif;">{COI_DISCLOSURE#DEPARTMENT_NUMBER} - {COI_DISCLOSURE#DEPARTMENT_NAME}</span></p><p><span style="color:hsl(0,0%,0%);">Disclosure Status: </span><span style="font-family:Arial, Helvetica, sans-serif;">{COI_DISCLOSURE#DISCLOSURE_STATUS}</span></p><p><span style="color:hsl(0,0%,0%);">Review Location: {COI_DISCL_REVIEW#REVIEW_LOCATION}</span></p><p><span style="color:hsl(0,0%,0%);">Review Status: {COI_DISCL_REVIEW#REVIEWER_REVIEW_STATUS}</span></p><p><span style="color:hsl(0,0%,0%);font-family:Arial, Helvetica, sans-serif;">Please follow</span><span style="color:rgb(23,43,77);font-family:Arial, Helvetica, sans-serif;"> </span><a href="{COI_DISCL_URL#DISCLOSURE_URL}"><span style="font-family:Arial, Helvetica, sans-serif;">this link</span></a><span style="color:rgb(23,43,77);font-family:Arial, Helvetica, sans-serif;"> </span><span style="color:hsl(0,0%,0%);font-family:Arial, Helvetica, sans-serif;">to review the application.</span></p><p><span style="color:hsl(0,0%,0%);">Note: This is a system-generated email. Please do not reply to this email.</span></p>','N','Y','quickstart',now(),'willsmith',now(),'N',NULL),
	 (8034,8,0,'Project Disclosure Review Completion by Admin','FYI : A review with Completed status is marked at {COI_DISCL_REVIEW#REVIEW_LOCATION} for the Project Disclosure Submitted by {COI_DISCLOSURE#REPORTER_NAME}','<p>Hello Reviewer,</p><p>The Project Disclosure submitted on {COI_DISCLOSURE#CERTIFICATION_DATE} by {COI_DISCLOSURE#REPORTER_NAME} is marked as {COI_DISCL_REVIEW#REVIEWER_REVIEW_STATUS} status at {COI_DISCL_REVIEW#REVIEW_LOCATION} by Administrator {COI_DISCLOSURE#ADMINISTRATOR_NAME}.</p><p><span style="color:hsl(0,0%,0%);">Department: </span><span style="font-family:Arial, Helvetica, sans-serif;">{COI_DISCLOSURE#DEPARTMENT_NUMBER} - {COI_DISCLOSURE#DEPARTMENT_NAME}</span></p><p><span style="color:hsl(0,0%,0%);">Disclosure Status: </span><span style="font-family:Arial, Helvetica, sans-serif;">{COI_DISCLOSURE#DISCLOSURE_STATUS}</span></p><p><span style="color:hsl(0,0%,0%);">Review Location: {COI_DISCL_REVIEW#REVIEW_LOCATION}</span></p><p><span style="color:hsl(0,0%,0%);">Review Status: {COI_DISCL_REVIEW#REVIEWER_REVIEW_STATUS}</span></p><p><span style="color:hsl(0,0%,0%);font-family:Arial, Helvetica, sans-serif;">Please follow</span><span style="color:rgb(23,43,77);font-family:Arial, Helvetica, sans-serif;"> </span><a href="{COI_DISCL_URL#DISCLOSURE_URL}"><span style="font-family:Arial, Helvetica, sans-serif;">this link</span></a><span style="color:rgb(23,43,77);font-family:Arial, Helvetica, sans-serif;"> </span><span style="color:hsl(0,0%,0%);font-family:Arial, Helvetica, sans-serif;">to review the application.</span></p><p><span style="color:hsl(0,0%,0%);">Note: This is a system-generated email. Please do not reply to this email.</span></p>','N','Y','quickstart',now(),'willsmith',now(),'N',NULL),
	 (8035,8,0,'FCOI Disclosure Review Location Update','Annual COI Disclosure of {COI_DISCLOSURE#REPORTER_NAME} submitted on {COI_DISCLOSURE#CERTIFICATION_DATE} has been removed from you and re-assigned.','<p>Hi</p><p>The Annual COI Disclosure of {COI_DISCLOSURE#REPORTER_NAME} submitted on {COI_DISCLOSURE#CERTIFICATION_DATE} has been removed from you and re-assigned.</p><p>Thank you.</p><p><span style="color:hsl(0,0%,0%);font-family:Arial, Helvetica, sans-serif;">Please follow</span><span style="color:rgb(23,43,77);font-family:Arial, Helvetica, sans-serif;"> </span><a href="{COI_DISCL_URL#DISCLOSURE_URL}"><span style="font-family:Arial, Helvetica, sans-serif;">this link</span></a><span style="color:rgb(23,43,77);font-family:Arial, Helvetica, sans-serif;"> </span><span style="color:hsl(0,0%,0%);font-family:Arial, Helvetica, sans-serif;">to review the application.</span></p><p><span style="color:hsl(0,0%,0%);">Note: This is a system-generated email. Please do not reply to this email.</span></p>','N','Y','quickstart',now(),'willsmith',now(),'N',NULL),
	 (8036,8,0,'Project Disclosure Review Location Update','Project Disclosure of {COI_DISCLOSURE#REPORTER_NAME} submitted on {COI_DISCLOSURE#CERTIFICATION_DATE} has been removed from you and re-assigned.','<p>Hi,</p><p>The Project Disclosure of {COI_DISCLOSURE#REPORTER_NAME} submitted on {COI_DISCLOSURE#CERTIFICATION_DATE} has been removed from you and re-assigned.</p><p><span style="color:hsl(0,0%,0%);font-family:Arial, Helvetica, sans-serif;">Please follow</span><span style="color:rgb(23,43,77);font-family:Arial, Helvetica, sans-serif;"> </span><a href="{COI_DISCL_URL#DISCLOSURE_URL}"><span style="font-family:Arial, Helvetica, sans-serif;">this link</span></a><span style="color:rgb(23,43,77);font-family:Arial, Helvetica, sans-serif;"> </span><span style="color:hsl(0,0%,0%);font-family:Arial, Helvetica, sans-serif;">to review the application.</span></p><p><span style="color:hsl(0,0%,0%);">Note: This is a system-generated email. Please do not reply to this email.</span></p>','N','Y','quickstart',now(),'willsmith',now(),'N',NULL),
	 (8037,8,0,'FCOI Disclosure Review Remove','Project Disclosure of {COI_DISCLOSURE#REPORTER_NAME} submitted on {COI_DISCLOSURE#CERTIFICATION_DATE} has been removed from you','<p>Hi,</p><p>The Project Disclosure of {COI_DISCLOSURE#REPORTER_NAME} submitted on {COI_DISCLOSURE#CERTIFICATION_DATE} has been removed from you.</p><p><span style="color:hsl(0,0%,0%);font-family:Arial, Helvetica, sans-serif;">Please follow</span><span style="color:rgb(23,43,77);font-family:Arial, Helvetica, sans-serif;"> </span><a href="{COI_DISCL_URL#DISCLOSURE_URL}"><span style="font-family:Arial, Helvetica, sans-serif;">this link</span></a><span style="color:rgb(23,43,77);font-family:Arial, Helvetica, sans-serif;"> </span><span style="color:hsl(0,0%,0%);font-family:Arial, Helvetica, sans-serif;">to review the application.</span></p><p><span style="color:hsl(0,0%,0%);">Note: This is a system-generated email. Please do not reply to this email.</span></p>','N','Y','quickstart',now(),'willsmith',now(),'N',NULL),
	 (8038,8,0,'Project Disclosure Review Remove','Project Disclosure of {COI_DISCLOSURE#REPORTER_NAME} submitted on {COI_DISCLOSURE#CERTIFICATION_DATE} has been removed from you','<p>Hi,</p><p>The Project Disclosure of {COI_DISCLOSURE#REPORTER_NAME} submitted on {COI_DISCLOSURE#CERTIFICATION_DATE} has been removed from you.</p><p><span style="color:hsl(0,0%,0%);font-family:Arial, Helvetica, sans-serif;">Please follow</span><span style="color:rgb(23,43,77);font-family:Arial, Helvetica, sans-serif;"> </span><a href="{COI_DISCL_URL#DISCLOSURE_URL}"><span style="font-family:Arial, Helvetica, sans-serif;">this link</span></a><span style="color:rgb(23,43,77);font-family:Arial, Helvetica, sans-serif;"> </span><span style="color:hsl(0,0%,0%);font-family:Arial, Helvetica, sans-serif;">to review the application.</span></p><p><span style="color:hsl(0,0%,0%);">Note: This is a system-generated email. Please do not reply to this email.</span></p>','N','Y','quickstart',now(),'willsmith',now(),'N',NULL);

INSERT INTO notification_recipient (NOTIFICATION_TYPE_ID,RECIPIENT_PERSON_ID,ROLE_TYPE_CODE,CREATE_USER,CREATE_TIMESTAMP,UPDATE_USER,UPDATE_TIMESTAMP,RECIPIENT_TYPE,RECIPIENT_NAME) VALUES
	 (8003,NULL,53,'quickstart',now(),'quickstart',now(),'TO','COI Reporter'),
	 (8003,NULL,52,'quickstart',now(),'quickstart',now(),'CC','COI Administrators'),
	 (8003,NULL,54,'quickstart',now(),'quickstart',now(),'CC','COI Admin Group'),
	 (8000,NULL,52,'quickstart',now(),'quickstart',now(),'TO','COI Administrators'),
	 (8001,NULL,52,'quickstart',now(),'quickstart',now(),'TO','COI Administrators'),
	 (8002,NULL,53,'quickstart',now(),'quickstart',now(),'TO','COI Reporter'),
	 (8002,NULL,54,'quickstart',now(),'quickstart',now(),'CC','COI Admin Group'),
	 (8002,NULL,52,'quickstart',now(),'quickstart',now(),'CC','COI Administrators'),
	 (8002,NULL,55,'quickstart',now(),'quickstart',now(),'CC','COI Reviewers'),
	 (8004,NULL,56,'quickstart',now(),'quickstart',now(),'TO','COI Primary Administrator');
INSERT INTO notification_recipient (NOTIFICATION_TYPE_ID,RECIPIENT_PERSON_ID,ROLE_TYPE_CODE,CREATE_USER,CREATE_TIMESTAMP,UPDATE_USER,UPDATE_TIMESTAMP,RECIPIENT_TYPE,RECIPIENT_NAME) VALUES
	 (8004,NULL,54,'quickstart',now(),'quickstart',now(),'CC','COI Admin Group'),
	 (8005,NULL,54,'quickstart',now(),'quickstart',now(),'CC','COI Admin Group'),
	 (8012,NULL,56,'quickstart',now(),'quickstart',now(),'TO','COI Primary Administrator'),
	 (8012,NULL,54,'quickstart',now(),'quickstart',now(),'CC','COI Admin Group'),
	 (8007,NULL,52,'quickstart',now(),'quickstart',now(),'TO','COI Administrators'),
	 (8008,NULL,52,'quickstart',now(),'quickstart',now(),'TO','COI Administrators'),
	 (8010,NULL,52,'quickstart',now(),'quickstart',now(),'TO','COI Administrators'),
	 (8010,NULL,54,'quickstart',now(),'quickstart',now(),'CC','COI Admin Group'),
	 (8011,NULL,54,'quickstart',now(),'quickstart',now(),'TO','COI Admin Group'),
	 (8013,NULL,54,'quickstart',now(),'quickstart',now(),'TO','COI Admin Group');
INSERT INTO notification_recipient (NOTIFICATION_TYPE_ID,RECIPIENT_PERSON_ID,ROLE_TYPE_CODE,CREATE_USER,CREATE_TIMESTAMP,UPDATE_USER,UPDATE_TIMESTAMP,RECIPIENT_TYPE,RECIPIENT_NAME) VALUES
	 (8009,NULL,53,'quickstart',now(),'quickstart',now(),'TO','COI Reporter'),
	 (8016,NULL,57,'quickstart',now(),'quickstart',now(),'TO','COI Reviewer'),
	 (8016,NULL,54,'quickstart',now(),'quickstart',now(),'TO','COI Admin Group'),
	 (8016,NULL,52,'quickstart',now(),'quickstart',now(),'TO','COI Administrators'),
	 (8017,NULL,54,'quickstart',now(),'quickstart',now(),'TO','COI Admin Group'),
	 (8017,NULL,52,'quickstart',now(),'quickstart',now(),'TO','COI Administrators'),
	 (8018,NULL,57,'quickstart',now(),'quickstart',now(),'TO','COI Reviewer'),
	 (8018,NULL,54,'quickstart',now(),'quickstart',now(),'TO','COI Admin Group'),
	 (8018,NULL,52,'quickstart',now(),'quickstart',now(),'TO','COI Administrators'),
	 (8019,NULL,52,'quickstart',now(),'quickstart',now(),'TO','COI Administrators');
INSERT INTO notification_recipient (NOTIFICATION_TYPE_ID,RECIPIENT_PERSON_ID,ROLE_TYPE_CODE,CREATE_USER,CREATE_TIMESTAMP,UPDATE_USER,UPDATE_TIMESTAMP,RECIPIENT_TYPE,RECIPIENT_NAME) VALUES
	 (8020,NULL,53,'quickstart',now(),'quickstart',now(),'TO','COI Reporter'),
	 (8020,NULL,52,'quickstart',now(),'quickstart',now(),'TO','COI Administrators'),
	 (8021,NULL,53,'quickstart',now(),'quickstart',now(),'TO','COI Reporter'),
	 (8022,NULL,53,'quickstart',now(),'quickstart',now(),'TO','COI Reporter'),
	 (8023,NULL,53,'quickstart',now(),'quickstart',now(),'TO','COI Reporter'),
	 (8023,NULL,52,'quickstart',now(),'quickstart',now(),'TO','COI Administrators'),
	 (8024,NULL,52,'quickstart',now(),'quickstart',now(),'TO','COI Administrators'),
	 (8025,NULL,53,'quickstart',now(),'quickstart',now(),'TO','COI Reporter'),
	 (8026,NULL,53,'quickstart',now(),'quickstart',now(),'TO','COI Reporter'),
	 (8006,NULL,57,'quickstart',now(),'quickstart',now(),'TO','COI Reviewer');
INSERT INTO notification_recipient (NOTIFICATION_TYPE_ID,RECIPIENT_PERSON_ID,ROLE_TYPE_CODE,CREATE_USER,CREATE_TIMESTAMP,UPDATE_USER,UPDATE_TIMESTAMP,RECIPIENT_TYPE,RECIPIENT_NAME) VALUES
	 (8006,NULL,54,'quickstart',now(),'quickstart',now(),'TO','COI Admin Group'),
	 (8006,NULL,52,'quickstart',now(),'quickstart',now(),'TO','COI Administrators'),
	 (8027,NULL,52,'quickstart',now(),'quickstart',now(),'TO','COI Administrators'),
	 (8028,NULL,52,'quickstart',now(),'quickstart',now(),'TO','COI Administrators'),
	 (8029,NULL,58,'quickstart',now(),'quickstart',now(),'TO','Entity Admins'),
	 (8030,NULL,58,'quickstart',now(),'quickstart',now(),'TO','Entity Admins'),
	 (8030,NULL,59,'quickstart',now(),'quickstart',now(),'TO','Entity Reporters'),
	 (8031,NULL,52,'quickstart',now(),'quickstart',now(),'CC','COI Administrators'),
	 (8031,NULL,59,'quickstart',now(),'quickstart',now(),'TO','Entity Reporters'),
	 (8032,NULL,57,'quickstart',now(),'quickstart',now(),'TO','COI Reviewer');
INSERT INTO notification_recipient (NOTIFICATION_TYPE_ID,RECIPIENT_PERSON_ID,ROLE_TYPE_CODE,CREATE_USER,CREATE_TIMESTAMP,UPDATE_USER,UPDATE_TIMESTAMP,RECIPIENT_TYPE,RECIPIENT_NAME) VALUES
	 (8032,NULL,54,'quickstart',now(),'quickstart',now(),'TO','COI Admin Group'),
	 (8032,NULL,52,'quickstart',now(),'quickstart',now(),'TO','COI Administrators'),
	 (8033,NULL,54,'quickstart',now(),'quickstart',now(),'TO','COI Admin Group'),
	 (8033,NULL,52,'quickstart',now(),'quickstart',now(),'TO','COI Administrators'),
	 (8034,NULL,57,'quickstart',now(),'quickstart',now(),'TO','COI Reviewer'),
	 (8034,NULL,54,'quickstart',now(),'quickstart',now(),'TO','COI Admin Group'),
	 (8034,NULL,52,'quickstart',now(),'quickstart',now(),'TO','COI Administrators'),
	 (8035,NULL,57,'quickstart',now(),'quickstart',now(),'TO','COI Reviewer'),
	 (8035,NULL,54,'quickstart',now(),'quickstart',now(),'TO','COI Admin Group'),
	 (8035,NULL,52,'quickstart',now(),'quickstart',now(),'TO','COI Administrators');
INSERT INTO notification_recipient (NOTIFICATION_TYPE_ID,RECIPIENT_PERSON_ID,ROLE_TYPE_CODE,CREATE_USER,CREATE_TIMESTAMP,UPDATE_USER,UPDATE_TIMESTAMP,RECIPIENT_TYPE,RECIPIENT_NAME) VALUES
	 (8036,NULL,57,'quickstart',now(),'quickstart',now(),'TO','COI Reviewer'),
	 (8036,NULL,54,'quickstart',now(),'quickstart',now(),'TO','COI Admin Group'),
	 (8036,NULL,52,'quickstart',now(),'quickstart',now(),'TO','COI Administrators'),
	 (8037,NULL,57,'quickstart',now(),'quickstart',now(),'TO','COI Reviewer'),
	 (8037,NULL,54,'quickstart',now(),'quickstart',now(),'TO','COI Admin Group'),
	 (8037,NULL,52,'quickstart',now(),'quickstart',now(),'TO','COI Administrators'),
	 (8038,NULL,57,'quickstart',now(),'quickstart',now(),'TO','COI Reviewer'),
	 (8038,NULL,54,'quickstart',now(),'quickstart',now(),'TO','COI Admin Group'),
	 (8038,NULL,52,'quickstart',now(),'quickstart',now(),'TO','COI Administrators');

INSERT INTO notify_action_type_map (NOTIFICATION_TYPE_ID,MODULE_ACTION_TYPE_ID,UPDATE_TIMESTAMP,UPDATE_USER) VALUES
	 (8000,1,now(),'quickstart'),
	 (8001,7,now(),'quickstart'),
	 (8002,5,now(),'quickstart'),
	 (8003,3,now(),'quickstart'),
	 (8004,13,now(),'quickstart'),
	 (8005,21,now(),'quickstart'),
	 (8006,17,now(),'quickstart'),
	 (8007,2,now(),'quickstart'),
	 (8008,8,now(),'quickstart'),
	 (8009,6,now(),'quickstart');
INSERT INTO notify_action_type_map (NOTIFICATION_TYPE_ID,MODULE_ACTION_TYPE_ID,UPDATE_TIMESTAMP,UPDATE_USER) VALUES
	 (8010,14,now(),'quickstart'),
	 (8011,22,now(),'quickstart'),
	 (8012,21,now(),'quickstart'),
	 (8013,22,now(),'quickstart'),
	 (8014,23,now(),'quickstart'),
	 (8016,9,now(),'quickstart'),
	 (8017,25,now(),'quickstart'),
	 (8018,27,now(),'quickstart'),
	 (8019,30,now(),'quickstart'),
	 (8020,30,now(),'quickstart');
INSERT INTO notify_action_type_map (NOTIFICATION_TYPE_ID,MODULE_ACTION_TYPE_ID,UPDATE_TIMESTAMP,UPDATE_USER) VALUES
	 (8023,32,now(),'quickstart'),
	 (8024,29,now(),'quickstart'),
	 (8027,15,now(),'quickstart'),
	 (8028,16,now(),'quickstart'),
	 (8029,33,now(),'quickstart'),
	 (8030,34,now(),'quickstart'),
	 (8031,35,now(),'quickstart'),
	 (8032,10,now(),'quickstart'),
	 (8033,26,now(),'quickstart'),
	 (8034,28,now(),'quickstart');
INSERT INTO notify_action_type_map (NOTIFICATION_TYPE_ID,MODULE_ACTION_TYPE_ID,UPDATE_TIMESTAMP,UPDATE_USER) VALUES
	 (8035,19,now(),'quickstart'),
	 (8036,20,now(),'quickstart'),
	 (8037,36,now(),'quickstart'),
	 (8038,37,now(),'quickstart');

INSERT INTO reminder_notification
(REMINDER_NOTIFICATION_ID, REMINDER_NAME, NOTIFICATION_TYPE_ID, DAYS_TO_DUE_DATE, PROCEDURE_NAME, IS_ACTVE, UPDATE_USER, UPDATE_TIMESTAMP, PLACEHOLDER_VALUES)
VALUES((SELECT T.ID FROM (SELECT MAX(REMINDER_NOTIFICATION_ID) + 1 AS ID FROM REMINDER_NOTIFICATION) AS T), 'FCOI Disclosure reminder for Expired', 8021, 0, 'FCOI_DISCLOSRE_RENEWAL_REMINDER', 'Y', 'willsmith', now(), NULL);

INSERT INTO reminder_notification
(REMINDER_NOTIFICATION_ID, REMINDER_NAME, NOTIFICATION_TYPE_ID, DAYS_TO_DUE_DATE, PROCEDURE_NAME, IS_ACTVE, UPDATE_USER, UPDATE_TIMESTAMP, PLACEHOLDER_VALUES)
VALUES((SELECT T.ID FROM (SELECT MAX(REMINDER_NOTIFICATION_ID) + 1 AS ID FROM REMINDER_NOTIFICATION) AS T), 'FCOI Disclosure reminder for Renewal', 8022, 1, 'FCOI_DISCLOSRE_RENEWAL_REMINDER', 'Y', 'willsmith', now(), NULL);

INSERT INTO reminder_notification
(REMINDER_NOTIFICATION_ID, REMINDER_NAME, NOTIFICATION_TYPE_ID, DAYS_TO_DUE_DATE, PROCEDURE_NAME, IS_ACTVE, UPDATE_USER, UPDATE_TIMESTAMP, PLACEHOLDER_VALUES)
VALUES((SELECT T.ID FROM (SELECT MAX(REMINDER_NOTIFICATION_ID) + 1 AS ID FROM REMINDER_NOTIFICATION) AS T), 'Project Disclosure reminder for Renewal', 8025, 1, 'PROJECT_DISCLOSURE_RENEWAL_REMINDER', 'Y', 'willsmith', now(), NULL);

INSERT INTO reminder_notification
(REMINDER_NOTIFICATION_ID, REMINDER_NAME, NOTIFICATION_TYPE_ID, DAYS_TO_DUE_DATE, PROCEDURE_NAME, IS_ACTVE, UPDATE_USER, UPDATE_TIMESTAMP, PLACEHOLDER_VALUES)
VALUES((SELECT T.ID FROM (SELECT MAX(REMINDER_NOTIFICATION_ID) + 1 AS ID FROM REMINDER_NOTIFICATION) AS T), 'Project Disclosure reminder for Expiry', 8026, 0, 'PROJECT_DISCLOSURE_RENEWAL_REMINDER', 'Y', 'willsmith', now(), NULL);

INSERT INTO scheduler_job_info
(CRON_EXPRESSION, IS_CRON_JOB, JOB_CLASS, JOB_GROUP, JOB_NAME, REPEAT_TIME, DESCRIPTION, CRON_STATUS, UPDATE_USER, UPDATE_TIMESTAMP, IS_ACTIVE)
VALUES('0 0 0 * * ?', 'Y', 'com.polus.core.quartzscheduler.scheduler.reminder.ReminderNotificationScheduler', 'coi', 'Coi Reminder Notification', NULL, 'This job is to sent reminders', 'SCHEDULED', 'admin', now(), 'Y');


UPDATE `mq_router_action_configuration` SET `IS_ACTIVE` = 'Y' WHERE (`IS_ACTIVE` = 'N');
SET SQL_SAFE_UPDATES=1;