INSERT INTO entity_section (ENTITY_SECTION_CODE, DESCRIPTION, IS_ACTIVE, UPDATE_TIMESTAMP, UPDATED_BY) VALUES ('9', 'General: Basic Details - Comment', 'Y', now(), '10000000001');
INSERT INTO entity_section (ENTITY_SECTION_CODE, DESCRIPTION, IS_ACTIVE, UPDATE_TIMESTAMP, UPDATED_BY) VALUES ('10', 'General: Company Details - Comment', 'Y', now(), '10000000001');
INSERT INTO entity_section (ENTITY_SECTION_CODE, DESCRIPTION, IS_ACTIVE, UPDATE_TIMESTAMP, UPDATED_BY) VALUES ('11', 'General: Entity Risk - Comment', 'Y', now(), '10000000001');
INSERT INTO entity_section (ENTITY_SECTION_CODE, DESCRIPTION, IS_ACTIVE, UPDATE_TIMESTAMP, UPDATED_BY) VALUES ('12', 'General: Other Reference IDs - Comment', 'Y', now(), '10000000001');
INSERT INTO entity_section (ENTITY_SECTION_CODE, DESCRIPTION, IS_ACTIVE, UPDATE_TIMESTAMP, UPDATED_BY) VALUES ('13', 'General: Entity Attachments - Comment', 'Y', now(), '10000000001');
INSERT INTO entity_section (ENTITY_SECTION_CODE, DESCRIPTION, IS_ACTIVE, UPDATE_TIMESTAMP, UPDATED_BY) VALUES ('14', 'General: Additional Information - Comment', 'Y', now(), '10000000001');
INSERT INTO entity_section (ENTITY_SECTION_CODE, DESCRIPTION, IS_ACTIVE, UPDATE_TIMESTAMP, UPDATED_BY) VALUES ('15', 'General: Entity Notes - Comment', 'Y', now(), '10000000001');
INSERT INTO entity_section (ENTITY_SECTION_CODE, DESCRIPTION, IS_ACTIVE, UPDATE_TIMESTAMP, UPDATED_BY) VALUES ('16', 'Sponsor: Sponsor Details - Comment', 'Y', now(), '10000000001');
INSERT INTO entity_section (ENTITY_SECTION_CODE, DESCRIPTION, IS_ACTIVE, UPDATE_TIMESTAMP, UPDATED_BY) VALUES ('17', 'Sponsor: Sponsor Risk - Comment', 'Y', now(), '10000000001');
INSERT INTO entity_section (ENTITY_SECTION_CODE, DESCRIPTION, IS_ACTIVE, UPDATE_TIMESTAMP, UPDATED_BY) VALUES ('18', 'Sponsor: Sponsor Attachments - Comment', 'Y', now(), '10000000001');
INSERT INTO entity_section (ENTITY_SECTION_CODE, DESCRIPTION, IS_ACTIVE, UPDATE_TIMESTAMP, UPDATED_BY) VALUES ('19', 'Sponsor: Sponsor Questionnaire - Comment', 'Y', now(), '10000000001');
INSERT INTO entity_section (ENTITY_SECTION_CODE, DESCRIPTION, IS_ACTIVE, UPDATE_TIMESTAMP, UPDATED_BY) VALUES ('20', 'Sponsor: Sponsor Notes - Comment', 'Y', now(), '10000000001');
INSERT INTO entity_section (ENTITY_SECTION_CODE, DESCRIPTION, IS_ACTIVE, UPDATE_TIMESTAMP, UPDATED_BY) VALUES ('21', 'Organization: Sub-award Organization Details - Comment', 'Y', now(), '10000000001');
INSERT INTO entity_section (ENTITY_SECTION_CODE, DESCRIPTION, IS_ACTIVE, UPDATE_TIMESTAMP, UPDATED_BY) VALUES ('22', 'Organization: Sub-award Organization Risk - Comment', 'Y', now(), '10000000001');
INSERT INTO entity_section (ENTITY_SECTION_CODE, DESCRIPTION, IS_ACTIVE, UPDATE_TIMESTAMP, UPDATED_BY) VALUES ('23', 'Organization: Sub-award Organization Attachments - Comment', 'Y', now(), '10000000001');
INSERT INTO entity_section (ENTITY_SECTION_CODE, DESCRIPTION, IS_ACTIVE, UPDATE_TIMESTAMP, UPDATED_BY) VALUES ('24', 'Organization: Sub-award Organization Questionnaire - Comment', 'Y', now(), '10000000001');
INSERT INTO entity_section (ENTITY_SECTION_CODE, DESCRIPTION, IS_ACTIVE, UPDATE_TIMESTAMP, UPDATED_BY) VALUES ('25', 'Organization: Sub-award Organization Notes - Comment', 'Y', now(), '10000000001');
INSERT INTO entity_section (ENTITY_SECTION_CODE, DESCRIPTION, IS_ACTIVE, UPDATE_TIMESTAMP, UPDATED_BY) VALUES ('26', 'Compliance: Compliance Risk - Comment', 'Y', now(), '10000000001');
INSERT INTO entity_section (ENTITY_SECTION_CODE, DESCRIPTION, IS_ACTIVE, UPDATE_TIMESTAMP, UPDATED_BY) VALUES ('27', 'Compliance: Compliance Attachments - Comment', 'Y', now(), '10000000001');
INSERT INTO entity_section (ENTITY_SECTION_CODE, DESCRIPTION, IS_ACTIVE, UPDATE_TIMESTAMP, UPDATED_BY) VALUES ('28', 'Compliance: Compliance Questionnaire - Comment', 'Y', now(), '10000000001');
INSERT INTO entity_section (ENTITY_SECTION_CODE, DESCRIPTION, IS_ACTIVE, UPDATE_TIMESTAMP, UPDATED_BY) VALUES ('29', 'Compliance: Compliance Notes - Comment', 'Y', now(), '10000000001');
INSERT INTO entity_section (ENTITY_SECTION_CODE, DESCRIPTION, IS_ACTIVE, UPDATE_TIMESTAMP, UPDATED_BY) VALUES ('30', 'Corporate Family: Corporate Family - Comment', 'Y', now(), '10000000001');

INSERT INTO entity_section_access_right (SEC_ACCESS_RIGHT_ID, SECTION_CODE, RIGHT_NAME, UPDATE_TIMESTAMP, UPDATED_BY) VALUES ('9', '9', 'MANAGE_ENTITY_OVERVIEW_COMMENTS', now(), '10000000001');
INSERT INTO entity_section_access_right (SEC_ACCESS_RIGHT_ID, SECTION_CODE, RIGHT_NAME, UPDATE_TIMESTAMP, UPDATED_BY) VALUES ('10', '10', 'MANAGE_ENTITY_OVERVIEW_COMMENTS', now(), '10000000001');
INSERT INTO entity_section_access_right (SEC_ACCESS_RIGHT_ID, SECTION_CODE, RIGHT_NAME, UPDATE_TIMESTAMP, UPDATED_BY) VALUES ('11', '11', 'MANAGE_ENTITY_OVERVIEW_COMMENTS', now(), '10000000001');
INSERT INTO entity_section_access_right (SEC_ACCESS_RIGHT_ID, SECTION_CODE, RIGHT_NAME, UPDATE_TIMESTAMP, UPDATED_BY) VALUES ('12', '12', 'MANAGE_ENTITY_OVERVIEW_COMMENTS', now(), '10000000001');
INSERT INTO entity_section_access_right (SEC_ACCESS_RIGHT_ID, SECTION_CODE, RIGHT_NAME, UPDATE_TIMESTAMP, UPDATED_BY) VALUES ('13', '13', 'MANAGE_ENTITY_OVERVIEW_COMMENTS', now(), '10000000001');
INSERT INTO entity_section_access_right (SEC_ACCESS_RIGHT_ID, SECTION_CODE, RIGHT_NAME, UPDATE_TIMESTAMP, UPDATED_BY) VALUES ('14', '14', 'MANAGE_ENTITY_OVERVIEW_COMMENTS', now(), '10000000001');
INSERT INTO entity_section_access_right (SEC_ACCESS_RIGHT_ID, SECTION_CODE, RIGHT_NAME, UPDATE_TIMESTAMP, UPDATED_BY) VALUES ('15', '15', 'MANAGE_ENTITY_OVERVIEW_COMMENTS', now(), '10000000001');
INSERT INTO entity_section_access_right (SEC_ACCESS_RIGHT_ID, SECTION_CODE, RIGHT_NAME, UPDATE_TIMESTAMP, UPDATED_BY) VALUES ('16', '9', 'VIEW_ENTITY_OVERVIEW_COMMENTS', now(), '10000000001');
INSERT INTO entity_section_access_right (SEC_ACCESS_RIGHT_ID, SECTION_CODE, RIGHT_NAME, UPDATE_TIMESTAMP, UPDATED_BY) VALUES ('17', '10', 'VIEW_ENTITY_OVERVIEW_COMMENTS', now(), '10000000001');
INSERT INTO entity_section_access_right (SEC_ACCESS_RIGHT_ID, SECTION_CODE, RIGHT_NAME, UPDATE_TIMESTAMP, UPDATED_BY) VALUES ('18', '11', 'VIEW_ENTITY_OVERVIEW_COMMENTS', now(), '10000000001');
INSERT INTO entity_section_access_right (SEC_ACCESS_RIGHT_ID, SECTION_CODE, RIGHT_NAME, UPDATE_TIMESTAMP, UPDATED_BY) VALUES ('19', '12', 'VIEW_ENTITY_OVERVIEW_COMMENTS', now(), '10000000001');
INSERT INTO entity_section_access_right (SEC_ACCESS_RIGHT_ID, SECTION_CODE, RIGHT_NAME, UPDATE_TIMESTAMP, UPDATED_BY) VALUES ('20', '13', 'VIEW_ENTITY_OVERVIEW_COMMENTS', now(), '10000000001');
INSERT INTO entity_section_access_right (SEC_ACCESS_RIGHT_ID, SECTION_CODE, RIGHT_NAME, UPDATE_TIMESTAMP, UPDATED_BY) VALUES ('21', '14', 'VIEW_ENTITY_OVERVIEW_COMMENTS', now(), '10000000001');
INSERT INTO entity_section_access_right (SEC_ACCESS_RIGHT_ID, SECTION_CODE, RIGHT_NAME, UPDATE_TIMESTAMP, UPDATED_BY) VALUES ('22', '15', 'VIEW_ENTITY_OVERVIEW_COMMENTS', now(), '10000000001');
INSERT INTO entity_section_access_right (SEC_ACCESS_RIGHT_ID, SECTION_CODE, RIGHT_NAME, UPDATE_TIMESTAMP, UPDATED_BY) VALUES ('23', '16', 'MANAGE_ENTITY_SPONSOR_COMMENTS', now(), '10000000001');
INSERT INTO entity_section_access_right (SEC_ACCESS_RIGHT_ID, SECTION_CODE, RIGHT_NAME, UPDATE_TIMESTAMP, UPDATED_BY) VALUES ('24', '17', 'MANAGE_ENTITY_SPONSOR_COMMENTS', now(), '10000000001');
INSERT INTO entity_section_access_right (SEC_ACCESS_RIGHT_ID, SECTION_CODE, RIGHT_NAME, UPDATE_TIMESTAMP, UPDATED_BY) VALUES ('25', '18', 'MANAGE_ENTITY_SPONSOR_COMMENTS', now(), '10000000001');
INSERT INTO entity_section_access_right (SEC_ACCESS_RIGHT_ID, SECTION_CODE, RIGHT_NAME, UPDATE_TIMESTAMP, UPDATED_BY) VALUES ('26', '19', 'MANAGE_ENTITY_SPONSOR_COMMENTS', now(), '10000000001');
INSERT INTO entity_section_access_right (SEC_ACCESS_RIGHT_ID, SECTION_CODE, RIGHT_NAME, UPDATE_TIMESTAMP, UPDATED_BY) VALUES ('27', '20', 'MANAGE_ENTITY_SPONSOR_COMMENTS', now(), '10000000001');
INSERT INTO entity_section_access_right (SEC_ACCESS_RIGHT_ID, SECTION_CODE, RIGHT_NAME, UPDATE_TIMESTAMP, UPDATED_BY) VALUES ('28', '16', 'VIEW_ENTITY_SPONSOR_COMMENTS', now(), '10000000001');
INSERT INTO entity_section_access_right (SEC_ACCESS_RIGHT_ID, SECTION_CODE, RIGHT_NAME, UPDATE_TIMESTAMP, UPDATED_BY) VALUES ('29', '17', 'VIEW_ENTITY_SPONSOR_COMMENTS', now(), '10000000001');
INSERT INTO entity_section_access_right (SEC_ACCESS_RIGHT_ID, SECTION_CODE, RIGHT_NAME, UPDATE_TIMESTAMP, UPDATED_BY) VALUES ('30', '18', 'VIEW_ENTITY_SPONSOR_COMMENTS', now(), '10000000001');
INSERT INTO entity_section_access_right (SEC_ACCESS_RIGHT_ID, SECTION_CODE, RIGHT_NAME, UPDATE_TIMESTAMP, UPDATED_BY) VALUES ('31', '19', 'VIEW_ENTITY_SPONSOR_COMMENTS', now(), '10000000001');
INSERT INTO entity_section_access_right (SEC_ACCESS_RIGHT_ID, SECTION_CODE, RIGHT_NAME, UPDATE_TIMESTAMP, UPDATED_BY) VALUES ('32', '20', 'VIEW_ENTITY_SPONSOR_COMMENTS', now(), '10000000001');
INSERT INTO entity_section_access_right (SEC_ACCESS_RIGHT_ID, SECTION_CODE, RIGHT_NAME, UPDATE_TIMESTAMP, UPDATED_BY) VALUES ('33', '21', 'MANAGE_ENTITY_ORGANIZATION_COMMENTS', now(), '10000000001');
INSERT INTO entity_section_access_right (SEC_ACCESS_RIGHT_ID, SECTION_CODE, RIGHT_NAME, UPDATE_TIMESTAMP, UPDATED_BY) VALUES ('34', '22', 'MANAGE_ENTITY_ORGANIZATION_COMMENTS', now(), '10000000001');
INSERT INTO entity_section_access_right (SEC_ACCESS_RIGHT_ID, SECTION_CODE, RIGHT_NAME, UPDATE_TIMESTAMP, UPDATED_BY) VALUES ('35', '23', 'MANAGE_ENTITY_ORGANIZATION_COMMENTS', now(), '10000000001');
INSERT INTO entity_section_access_right (SEC_ACCESS_RIGHT_ID, SECTION_CODE, RIGHT_NAME, UPDATE_TIMESTAMP, UPDATED_BY) VALUES ('36', '24', 'MANAGE_ENTITY_ORGANIZATION_COMMENTS', now(), '10000000001');
INSERT INTO entity_section_access_right (SEC_ACCESS_RIGHT_ID, SECTION_CODE, RIGHT_NAME, UPDATE_TIMESTAMP, UPDATED_BY) VALUES ('37', '25', 'MANAGE_ENTITY_ORGANIZATION_COMMENTS', now(), '10000000001');
INSERT INTO entity_section_access_right (SEC_ACCESS_RIGHT_ID, SECTION_CODE, RIGHT_NAME, UPDATE_TIMESTAMP, UPDATED_BY) VALUES ('38', '21', 'VIEW_ENTITY_ORGANIZATION_COMMENTS', now(), '10000000001');
INSERT INTO entity_section_access_right (SEC_ACCESS_RIGHT_ID, SECTION_CODE, RIGHT_NAME, UPDATE_TIMESTAMP, UPDATED_BY) VALUES ('39', '22', 'VIEW_ENTITY_ORGANIZATION_COMMENTS', now(), '10000000001');
INSERT INTO entity_section_access_right (SEC_ACCESS_RIGHT_ID, SECTION_CODE, RIGHT_NAME, UPDATE_TIMESTAMP, UPDATED_BY) VALUES ('40', '23', 'VIEW_ENTITY_ORGANIZATION_COMMENTS', now(), '10000000001');
INSERT INTO entity_section_access_right (SEC_ACCESS_RIGHT_ID, SECTION_CODE, RIGHT_NAME, UPDATE_TIMESTAMP, UPDATED_BY) VALUES ('41', '24', 'VIEW_ENTITY_ORGANIZATION_COMMENTS', now(), '10000000001');
INSERT INTO entity_section_access_right (SEC_ACCESS_RIGHT_ID, SECTION_CODE, RIGHT_NAME, UPDATE_TIMESTAMP, UPDATED_BY) VALUES ('42', '25', 'VIEW_ENTITY_ORGANIZATION_COMMENTS', now(), '10000000001');
INSERT INTO entity_section_access_right (SEC_ACCESS_RIGHT_ID, SECTION_CODE, RIGHT_NAME, UPDATE_TIMESTAMP, UPDATED_BY) VALUES ('43', '26', 'MANAGE_ENTITY_COMPLIANCE_COMMENTS', now(), '10000000001');
INSERT INTO entity_section_access_right (SEC_ACCESS_RIGHT_ID, SECTION_CODE, RIGHT_NAME, UPDATE_TIMESTAMP, UPDATED_BY) VALUES ('44', '27', 'MANAGE_ENTITY_COMPLIANCE_COMMENTS', now(), '10000000001');
INSERT INTO entity_section_access_right (SEC_ACCESS_RIGHT_ID, SECTION_CODE, RIGHT_NAME, UPDATE_TIMESTAMP, UPDATED_BY) VALUES ('45', '28', 'MANAGE_ENTITY_COMPLIANCE_COMMENTS', now(), '10000000001');
INSERT INTO entity_section_access_right (SEC_ACCESS_RIGHT_ID, SECTION_CODE, RIGHT_NAME, UPDATE_TIMESTAMP, UPDATED_BY) VALUES ('46', '29', 'MANAGE_ENTITY_COMPLIANCE_COMMENTS', now(), '10000000001');
INSERT INTO entity_section_access_right (SEC_ACCESS_RIGHT_ID, SECTION_CODE, RIGHT_NAME, UPDATE_TIMESTAMP, UPDATED_BY) VALUES ('47', '26', 'VIEW_ENTITY_COMPLIANCE_COMMENTS', now(), '10000000001');
INSERT INTO entity_section_access_right (SEC_ACCESS_RIGHT_ID, SECTION_CODE, RIGHT_NAME, UPDATE_TIMESTAMP, UPDATED_BY) VALUES ('48', '27', 'VIEW_ENTITY_COMPLIANCE_COMMENTS', now(), '10000000001');
INSERT INTO entity_section_access_right (SEC_ACCESS_RIGHT_ID, SECTION_CODE, RIGHT_NAME, UPDATE_TIMESTAMP, UPDATED_BY) VALUES ('49', '28', 'VIEW_ENTITY_COMPLIANCE_COMMENTS', now(), '10000000001');
INSERT INTO entity_section_access_right (SEC_ACCESS_RIGHT_ID, SECTION_CODE, RIGHT_NAME, UPDATE_TIMESTAMP, UPDATED_BY) VALUES ('50', '29', 'VIEW_ENTITY_COMPLIANCE_COMMENTS', now(), '10000000001');
INSERT INTO entity_section_access_right (SEC_ACCESS_RIGHT_ID, SECTION_CODE, RIGHT_NAME, UPDATE_TIMESTAMP, UPDATED_BY) VALUES ('51', '30', 'MANAGE_ENTITY_CORPORATE_FAMILY_COMMENTS', now(), '10000000001');
INSERT INTO entity_section_access_right (SEC_ACCESS_RIGHT_ID, SECTION_CODE, RIGHT_NAME, UPDATE_TIMESTAMP, UPDATED_BY) VALUES ('52', '30', 'VIEW_ENTITY_CORPORATE_FAMILY_COMMENTS', now(), '10000000001');

INSERT INTO entity_comment_type (COMMENT_TYPE_CODE, SECTION_CODE, DESCRIPTION, IS_SYSTEM_COMMENT_TYPE, IS_PRIVATE, IS_ACTIVE, UPDATE_TIMESTAMP, UPDATED_BY) VALUES ('1', '9', 'General: Basic Details', 'N', 'N', 'Y', now(), '10000000001');
INSERT INTO entity_comment_type (COMMENT_TYPE_CODE, SECTION_CODE, DESCRIPTION, IS_SYSTEM_COMMENT_TYPE, IS_PRIVATE, IS_ACTIVE, UPDATE_TIMESTAMP, UPDATED_BY) VALUES ('2', '10', 'General: Company Details', 'N', 'N', 'Y', now(), '10000000001');
INSERT INTO entity_comment_type (COMMENT_TYPE_CODE, SECTION_CODE, DESCRIPTION, IS_SYSTEM_COMMENT_TYPE, IS_PRIVATE, IS_ACTIVE, UPDATE_TIMESTAMP, UPDATED_BY) VALUES ('3', '11', 'General: Entity Risk', 'N', 'N', 'Y', now(), '10000000001');
INSERT INTO entity_comment_type (COMMENT_TYPE_CODE, SECTION_CODE, DESCRIPTION, IS_SYSTEM_COMMENT_TYPE, IS_PRIVATE, IS_ACTIVE, UPDATE_TIMESTAMP, UPDATED_BY) VALUES ('4', '12', 'General: Other Reference IDs', 'N', 'N', 'Y', now(), '10000000001');
INSERT INTO entity_comment_type (COMMENT_TYPE_CODE, SECTION_CODE, DESCRIPTION, IS_SYSTEM_COMMENT_TYPE, IS_PRIVATE, IS_ACTIVE, UPDATE_TIMESTAMP, UPDATED_BY) VALUES ('5', '13', 'General: Entity Attachments', 'N', 'N', 'Y', now(), '10000000001');
INSERT INTO entity_comment_type (COMMENT_TYPE_CODE, SECTION_CODE, DESCRIPTION, IS_SYSTEM_COMMENT_TYPE, IS_PRIVATE, IS_ACTIVE, UPDATE_TIMESTAMP, UPDATED_BY) VALUES ('6', '14', 'General: Additional Information', 'N', 'N', 'Y', now(), '10000000001');
INSERT INTO entity_comment_type (COMMENT_TYPE_CODE, SECTION_CODE, DESCRIPTION, IS_SYSTEM_COMMENT_TYPE, IS_PRIVATE, IS_ACTIVE, UPDATE_TIMESTAMP, UPDATED_BY) VALUES ('7', '15', 'General: Entity Notes', 'N', 'N', 'Y', now(), '10000000001');
INSERT INTO entity_comment_type (COMMENT_TYPE_CODE, SECTION_CODE, DESCRIPTION, IS_SYSTEM_COMMENT_TYPE, IS_PRIVATE, IS_ACTIVE, UPDATE_TIMESTAMP, UPDATED_BY) VALUES ('8', '16', 'Sponsor: Sponsor Details', 'N', 'N', 'Y', now(), '10000000001');
INSERT INTO entity_comment_type (COMMENT_TYPE_CODE, SECTION_CODE, DESCRIPTION, IS_SYSTEM_COMMENT_TYPE, IS_PRIVATE, IS_ACTIVE, UPDATE_TIMESTAMP, UPDATED_BY) VALUES ('9', '17', 'Sponsor: Sponsor Risk', 'N', 'N', 'Y', now(), '10000000001');
INSERT INTO entity_comment_type (COMMENT_TYPE_CODE, SECTION_CODE, DESCRIPTION, IS_SYSTEM_COMMENT_TYPE, IS_PRIVATE, IS_ACTIVE, UPDATE_TIMESTAMP, UPDATED_BY) VALUES ('10', '18', 'Sponsor: Sponsor Attachments', 'N', 'N', 'Y', now(), '10000000001');
INSERT INTO entity_comment_type (COMMENT_TYPE_CODE, SECTION_CODE, DESCRIPTION, IS_SYSTEM_COMMENT_TYPE, IS_PRIVATE, IS_ACTIVE, UPDATE_TIMESTAMP, UPDATED_BY) VALUES ('11', '19', 'Sponsor: Sponsor Questionnaire', 'N', 'N', 'Y', now(), '10000000001');
INSERT INTO entity_comment_type (COMMENT_TYPE_CODE, SECTION_CODE, DESCRIPTION, IS_SYSTEM_COMMENT_TYPE, IS_PRIVATE, IS_ACTIVE, UPDATE_TIMESTAMP, UPDATED_BY) VALUES ('12', '20', 'Sponsor: Sponsor Notes', 'N', 'N', 'Y', now(), '10000000001');
INSERT INTO entity_comment_type (COMMENT_TYPE_CODE, SECTION_CODE, DESCRIPTION, IS_SYSTEM_COMMENT_TYPE, IS_PRIVATE, IS_ACTIVE, UPDATE_TIMESTAMP, UPDATED_BY) VALUES ('13', '21', 'Organization: Sub-award Organization Details', 'N', 'N', 'Y', now(), '10000000001');
INSERT INTO entity_comment_type (COMMENT_TYPE_CODE, SECTION_CODE, DESCRIPTION, IS_SYSTEM_COMMENT_TYPE, IS_PRIVATE, IS_ACTIVE, UPDATE_TIMESTAMP, UPDATED_BY) VALUES ('14', '22', 'Organization: Sub-award Organization Risk', 'N', 'N', 'Y', now(), '10000000001');
INSERT INTO entity_comment_type (COMMENT_TYPE_CODE, SECTION_CODE, DESCRIPTION, IS_SYSTEM_COMMENT_TYPE, IS_PRIVATE, IS_ACTIVE, UPDATE_TIMESTAMP, UPDATED_BY) VALUES ('15', '23', 'Organization: Sub-award Organization Attachments', 'N', 'N', 'Y', now(), '10000000001');
INSERT INTO entity_comment_type (COMMENT_TYPE_CODE, SECTION_CODE, DESCRIPTION, IS_SYSTEM_COMMENT_TYPE, IS_PRIVATE, IS_ACTIVE, UPDATE_TIMESTAMP, UPDATED_BY) VALUES ('16', '24', 'Organization: Sub-award Organization Questionnaire', 'N', 'N', 'Y', now(), '10000000001');
INSERT INTO entity_comment_type (COMMENT_TYPE_CODE, SECTION_CODE, DESCRIPTION, IS_SYSTEM_COMMENT_TYPE, IS_PRIVATE, IS_ACTIVE, UPDATE_TIMESTAMP, UPDATED_BY) VALUES ('17', '25', 'Organization: Sub-award Organization Notes', 'N', 'N', 'Y', now(), '10000000001');
INSERT INTO entity_comment_type (COMMENT_TYPE_CODE, SECTION_CODE, DESCRIPTION, IS_SYSTEM_COMMENT_TYPE, IS_PRIVATE, IS_ACTIVE, UPDATE_TIMESTAMP, UPDATED_BY) VALUES ('18', '26', 'Compliance: Compliance Risk', 'N', 'N', 'Y', now(), '10000000001');
INSERT INTO entity_comment_type (COMMENT_TYPE_CODE, SECTION_CODE, DESCRIPTION, IS_SYSTEM_COMMENT_TYPE, IS_PRIVATE, IS_ACTIVE, UPDATE_TIMESTAMP, UPDATED_BY) VALUES ('19', '27', 'Compliance: Compliance Attachments', 'N', 'N', 'Y', now(), '10000000001');
INSERT INTO entity_comment_type (COMMENT_TYPE_CODE, SECTION_CODE, DESCRIPTION, IS_SYSTEM_COMMENT_TYPE, IS_PRIVATE, IS_ACTIVE, UPDATE_TIMESTAMP, UPDATED_BY) VALUES ('20', '28', 'Compliance: Compliance Questionnaire', 'N', 'N', 'Y', now(), '10000000001');
INSERT INTO entity_comment_type (COMMENT_TYPE_CODE, SECTION_CODE, DESCRIPTION, IS_SYSTEM_COMMENT_TYPE, IS_PRIVATE, IS_ACTIVE, UPDATE_TIMESTAMP, UPDATED_BY) VALUES ('21', '29', 'Compliance: Compliance Notes', 'N', 'N', 'Y', now(), '10000000001');
INSERT INTO entity_comment_type (COMMENT_TYPE_CODE, SECTION_CODE, DESCRIPTION, IS_SYSTEM_COMMENT_TYPE, IS_PRIVATE, IS_ACTIVE, UPDATE_TIMESTAMP, UPDATED_BY) VALUES ('22', '30', 'Corporate Family: Corporate Family', 'N', 'N', 'Y', now(), '10000000001');

INSERT INTO rights (RIGHT_ID, RIGHT_NAME, DESCRIPTION, UPDATE_USER, UPDATE_TIMESTAMP, RIGHTS_TYPE_CODE) 
VALUES ((SELECT A.ID FROM (SELECT MAX(RIGHT_ID) + 1 AS ID FROM RIGHTS ) AS A), 'MANAGE_ENTITY_OVERVIEW_NOTES', 'To manage entity overview notes', 'quickstart', now(), '1');
INSERT INTO rights (RIGHT_ID, RIGHT_NAME, DESCRIPTION, UPDATE_USER, UPDATE_TIMESTAMP, RIGHTS_TYPE_CODE) 
VALUES ((SELECT A.ID FROM (SELECT MAX(RIGHT_ID) + 1 AS ID FROM RIGHTS ) AS A), 'MANAGE_ENTITY_OVERVIEW_COMMENTS', 'To manage entity overview comments', 'quickstart', now(), '1');
INSERT INTO rights (RIGHT_ID, RIGHT_NAME, DESCRIPTION, UPDATE_USER, UPDATE_TIMESTAMP, RIGHTS_TYPE_CODE) 
VALUES ((SELECT A.ID FROM (SELECT MAX(RIGHT_ID) + 1 AS ID FROM RIGHTS ) AS A), 'VIEW_ENTITY_OVERVIEW_COMMENTS', 'To view entity overview comments', 'quickstart', now(), '1');
INSERT INTO rights (RIGHT_ID, RIGHT_NAME, DESCRIPTION, UPDATE_USER, UPDATE_TIMESTAMP, RIGHTS_TYPE_CODE) 
VALUES ((SELECT A.ID FROM (SELECT MAX(RIGHT_ID) + 1 AS ID FROM RIGHTS ) AS A), 'MANAGE_ENTITY_SPONSOR_COMMENTS', 'To manage entity sponsor comments', 'quickstart', now(), '1');
INSERT INTO rights (RIGHT_ID, RIGHT_NAME, DESCRIPTION, UPDATE_USER, UPDATE_TIMESTAMP, RIGHTS_TYPE_CODE) 
VALUES ((SELECT A.ID FROM (SELECT MAX(RIGHT_ID) + 1 AS ID FROM RIGHTS ) AS A), 'VIEW_ENTITY_SPONSOR_COMMENTS', 'To view entity sponsor comments', 'quickstart', now(), '1');
INSERT INTO rights (RIGHT_ID, RIGHT_NAME, DESCRIPTION, UPDATE_USER, UPDATE_TIMESTAMP, RIGHTS_TYPE_CODE) 
VALUES ((SELECT A.ID FROM (SELECT MAX(RIGHT_ID) + 1 AS ID FROM RIGHTS ) AS A), 'MANAGE_ENTITY_ORGANIZATION_COMMENTS', 'To manage entity organization comments', 'quickstart', now(), '1');
INSERT INTO rights (RIGHT_ID, RIGHT_NAME, DESCRIPTION, UPDATE_USER, UPDATE_TIMESTAMP, RIGHTS_TYPE_CODE) 
VALUES ((SELECT A.ID FROM (SELECT MAX(RIGHT_ID) + 1 AS ID FROM RIGHTS ) AS A), 'VIEW_ENTITY_ORGANIZATION_COMMENTS', 'To view entity organization comments', 'quickstart', now(), '1');
INSERT INTO rights (RIGHT_ID, RIGHT_NAME, DESCRIPTION, UPDATE_USER, UPDATE_TIMESTAMP, RIGHTS_TYPE_CODE) 
VALUES ((SELECT A.ID FROM (SELECT MAX(RIGHT_ID) + 1 AS ID FROM RIGHTS ) AS A), 'MANAGE_ENTITY_COMPLIANCE_COMMENTS', 'To manage entity compliance comments', 'quickstart', now(), '1');
INSERT INTO rights (RIGHT_ID, RIGHT_NAME, DESCRIPTION, UPDATE_USER, UPDATE_TIMESTAMP, RIGHTS_TYPE_CODE) 
VALUES ((SELECT A.ID FROM (SELECT MAX(RIGHT_ID) + 1 AS ID FROM RIGHTS ) AS A), 'VIEW_ENTITY_COMPLIANCE_COMMENTS', 'To view entity compliance comments', 'quickstart', now(), '1');
INSERT INTO rights (RIGHT_ID, RIGHT_NAME, DESCRIPTION, UPDATE_USER, UPDATE_TIMESTAMP, RIGHTS_TYPE_CODE) 
VALUES ((SELECT A.ID FROM (SELECT MAX(RIGHT_ID) + 1 AS ID FROM RIGHTS ) AS A), 'MANAGE_ENTITY_CORPORATE_FAMILY_COMMENTS', 'To manage entity corporate family comments', 'quickstart', now(), '1');
INSERT INTO rights (RIGHT_ID, RIGHT_NAME, DESCRIPTION, UPDATE_USER, UPDATE_TIMESTAMP, RIGHTS_TYPE_CODE) 
VALUES ((SELECT A.ID FROM (SELECT MAX(RIGHT_ID) + 1 AS ID FROM RIGHTS ) AS A), 'VIEW_ENTITY_CORPORATE_FAMILY_COMMENTS', 'To view entity corporate family comments', 'quickstart', now(), '1');

INSERT INTO entity_section (ENTITY_SECTION_CODE, DESCRIPTION, IS_ACTIVE, UPDATE_TIMESTAMP, UPDATED_BY) VALUES ('31', 'General: General - Comment', 'Y', '2024-11-06 04:54:37', '10000000001');

INSERT INTO entity_comment_type (COMMENT_TYPE_CODE, SECTION_CODE, DESCRIPTION, IS_SYSTEM_COMMENT_TYPE, IS_PRIVATE, IS_ACTIVE, UPDATE_TIMESTAMP, UPDATED_BY) VALUES ('23', '31', 'General: General', 'N', 'N', 'Y', '2025-01-22 07:13:38', '10000000001');

INSERT INTO entity_section_access_right (SEC_ACCESS_RIGHT_ID, SECTION_CODE, RIGHT_NAME, UPDATE_TIMESTAMP, UPDATED_BY) VALUES ('53', '31', 'MANAGE_ENTITY_OVERVIEW_COMMENTS', '2024-11-15 12:34:18', '10000000001');
INSERT INTO entity_section_access_right (SEC_ACCESS_RIGHT_ID, SECTION_CODE, RIGHT_NAME, UPDATE_TIMESTAMP, UPDATED_BY) VALUES ('54', '31', 'VIEW_ENTITY_OVERVIEW_COMMENTS', '2024-11-15 12:34:18', '10000000001');
INSERT INTO entity_section_access_right (SEC_ACCESS_RIGHT_ID, SECTION_CODE, RIGHT_NAME, UPDATE_TIMESTAMP, UPDATED_BY) VALUES ('55', '31', 'MANAGE_ENTITY_SPONSOR_COMMENTS', '2024-11-15 12:34:18', '10000000001');
INSERT INTO entity_section_access_right (SEC_ACCESS_RIGHT_ID, SECTION_CODE, RIGHT_NAME, UPDATE_TIMESTAMP, UPDATED_BY) VALUES ('56', '31', 'VIEW_ENTITY_SPONSOR_COMMENTS', '2024-11-15 12:34:18', '10000000001');
INSERT INTO entity_section_access_right (SEC_ACCESS_RIGHT_ID, SECTION_CODE, RIGHT_NAME, UPDATE_TIMESTAMP, UPDATED_BY) VALUES ('57', '31', 'MANAGE_ENTITY_ORGANIZATION_COMMENTS', '2024-11-15 12:34:18', '10000000001');
INSERT INTO entity_section_access_right (SEC_ACCESS_RIGHT_ID, SECTION_CODE, RIGHT_NAME, UPDATE_TIMESTAMP, UPDATED_BY) VALUES ('58', '31', 'VIEW_ENTITY_ORGANIZATION_COMMENTS', '2024-11-15 12:34:18', '10000000001');
INSERT INTO entity_section_access_right (SEC_ACCESS_RIGHT_ID, SECTION_CODE, RIGHT_NAME, UPDATE_TIMESTAMP, UPDATED_BY) VALUES ('59', '31', 'MANAGE_ENTITY_COMPLIANCE_COMMENTS', '2024-11-15 12:34:18', '10000000001');
INSERT INTO entity_section_access_right (SEC_ACCESS_RIGHT_ID, SECTION_CODE, RIGHT_NAME, UPDATE_TIMESTAMP, UPDATED_BY) VALUES ('60', '31', 'VIEW_ENTITY_COMPLIANCE_COMMENTS', '2024-11-15 12:34:18', '10000000001');
INSERT INTO entity_section_access_right (SEC_ACCESS_RIGHT_ID, SECTION_CODE, RIGHT_NAME, UPDATE_TIMESTAMP, UPDATED_BY) VALUES ('61', '31', 'MANAGE_ENTITY_CORPORATE_FAMILY_COMMENTS', '2024-11-15 12:34:18', '10000000001');
INSERT INTO entity_section_access_right (SEC_ACCESS_RIGHT_ID, SECTION_CODE, RIGHT_NAME, UPDATE_TIMESTAMP, UPDATED_BY) VALUES ('62', '31', 'VIEW_ENTITY_CORPORATE_FAMILY_COMMENTS', '2024-11-15 12:34:18', '10000000001');
