INSERT INTO parameter (PARAMETER_NAME, VALUE, DESCRIPTION, UPDATE_TIMESTAMP, UPDATE_USER) VALUES ('IS_UNIFIED_QUESTIONNAIRE_ENABLED', 'Y', 'This is used to enable creation of engagements through unified questionnaire', now(), 'quickstart');

INSERT INTO per_ent_data_capturing_type (DATA_CAPTURING_TYPE_CODE, DESCRIPTION, IS_ACTIVE, UPDATE_TIMESTAMP, UPDATED_BY) VALUES ('1', 'Matrix', 'Y', now(), 'system');
INSERT INTO per_ent_data_capturing_type (DATA_CAPTURING_TYPE_CODE, DESCRIPTION, IS_ACTIVE, UPDATE_TIMESTAMP, UPDATED_BY) VALUES ('2', 'Questionnaire', 'Y', now(), 'system');
INSERT INTO per_ent_data_capturing_type (DATA_CAPTURING_TYPE_CODE, DESCRIPTION, IS_ACTIVE, UPDATE_TIMESTAMP, UPDATED_BY) VALUES ('3', 'Form', 'Y', now(), 'system');

INSERT INTO per_ent_matrix_answer_type (ANSWER_TYPE_CODE, DESCRIPTION, UPDATE_TIMESTAMP, UPDATED_BY) VALUES ('1', 'Dropdown', now(), 'system');
INSERT INTO per_ent_matrix_answer_type (ANSWER_TYPE_CODE, DESCRIPTION, UPDATE_TIMESTAMP, UPDATED_BY) VALUES ('2', 'Text', now(), 'system');

INSERT INTO per_ent_matrix_group (GROUP_ID, GROUP_NAME, SORT_ID, UPDATE_TIMESTAMP, UPDATED_BY) VALUES ('1', 'Income From:', '1', now(), 'system');
INSERT INTO per_ent_matrix_group (GROUP_ID, GROUP_NAME, SORT_ID, UPDATE_TIMESTAMP, UPDATED_BY) VALUES ('2', 'Stock & Equity', '2', now(), 'system');
INSERT INTO per_ent_matrix_group (GROUP_ID, GROUP_NAME, SORT_ID, UPDATE_TIMESTAMP, UPDATED_BY) VALUES ('3', 'Other', '3', now(), 'system');

INSERT INTO per_ent_matrix_question (MATRIX_QUESTION_ID, COLUMN_LABEL, ANSWER_TYPE_CODE, LOOKUP_TYPE, LOOKUP_VALUE, GROUP_ID, SORT_ID, IS_ACTIVE, UPDATE_TIMESTAMP, UPDATED_BY) VALUES ('1', 'Speaking at conferences or seminars (excluding US universities and others)', '1', 'ARG_VALUE_LOOKUP', 'REMUNERATION_RANGE', '1', '5', 'Y', now(), 'system');
INSERT INTO per_ent_matrix_question (MATRIX_QUESTION_ID, COLUMN_LABEL, ANSWER_TYPE_CODE, LOOKUP_TYPE, LOOKUP_VALUE, GROUP_ID, SORT_ID, IS_ACTIVE, UPDATE_TIMESTAMP, UPDATED_BY) VALUES ('2', 'Member of a Board of Directors or Science Advisory Board', '1', 'ARG_VALUE_LOOKUP', 'REMUNERATION_RANGE', '1', '1', 'Y', now(), 'system');
INSERT INTO per_ent_matrix_question (MATRIX_QUESTION_ID, COLUMN_LABEL, ANSWER_TYPE_CODE, LOOKUP_TYPE, LOOKUP_VALUE, GROUP_ID, SORT_ID, IS_ACTIVE, UPDATE_TIMESTAMP, UPDATED_BY) VALUES ('3', 'Consulting', '1', 'ARG_VALUE_LOOKUP', 'REMUNERATION_RANGE', '1', '2', 'Y', now(), 'system');
INSERT INTO per_ent_matrix_question (MATRIX_QUESTION_ID, COLUMN_LABEL, ANSWER_TYPE_CODE, LOOKUP_TYPE, LOOKUP_VALUE, GROUP_ID, SORT_ID, IS_ACTIVE, UPDATE_TIMESTAMP, UPDATED_BY) VALUES ('4', 'Royalty Income from intellectual property, including copyrights', '1', 'ARG_VALUE_LOOKUP', 'REMUNERATION_RANGE', '1', '3', 'Y', now(), 'system');
INSERT INTO per_ent_matrix_question (MATRIX_QUESTION_ID, COLUMN_LABEL, ANSWER_TYPE_CODE, LOOKUP_TYPE, LOOKUP_VALUE, GROUP_ID, SORT_ID, IS_ACTIVE, UPDATE_TIMESTAMP, UPDATED_BY) VALUES ('5', 'Service as an Employee', '1', 'ARG_VALUE_LOOKUP', 'REMUNERATION_RANGE', '1', '4', 'Y', now(), 'system');
INSERT INTO per_ent_matrix_question (MATRIX_QUESTION_ID, COLUMN_LABEL, ANSWER_TYPE_CODE, LOOKUP_TYPE, LOOKUP_VALUE, GROUP_ID, SORT_ID, IS_ACTIVE, UPDATE_TIMESTAMP, UPDATED_BY) VALUES ('6', 'Any Equity Interest in a non-publicly traded company', '1', 'ARG_VALUE_LOOKUP', 'OWNERSHIP_INTEREST', '2', '1', 'Y', now(), 'system');
INSERT INTO per_ent_matrix_question (MATRIX_QUESTION_ID, COLUMN_LABEL, ANSWER_TYPE_CODE, GROUP_ID, SORT_ID, IS_ACTIVE, UPDATE_TIMESTAMP, UPDATED_BY) VALUES ('7', 'Common Stock Holdings (no. of shares)', '2', '2', '2', 'Y', now(), 'system');
INSERT INTO per_ent_matrix_question (MATRIX_QUESTION_ID, COLUMN_LABEL, ANSWER_TYPE_CODE, LOOKUP_TYPE, LOOKUP_VALUE, GROUP_ID, SORT_ID, IS_ACTIVE, UPDATE_TIMESTAMP, UPDATED_BY) VALUES ('8', 'Other Ownership Interests', '1', 'ARG_VALUE_LOOKUP', 'OWNERSHIP_INTEREST', '2', '4', 'Y', now(), 'system');
INSERT INTO per_ent_matrix_question (MATRIX_QUESTION_ID, COLUMN_LABEL, ANSWER_TYPE_CODE, GROUP_ID, SORT_ID, IS_ACTIVE, UPDATE_TIMESTAMP, UPDATED_BY) VALUES ('9', 'Stock Options (no. of shares)', '2', '2', '3', 'Y', now(), 'system');
INSERT INTO per_ent_matrix_question (MATRIX_QUESTION_ID, COLUMN_LABEL, ANSWER_TYPE_CODE, LOOKUP_TYPE, LOOKUP_VALUE, GROUP_ID, SORT_ID, IS_ACTIVE, UPDATE_TIMESTAMP, UPDATED_BY) VALUES ('10', 'Goods purchased from this entity for research or other MIT activities', '1', 'ARG_VALUE_LOOKUP', 'REMUNERATION_RANGE', '3', '1', 'Y', now(), 'system');
INSERT INTO per_ent_matrix_question (MATRIX_QUESTION_ID, COLUMN_LABEL, ANSWER_TYPE_CODE, LOOKUP_TYPE, LOOKUP_VALUE, GROUP_ID, SORT_ID, IS_ACTIVE, UPDATE_TIMESTAMP, UPDATED_BY) VALUES ('11', 'Gifts Received', '1', 'ARG_VALUE_LOOKUP', 'REMUNERATION_RANGE', '3', '3', 'Y', now(), 'system');
INSERT INTO per_ent_matrix_question (MATRIX_QUESTION_ID, COLUMN_LABEL, ANSWER_TYPE_CODE, LOOKUP_TYPE, LOOKUP_VALUE, GROUP_ID, SORT_ID, IS_ACTIVE, UPDATE_TIMESTAMP, UPDATED_BY) VALUES ('12', 'Subaward(s) under your direction issued to this entity', '1', 'ARG_VALUE_LOOKUP', 'REMUNERATION_RANGE', '3', '2', 'Y', now(), 'system');
INSERT INTO per_ent_matrix_question (MATRIX_QUESTION_ID, COLUMN_LABEL, ANSWER_TYPE_CODE, LOOKUP_TYPE, LOOKUP_VALUE, GROUP_ID, SORT_ID, IS_ACTIVE, UPDATE_TIMESTAMP, UPDATED_BY) VALUES ('13', 'Other', '1', 'ARG_VALUE_LOOKUP', 'REMUNERATION_RANGE', '3', '4', 'Y', now(), 'system');

INSERT INTO per_ent_matrix_rel_mapping (MAPPING_CODE, RELATIONSHIP_TYPE_CODE, MATRIX_QUESTION_ID, UPDATE_TIMESTAMP, UPDATED_BY) VALUES ('001', '1', '1', now(), 'System');
INSERT INTO per_ent_matrix_rel_mapping (MAPPING_CODE, RELATIONSHIP_TYPE_CODE, MATRIX_QUESTION_ID, UPDATE_TIMESTAMP, UPDATED_BY) VALUES ('002', '1', '2', now(), 'System');
INSERT INTO per_ent_matrix_rel_mapping (MAPPING_CODE, RELATIONSHIP_TYPE_CODE, MATRIX_QUESTION_ID, UPDATE_TIMESTAMP, UPDATED_BY) VALUES ('003', '1', '3', now(), 'System');
INSERT INTO per_ent_matrix_rel_mapping (MAPPING_CODE, RELATIONSHIP_TYPE_CODE, MATRIX_QUESTION_ID, UPDATE_TIMESTAMP, UPDATED_BY) VALUES ('004', '1', '4', now(), 'System');
INSERT INTO per_ent_matrix_rel_mapping (MAPPING_CODE, RELATIONSHIP_TYPE_CODE, MATRIX_QUESTION_ID, UPDATE_TIMESTAMP, UPDATED_BY) VALUES ('005', '1', '5', now(), 'System');
INSERT INTO per_ent_matrix_rel_mapping (MAPPING_CODE, RELATIONSHIP_TYPE_CODE, MATRIX_QUESTION_ID, UPDATE_TIMESTAMP, UPDATED_BY) VALUES ('006', '1', '6', now(), 'System');
INSERT INTO per_ent_matrix_rel_mapping (MAPPING_CODE, RELATIONSHIP_TYPE_CODE, MATRIX_QUESTION_ID, UPDATE_TIMESTAMP, UPDATED_BY) VALUES ('007', '1', '7', now(), 'System');
INSERT INTO per_ent_matrix_rel_mapping (MAPPING_CODE, RELATIONSHIP_TYPE_CODE, MATRIX_QUESTION_ID, UPDATE_TIMESTAMP, UPDATED_BY) VALUES ('008', '1', '8', now(), 'System');
INSERT INTO per_ent_matrix_rel_mapping (MAPPING_CODE, RELATIONSHIP_TYPE_CODE, MATRIX_QUESTION_ID, UPDATE_TIMESTAMP, UPDATED_BY) VALUES ('009', '1', '9', now(), 'System');
INSERT INTO per_ent_matrix_rel_mapping (MAPPING_CODE, RELATIONSHIP_TYPE_CODE, MATRIX_QUESTION_ID, UPDATE_TIMESTAMP, UPDATED_BY) VALUES ('010', '1', '10', now(), 'System');
INSERT INTO per_ent_matrix_rel_mapping (MAPPING_CODE, RELATIONSHIP_TYPE_CODE, MATRIX_QUESTION_ID, UPDATE_TIMESTAMP, UPDATED_BY) VALUES ('011', '1', '11', now(), 'System');
INSERT INTO per_ent_matrix_rel_mapping (MAPPING_CODE, RELATIONSHIP_TYPE_CODE, MATRIX_QUESTION_ID, UPDATE_TIMESTAMP, UPDATED_BY) VALUES ('012', '1', '12', now(), 'System');
INSERT INTO per_ent_matrix_rel_mapping (MAPPING_CODE, RELATIONSHIP_TYPE_CODE, MATRIX_QUESTION_ID, UPDATE_TIMESTAMP, UPDATED_BY) VALUES ('013', '1', '13', now(), 'System');
INSERT INTO per_ent_matrix_rel_mapping (MAPPING_CODE, RELATIONSHIP_TYPE_CODE, MATRIX_QUESTION_ID, UPDATE_TIMESTAMP, UPDATED_BY) VALUES ('014', '2', '1', now(), 'System');
INSERT INTO per_ent_matrix_rel_mapping (MAPPING_CODE, RELATIONSHIP_TYPE_CODE, MATRIX_QUESTION_ID, UPDATE_TIMESTAMP, UPDATED_BY) VALUES ('015', '2', '2', now(), 'System');
INSERT INTO per_ent_matrix_rel_mapping (MAPPING_CODE, RELATIONSHIP_TYPE_CODE, MATRIX_QUESTION_ID, UPDATE_TIMESTAMP, UPDATED_BY) VALUES ('016', '2', '3', now(), 'System');
INSERT INTO per_ent_matrix_rel_mapping (MAPPING_CODE, RELATIONSHIP_TYPE_CODE, MATRIX_QUESTION_ID, UPDATE_TIMESTAMP, UPDATED_BY) VALUES ('017', '2', '4', now(), 'System');
INSERT INTO per_ent_matrix_rel_mapping (MAPPING_CODE, RELATIONSHIP_TYPE_CODE, MATRIX_QUESTION_ID, UPDATE_TIMESTAMP, UPDATED_BY) VALUES ('018', '2', '5', now(), 'System');
INSERT INTO per_ent_matrix_rel_mapping (MAPPING_CODE, RELATIONSHIP_TYPE_CODE, MATRIX_QUESTION_ID, UPDATE_TIMESTAMP, UPDATED_BY) VALUES ('019', '2', '6', now(), 'System');
INSERT INTO per_ent_matrix_rel_mapping (MAPPING_CODE, RELATIONSHIP_TYPE_CODE, MATRIX_QUESTION_ID, UPDATE_TIMESTAMP, UPDATED_BY) VALUES ('020', '2', '7', now(), 'System');
INSERT INTO per_ent_matrix_rel_mapping (MAPPING_CODE, RELATIONSHIP_TYPE_CODE, MATRIX_QUESTION_ID, UPDATE_TIMESTAMP, UPDATED_BY) VALUES ('021', '2', '8', now(), 'System');
INSERT INTO per_ent_matrix_rel_mapping (MAPPING_CODE, RELATIONSHIP_TYPE_CODE, MATRIX_QUESTION_ID, UPDATE_TIMESTAMP, UPDATED_BY) VALUES ('022', '2', '9', now(), 'System');
INSERT INTO per_ent_matrix_rel_mapping (MAPPING_CODE, RELATIONSHIP_TYPE_CODE, MATRIX_QUESTION_ID, UPDATE_TIMESTAMP, UPDATED_BY) VALUES ('023', '2', '10', now(), 'System');
INSERT INTO per_ent_matrix_rel_mapping (MAPPING_CODE, RELATIONSHIP_TYPE_CODE, MATRIX_QUESTION_ID, UPDATE_TIMESTAMP, UPDATED_BY) VALUES ('024', '2', '11', now(), 'System');
INSERT INTO per_ent_matrix_rel_mapping (MAPPING_CODE, RELATIONSHIP_TYPE_CODE, MATRIX_QUESTION_ID, UPDATE_TIMESTAMP, UPDATED_BY) VALUES ('025', '2', '12', now(), 'System');
INSERT INTO per_ent_matrix_rel_mapping (MAPPING_CODE, RELATIONSHIP_TYPE_CODE, MATRIX_QUESTION_ID, UPDATE_TIMESTAMP, UPDATED_BY) VALUES ('026', '2', '13', now(), 'System');
INSERT INTO per_ent_matrix_rel_mapping (MAPPING_CODE, RELATIONSHIP_TYPE_CODE, MATRIX_QUESTION_ID, UPDATE_TIMESTAMP, UPDATED_BY) VALUES ('027', '3', '1', now(), 'System');
INSERT INTO per_ent_matrix_rel_mapping (MAPPING_CODE, RELATIONSHIP_TYPE_CODE, MATRIX_QUESTION_ID, UPDATE_TIMESTAMP, UPDATED_BY) VALUES ('028', '3', '2', now(), 'System');
INSERT INTO per_ent_matrix_rel_mapping (MAPPING_CODE, RELATIONSHIP_TYPE_CODE, MATRIX_QUESTION_ID, UPDATE_TIMESTAMP, UPDATED_BY) VALUES ('029', '3', '3', now(), 'System');
INSERT INTO per_ent_matrix_rel_mapping (MAPPING_CODE, RELATIONSHIP_TYPE_CODE, MATRIX_QUESTION_ID, UPDATE_TIMESTAMP, UPDATED_BY) VALUES ('030', '3', '4', now(), 'System');
INSERT INTO per_ent_matrix_rel_mapping (MAPPING_CODE, RELATIONSHIP_TYPE_CODE, MATRIX_QUESTION_ID, UPDATE_TIMESTAMP, UPDATED_BY) VALUES ('031', '3', '5', now(), 'System');
INSERT INTO per_ent_matrix_rel_mapping (MAPPING_CODE, RELATIONSHIP_TYPE_CODE, MATRIX_QUESTION_ID, UPDATE_TIMESTAMP, UPDATED_BY) VALUES ('032', '3', '6', now(), 'System');
INSERT INTO per_ent_matrix_rel_mapping (MAPPING_CODE, RELATIONSHIP_TYPE_CODE, MATRIX_QUESTION_ID, UPDATE_TIMESTAMP, UPDATED_BY) VALUES ('033', '3', '7', now(), 'System');
INSERT INTO per_ent_matrix_rel_mapping (MAPPING_CODE, RELATIONSHIP_TYPE_CODE, MATRIX_QUESTION_ID, UPDATE_TIMESTAMP, UPDATED_BY) VALUES ('034', '3', '8', now(), 'System');
INSERT INTO per_ent_matrix_rel_mapping (MAPPING_CODE, RELATIONSHIP_TYPE_CODE, MATRIX_QUESTION_ID, UPDATE_TIMESTAMP, UPDATED_BY) VALUES ('035', '3', '9', now(), 'System');
INSERT INTO per_ent_matrix_rel_mapping (MAPPING_CODE, RELATIONSHIP_TYPE_CODE, MATRIX_QUESTION_ID, UPDATE_TIMESTAMP, UPDATED_BY) VALUES ('036', '3', '10', now(), 'System');
INSERT INTO per_ent_matrix_rel_mapping (MAPPING_CODE, RELATIONSHIP_TYPE_CODE, MATRIX_QUESTION_ID, UPDATE_TIMESTAMP, UPDATED_BY) VALUES ('037', '3', '11', now(), 'System');
INSERT INTO per_ent_matrix_rel_mapping (MAPPING_CODE, RELATIONSHIP_TYPE_CODE, MATRIX_QUESTION_ID, UPDATE_TIMESTAMP, UPDATED_BY) VALUES ('038', '3', '12', now(), 'System');
INSERT INTO per_ent_matrix_rel_mapping (MAPPING_CODE, RELATIONSHIP_TYPE_CODE, MATRIX_QUESTION_ID, UPDATE_TIMESTAMP, UPDATED_BY) VALUES ('039', '3', '13', now(), 'System');
