SET FOREIGN_KEY_CHECKS=0;

INSERT INTO DYN_SECTION_CONFIG (SECTION_CODE,MODULE_CODE,DESCRIPTION,IS_ACTIVE,UPDATE_TIMESTAMP,UPDATE_USER) VALUES ('SFI532','SFI53','SFI_Relationship','Y',now(),'admin');
INSERT INTO DYN_SECTION_CONFIG (SECTION_CODE,MODULE_CODE,DESCRIPTION,IS_ACTIVE,UPDATE_TIMESTAMP,UPDATE_USER) VALUES ('COI801','COI8','Review','Y',now(),'admin');

INSERT INTO DYN_SUBSECTION_CONFIG (SUB_SECTION_CODE,SECTION_CODE,DESCRIPTION,IS_ACTIVE,UPDATE_TIMESTAMP,UPDATE_USER) VALUES ('532','SFI532','General','Y',now(),'admin');
INSERT INTO DYN_SUBSECTION_CONFIG (SUB_SECTION_CODE,SECTION_CODE,DESCRIPTION,IS_ACTIVE,UPDATE_TIMESTAMP,UPDATE_USER) VALUES ('801', 'COI801','Reviewers','Y',now(),'admin');

INSERT INTO DYN_MODULES_CONFIG (MODULE_CODE, DESCRIPTION, IS_ACTIVE, UPDATE_TIMESTAMP, UPDATE_USER) VALUES ('COI8','COI','Y',now(),'admin');

INSERT INTO DYN_SECTION_CONFIG (`SECTION_CODE`, `MODULE_CODE`, `DESCRIPTION`, `IS_ACTIVE`, `UPDATE_TIMESTAMP`, `UPDATE_USER`) VALUES ('SFI531', 'SFI53', 'SFI_Entity', 'Y', now(), 'admin');

INSERT INTO DYN_MODULES_CONFIG (MODULE_CODE,DESCRIPTION,IS_ACTIVE,UPDATE_TIMESTAMP,UPDATE_USER) VALUES ('TD24','Travel Disclosure','Y',now(),'admin');

INSERT INTO DYN_SECTION_CONFIG (SECTION_CODE,MODULE_CODE,DESCRIPTION,IS_ACTIVE, UPDATE_TIMESTAMP,UPDATE_USER) VALUES ('TD2401','TD24','Travel Details','Y',now(),'admin');

INSERT INTO DYN_SUBSECTION_CONFIG (SUB_SECTION_CODE,SECTION_CODE,DESCRIPTION,IS_ACTIVE,UPDATE_TIMESTAMP, UPDATE_USER) VALUES ('2401', 'TD2401', 'General','Y',now(),'admin');

INSERT INTO DYN_MODULES_CONFIG (MODULE_CODE,DESCRIPTION,IS_ACTIVE,UPDATE_TIMESTAMP,UPDATE_USER) VALUES ('GE26', 'Global Entity', 'Y', now(), 'admin');

INSERT INTO DYN_SECTION_CONFIG (SECTION_CODE,MODULE_CODE,DESCRIPTION,IS_ACTIVE, UPDATE_TIMESTAMP,UPDATE_USER) VALUES ('COI802','COI8','Risk','Y',now(),'admin');
INSERT INTO DYN_SECTION_CONFIG (SECTION_CODE,MODULE_CODE,DESCRIPTION,IS_ACTIVE, UPDATE_TIMESTAMP,UPDATE_USER) VALUES ('COI803','COI8','Disclosure summary','Y',now(),'admin');
INSERT INTO DYN_SECTION_CONFIG (SECTION_CODE,MODULE_CODE,DESCRIPTION,IS_ACTIVE, UPDATE_TIMESTAMP,UPDATE_USER) VALUES ('GE2601','GE26','Entity','Y',now(),'admin');

INSERT INTO DYN_SUBSECTION_CONFIG (SUB_SECTION_CODE,SECTION_CODE,DESCRIPTION,IS_ACTIVE,UPDATE_TIMESTAMP, UPDATE_USER) VALUES ('802','COI802','Risk slider','Y',now(),'admin');
INSERT INTO DYN_SUBSECTION_CONFIG (SUB_SECTION_CODE,SECTION_CODE,DESCRIPTION,IS_ACTIVE,UPDATE_TIMESTAMP, UPDATE_USER) VALUES ('803','COI803','Relationship','Y',now(),'admin');
INSERT INTO DYN_SUBSECTION_CONFIG (SUB_SECTION_CODE,SECTION_CODE,DESCRIPTION,IS_ACTIVE,UPDATE_TIMESTAMP, UPDATE_USER) VALUES ('2601','GE2601','Entity risk slider','Y',now(),'admin');

INSERT INTO COEUS_MODULE (MODULE_CODE, DESCRIPTION, UPDATE_TIMESTAMP, UPDATE_USER,IS_ACTIVE) VALUES ('26','Global Entity',now(),'admin','Y');

INSERT INTO DYN_MODULES_CONFIG (MODULE_CODE,DESCRIPTION,IS_ACTIVE,UPDATE_TIMESTAMP,UPDATE_USER) VALUES ('OPA23', 'OPA', 'Y', now(), 'admin');
INSERT INTO DYN_SECTION_CONFIG (SECTION_CODE,MODULE_CODE,DESCRIPTION,IS_ACTIVE, UPDATE_TIMESTAMP,UPDATE_USER) VALUES ('OPA231', 'OPA23', 'Review', 'Y', now(), 'admin');

INSERT INTO DYN_SUBSECTION_CONFIG (SUB_SECTION_CODE,SECTION_CODE,DESCRIPTION,IS_ACTIVE,UPDATE_TIMESTAMP, UPDATE_USER) VALUES ('231', 'OPA231', 'Reviewers', 'Y', now(), 'admin');

INSERT INTO DYN_MODULES_CONFIG (MODULE_CODE, DESCRIPTION, IS_ACTIVE, UPDATE_TIMESTAMP, UPDATE_USER) VALUES ('SFI53', 'SFI', 'Y', now(), 'admin');

-- INSERT INTO DYN_SUBSECTION_CONFIG (SUB_SECTION_CODE, SECTION_CODE, DESCRIPTION, IS_ACTIVE, UPDATE_TIMESTAMP, UPDATE_USER) VALUES ('531', 'SFI531', 'General', 'Y', now(), 'admin');

INSERT INTO DYN_ELEMENT_CONFIG (ELEMENT_ID, UI_REFERENCE_ID, DESCRIPTION, SUB_SECTION_CODE, SECTION_CODE, INSTRUCTION, UPDATE_USER, UPDATE_TIMESTAMP) VALUES ('1503', 'coi-add-sfi-entity-name', 'Entity Name', '531', 'SFI531', 'Type in the official name of the business or organization you need to report. Entities to report include foreign, domestic, public or private entities, but not federal agencies.', 'admin', now());
INSERT INTO DYN_ELEMENT_CONFIG (ELEMENT_ID, UI_REFERENCE_ID, DESCRIPTION, SUB_SECTION_CODE, SECTION_CODE, INSTRUCTION, UPDATE_USER, UPDATE_TIMESTAMP) VALUES ('1504', 'coi-add-sfi-country-search', 'Entity Name', '531', 'SFI531', 'Select country from search bar.', 'admin',  now());
INSERT INTO DYN_ELEMENT_CONFIG (ELEMENT_ID, UI_REFERENCE_ID, DESCRIPTION, SUB_SECTION_CODE, SECTION_CODE, INSTRUCTION, UPDATE_USER, UPDATE_TIMESTAMP) VALUES ('1505', 'coi-add-sfi-city-input-box', 'Entity Name', '531', 'SFI531', 'Type in the city of the business or organization you need to report.', 'admin',  now());
INSERT INTO DYN_ELEMENT_CONFIG (ELEMENT_ID, UI_REFERENCE_ID, DESCRIPTION, SUB_SECTION_CODE, SECTION_CODE, INSTRUCTION, UPDATE_USER, UPDATE_TIMESTAMP) VALUES ('1506', 'coi-add-sfi-address-textarea', 'Entity Name', '531', 'SFI531', 'Type in the address of the business or organization you want to report.', 'admin',  now());
INSERT INTO DYN_ELEMENT_CONFIG (ELEMENT_ID, UI_REFERENCE_ID, DESCRIPTION, SUB_SECTION_CODE, SECTION_CODE, INSTRUCTION, UPDATE_USER, UPDATE_TIMESTAMP) VALUES ('1507', 'coi-add-sfi-phone-input-box', 'Entity Name', '531', 'SFI531', 'Type in the phone number of the business or organization you want to report.', 'admin',  now());
INSERT INTO DYN_ELEMENT_CONFIG (ELEMENT_ID, UI_REFERENCE_ID, DESCRIPTION, SUB_SECTION_CODE, SECTION_CODE, INSTRUCTION, UPDATE_USER, UPDATE_TIMESTAMP) VALUES ('1508', 'coi-add-sfi-zip-code', 'Entity Name', '531', 'SFI531', 'Type in the zip code of the business or organization you need to report.', 'admin', now());
INSERT INTO DYN_ELEMENT_CONFIG (ELEMENT_ID, UI_REFERENCE_ID, DESCRIPTION, SUB_SECTION_CODE, SECTION_CODE, INSTRUCTION, UPDATE_USER, UPDATE_TIMESTAMP) VALUES ('1509', 'coi-add-sfi-website', 'Entity Name', '531', 'SFI531', 'Type in the website of the business or organization you want to report.', 'admin', now());
INSERT INTO DYN_ELEMENT_CONFIG (ELEMENT_ID, UI_REFERENCE_ID, DESCRIPTION, SUB_SECTION_CODE, SECTION_CODE, INSTRUCTION, UPDATE_USER, UPDATE_TIMESTAMP) VALUES ('1510', 'coi-add-sfi-email-input-box', 'Entity Name', '531', 'SFI531', 'Type the email address of the business or organization you want to report.', 'admin', now());
INSERT INTO DYN_ELEMENT_CONFIG (ELEMENT_ID, UI_REFERENCE_ID, DESCRIPTION, SUB_SECTION_CODE, SECTION_CODE, INSTRUCTION, UPDATE_USER, UPDATE_TIMESTAMP) VALUES ('1511', 'coi-add-sfi-entity-type', 'Entity Name', '531', 'SFI531', 'Select type from the available options.', 'admin', now());
INSERT INTO DYN_ELEMENT_CONFIG (ELEMENT_ID, UI_REFERENCE_ID, DESCRIPTION, SUB_SECTION_CODE, SECTION_CODE, INSTRUCTION, UPDATE_USER, UPDATE_TIMESTAMP) VALUES ('1512', 'coi-add-sfi-risk-level', 'Entity Name', '531', 'SFI531', 'Select risk level from the available.', 'admin', now());
INSERT INTO DYN_ELEMENT_CONFIG (ELEMENT_ID, UI_REFERENCE_ID, DESCRIPTION, SUB_SECTION_CODE, SECTION_CODE, UPDATE_USER, UPDATE_TIMESTAMP) VALUES ('1513', 'coi-add-sfi-start-date', 'Entity Name', '532', 'SFI532', 'admin', now());
INSERT INTO DYN_ELEMENT_CONFIG (ELEMENT_ID, UI_REFERENCE_ID, DESCRIPTION, SUB_SECTION_CODE, SECTION_CODE, UPDATE_USER, UPDATE_TIMESTAMP) VALUES ('1514', 'coi-add-sfi-end-date', 'Entity Name', '532', 'SFI532', 'admin', now());
INSERT INTO DYN_ELEMENT_CONFIG (ELEMENT_ID, UI_REFERENCE_ID, DESCRIPTION, SUB_SECTION_CODE, SECTION_CODE, UPDATE_USER, UPDATE_TIMESTAMP) VALUES ('1515', 'coi-add-sfi-sponsor-research', 'Entity Name', '532', 'SFI532', 'admin', now());
INSERT INTO DYN_ELEMENT_CONFIG (ELEMENT_ID, UI_REFERENCE_ID, DESCRIPTION, SUB_SECTION_CODE, SECTION_CODE, INSTRUCTION, UPDATE_USER, UPDATE_TIMESTAMP) VALUES ('1516', 'sfi-relation', 'Entity Name', '532', 'SFI532', 'Relationship Details section, use this section to disclose financial information related to the entity for your Self, Spouse/Domestic Partner, and Dependents (children who are unemancipated and under 18 years of age or who receive more than one-­‐half support from you).', 'admin', now());
INSERT INTO DYN_ELEMENT_CONFIG (ELEMENT_ID, UI_REFERENCE_ID, DESCRIPTION, SUB_SECTION_CODE, SECTION_CODE, INSTRUCTION, UPDATE_USER, UPDATE_TIMESTAMP) VALUES ('1517', 'coi-add-sfi-releationship', 'Entity Name', '532', 'SFI532', 'This description is presented in the Relationship section to help you relate this entity to your research projects. Please enter an adequate description of the organization, and of your role with them,to aid both you, and a reviewers\' understanding of the association between the entity and work.', 'admin', now());
INSERT INTO DYN_ELEMENT_CONFIG (ELEMENT_ID, UI_REFERENCE_ID, DESCRIPTION, SUB_SECTION_CODE, SECTION_CODE, INSTRUCTION, UPDATE_USER, UPDATE_TIMESTAMP) VALUES ('1518', 'coi-add-sfi-business-area', 'Entity Name', '532', 'SFI532', 'Please enter an adequate description of the entity\'s principal are of business.', 'admin', now());
INSERT INTO DYN_ELEMENT_CONFIG (ELEMENT_ID, UI_REFERENCE_ID, DESCRIPTION, SUB_SECTION_CODE, SECTION_CODE, INSTRUCTION, UPDATE_USER, UPDATE_TIMESTAMP) VALUES ('1519', 'coi-add-sfi-resource-sfi', 'Entity Name', '532', 'SFI532', 'Please enter an adequate description of the entity\'s relationship to your University responsibilities.', 'admin', now());
INSERT INTO DYN_ELEMENT_CONFIG (ELEMENT_ID, UI_REFERENCE_ID, DESCRIPTION, SUB_SECTION_CODE, SECTION_CODE, INSTRUCTION, UPDATE_USER, UPDATE_TIMESTAMP) VALUES ('1520', 'travel-disclosure-entity-name', 'Entity Name', '2401', 'TD2401', 'Type in the official name of the business or organization you need to report. Entities to report include foreign, domestic, public or private entities, but not federal agencies.', 'admin', now());
INSERT INTO DYN_ELEMENT_CONFIG (ELEMENT_ID, UI_REFERENCE_ID, DESCRIPTION, SUB_SECTION_CODE, SECTION_CODE, INSTRUCTION, UPDATE_USER, UPDATE_TIMESTAMP) VALUES ('1521', 'travel-disclosure-traveller', 'Entity Name', '2401', 'TD2401', 'Select the traveller (can choose multiple options)', 'admin', now());
INSERT INTO DYN_ELEMENT_CONFIG (ELEMENT_ID, UI_REFERENCE_ID, DESCRIPTION, SUB_SECTION_CODE, SECTION_CODE, INSTRUCTION, UPDATE_USER, UPDATE_TIMESTAMP) VALUES ('1522', 'travelDisclosure-title', 'Entity Name', '2401', 'TD2401', 'Type the title of your trip.', 'admin', now());
INSERT INTO DYN_ELEMENT_CONFIG (ELEMENT_ID, UI_REFERENCE_ID, DESCRIPTION, SUB_SECTION_CODE, SECTION_CODE, INSTRUCTION, UPDATE_USER, UPDATE_TIMESTAMP) VALUES ('1523', 'travelDisclosure-domestic', 'Entity Name', '2401', 'TD2401', 'Choose the destination of your trip.', 'admin', now());
INSERT INTO DYN_ELEMENT_CONFIG (ELEMENT_ID, UI_REFERENCE_ID, DESCRIPTION, SUB_SECTION_CODE, SECTION_CODE, INSTRUCTION, UPDATE_USER, UPDATE_TIMESTAMP) VALUES ('1524', 'travelDisclosure-cityList', 'Entity Name', '2401', 'TD2401', 'Please enter the city.', 'admin', now());
INSERT INTO DYN_ELEMENT_CONFIG (ELEMENT_ID, UI_REFERENCE_ID, DESCRIPTION, SUB_SECTION_CODE, SECTION_CODE, INSTRUCTION, UPDATE_USER, UPDATE_TIMESTAMP) VALUES ('1525', 'travelDisclosure-countryList', 'Entity Name', '2401', 'TD2401', 'Select country from the search bar.', 'admin', now());
INSERT INTO DYN_ELEMENT_CONFIG (ELEMENT_ID, UI_REFERENCE_ID, DESCRIPTION, SUB_SECTION_CODE, SECTION_CODE, INSTRUCTION, UPDATE_USER, UPDATE_TIMESTAMP) VALUES ('1526', 'travelDisc-destinationState', 'Entity Name', '2401', 'TD2401', 'Please enter the state.', 'admin', now());
INSERT INTO DYN_ELEMENT_CONFIG (ELEMENT_ID, UI_REFERENCE_ID, DESCRIPTION, SUB_SECTION_CODE, SECTION_CODE, INSTRUCTION, UPDATE_USER, UPDATE_TIMESTAMP) VALUES ('1527', 'travelDisclosure-startDate', 'Entity Name', '2401', 'TD2401', 'Type your travel start date.', 'admin', now());
INSERT INTO DYN_ELEMENT_CONFIG (ELEMENT_ID, UI_REFERENCE_ID, DESCRIPTION, SUB_SECTION_CODE, SECTION_CODE, INSTRUCTION, UPDATE_USER, UPDATE_TIMESTAMP) VALUES ('1528', 'travelDisclosure-endDate', 'Entity Name', '2401', 'TD2401', 'Type your travel end date.', 'admin', now());
INSERT INTO DYN_ELEMENT_CONFIG (ELEMENT_ID, UI_REFERENCE_ID, DESCRIPTION, SUB_SECTION_CODE, SECTION_CODE, INSTRUCTION, UPDATE_USER, UPDATE_TIMESTAMP) VALUES ('1529', 'travelDisclosure-tripPurpose', 'Entity Name', '2401', 'TD2401', 'Type purpose of the trip.', 'admin', now());
INSERT INTO DYN_ELEMENT_CONFIG (ELEMENT_ID, UI_REFERENCE_ID, DESCRIPTION, SUB_SECTION_CODE, SECTION_CODE, INSTRUCTION, UPDATE_USER, UPDATE_TIMESTAMP) VALUES ('1530', 'travelDisclosure-relationship', 'Entity Name', '2401', 'TD2401', 'Type relationship to your research.', 'admin', now());
INSERT INTO DYN_ELEMENT_CONFIG (ELEMENT_ID, UI_REFERENCE_ID, DESCRIPTION, SUB_SECTION_CODE, SECTION_CODE, INSTRUCTION, UPDATE_USER, UPDATE_TIMESTAMP) VALUES ('1531', 'travelDisclosure-estimation', 'Entity Name', '2401', 'TD2401', 'Please enter the amount.', 'admin', now());
INSERT INTO DYN_ELEMENT_CONFIG (ELEMENT_ID, UI_REFERENCE_ID, DESCRIPTION, SUB_SECTION_CODE, SECTION_CODE, UPDATE_USER, UPDATE_TIMESTAMP) VALUES ('1532', 'coi_review_location', 'Entity Name', '801', 'COI801', 'admin', now());
INSERT INTO DYN_ELEMENT_CONFIG (ELEMENT_ID, UI_REFERENCE_ID, DESCRIPTION, SUB_SECTION_CODE, SECTION_CODE, UPDATE_USER, UPDATE_TIMESTAMP) VALUES ('1533', 'coi_reviewer', 'Entity Name', '801', 'COI801', 'admin', now());
INSERT INTO DYN_ELEMENT_CONFIG (ELEMENT_ID, UI_REFERENCE_ID, DESCRIPTION, SUB_SECTION_CODE, SECTION_CODE, UPDATE_USER, UPDATE_TIMESTAMP) VALUES ('1534', 'coi_review_status', 'Entity Name', '801', 'COI801', 'admin', now());
INSERT INTO DYN_ELEMENT_CONFIG (ELEMENT_ID, UI_REFERENCE_ID, DESCRIPTION, SUB_SECTION_CODE, SECTION_CODE, UPDATE_USER, UPDATE_TIMESTAMP) VALUES ('1535', 'coi_review_start_date', 'Entity Name', '801', 'COI801', 'admin', now());
INSERT INTO DYN_ELEMENT_CONFIG (ELEMENT_ID, UI_REFERENCE_ID, DESCRIPTION, SUB_SECTION_CODE, SECTION_CODE, UPDATE_USER, UPDATE_TIMESTAMP) VALUES ('1536', 'coi_review_end_date', 'Entity Name', '801', 'COI801', 'admin', now());
INSERT INTO DYN_ELEMENT_CONFIG (ELEMENT_ID, UI_REFERENCE_ID, DESCRIPTION, SUB_SECTION_CODE, SECTION_CODE, UPDATE_USER, UPDATE_TIMESTAMP) VALUES ('1537', 'coi_review_description', 'Entity Name', '801', 'COI801', 'admin', now());
INSERT INTO DYN_ELEMENT_CONFIG (ELEMENT_ID, UI_REFERENCE_ID, DESCRIPTION, SUB_SECTION_CODE, SECTION_CODE, UPDATE_USER, UPDATE_TIMESTAMP) VALUES ('1538', 'coi-disclosure-risk', 'Entity Name', '802', 'COI802', 'admin', now());
INSERT INTO DYN_ELEMENT_CONFIG (ELEMENT_ID, UI_REFERENCE_ID, DESCRIPTION, SUB_SECTION_CODE, SECTION_CODE, UPDATE_USER, UPDATE_TIMESTAMP) VALUES ('1539', 'coi-disclosure-risk-desc', 'Entity Name', '802', 'COI802', 'admin', now());
INSERT INTO DYN_ELEMENT_CONFIG (ELEMENT_ID, UI_REFERENCE_ID, DESCRIPTION, SUB_SECTION_CODE, SECTION_CODE, UPDATE_USER, UPDATE_TIMESTAMP) VALUES ('1540', 'select-conflict-status', 'Entity Name', '803', 'COI803', 'admin', now());
INSERT INTO DYN_ELEMENT_CONFIG (ELEMENT_ID, UI_REFERENCE_ID, DESCRIPTION, SUB_SECTION_CODE, SECTION_CODE, UPDATE_USER, UPDATE_TIMESTAMP) VALUES ('1541', 'coi-conflict-status-change', 'Entity Name', '803', 'COI803', 'admin', now());
INSERT INTO DYN_ELEMENT_CONFIG (ELEMENT_ID, UI_REFERENCE_ID, DESCRIPTION, SUB_SECTION_CODE, SECTION_CODE, UPDATE_USER, UPDATE_TIMESTAMP) VALUES ('1542', 'coi-manage-entity-risk', 'Entity Name', '2601', 'GE2601', 'admin', now());
INSERT INTO DYN_ELEMENT_CONFIG (ELEMENT_ID, UI_REFERENCE_ID, DESCRIPTION, SUB_SECTION_CODE, SECTION_CODE, UPDATE_USER, UPDATE_TIMESTAMP) VALUES ('1543', 'coi-manage-entity-risk-desc', 'Entity Name', '2601', 'GE2601', 'admin', now());
INSERT INTO DYN_ELEMENT_CONFIG (ELEMENT_ID, UI_REFERENCE_ID, DESCRIPTION, SUB_SECTION_CODE, SECTION_CODE, UPDATE_USER, UPDATE_TIMESTAMP) VALUES ('1544', 'opa_review_location', 'Entity Name', '231', 'OPA231', 'admin', now());
INSERT INTO DYN_ELEMENT_CONFIG (ELEMENT_ID, UI_REFERENCE_ID, DESCRIPTION, SUB_SECTION_CODE, SECTION_CODE, UPDATE_USER, UPDATE_TIMESTAMP) VALUES ('1545', 'opa_reviewer', 'Entity Name', '231', 'OPA231', 'admin', now());
INSERT INTO DYN_ELEMENT_CONFIG (ELEMENT_ID, UI_REFERENCE_ID, DESCRIPTION, SUB_SECTION_CODE, SECTION_CODE, UPDATE_USER, UPDATE_TIMESTAMP) VALUES ('1546', 'opa_review_status', 'Entity Name', '231', 'OPA231', 'admin', now());
INSERT INTO DYN_ELEMENT_CONFIG (ELEMENT_ID, UI_REFERENCE_ID, DESCRIPTION, SUB_SECTION_CODE, SECTION_CODE, UPDATE_USER, UPDATE_TIMESTAMP) VALUES ('1547', 'opa_review_start_date', 'Entity Name', '231', 'OPA231', 'admin', now());
INSERT INTO DYN_ELEMENT_CONFIG (ELEMENT_ID, UI_REFERENCE_ID, DESCRIPTION, SUB_SECTION_CODE, SECTION_CODE, UPDATE_USER, UPDATE_TIMESTAMP) VALUES ('1548', 'opa_review_end_date', 'Entity Name', '231', 'OPA231', 'admin', now());
INSERT INTO DYN_ELEMENT_CONFIG (ELEMENT_ID, UI_REFERENCE_ID, DESCRIPTION, SUB_SECTION_CODE, SECTION_CODE, UPDATE_USER, UPDATE_TIMESTAMP) VALUES ('1549', 'opa_review_description', 'Entity Name', '231', 'OPA231', 'admin', now());

SET FOREIGN_KEY_CHECKS=1;
