INSERT INTO TRAINING_MODULES (TRAINING_MODULES_ID,TRAINING_CODE,MODULE_CODE,SUB_MODULE_CODE,DESCRIPTION,UPDATE_TIMESTAMP,UPDATE_USER) VALUES (28,107,103,null,'CITI REFRESHER-GCP for Clinical Trials with Investigational Drugs and Medical Devices (U.S. FDA Focu',str_to_date('16-4-19','%d-%m-%y'),'jenlu');
INSERT INTO TRAINING_MODULES (TRAINING_MODULES_ID,TRAINING_CODE,MODULE_CODE,SUB_MODULE_CODE,DESCRIPTION,UPDATE_TIMESTAMP,UPDATE_USER) VALUES (41,120,104,null,'Undue Foreign Influence: Risks and Mitigations',str_to_date('09-2-21','%d-%m-%y'),'jenlu');
INSERT INTO TRAINING_MODULES (TRAINING_MODULES_ID,TRAINING_CODE,MODULE_CODE,SUB_MODULE_CODE,DESCRIPTION,UPDATE_TIMESTAMP,UPDATE_USER) VALUES (26,105,103,null,'CITI REFRESHER-GCP for Clinical Trials with Investigational Drugs and Biologics (ICH Focus)',str_to_date('16-4-19','%d-%m-%y'),'jenlu');
INSERT INTO TRAINING_MODULES (TRAINING_MODULES_ID,TRAINING_CODE,MODULE_CODE,SUB_MODULE_CODE,DESCRIPTION,UPDATE_TIMESTAMP,UPDATE_USER) VALUES (25,104,103,null,'CITI-GCP for Clinical Trials with Investigational Drugs and Biologics (ICH Focus)',str_to_date('16-4-19','%d-%m-%y'),'jenlu');
INSERT INTO TRAINING_MODULES (TRAINING_MODULES_ID,TRAINING_CODE,MODULE_CODE,SUB_MODULE_CODE,DESCRIPTION,UPDATE_TIMESTAMP,UPDATE_USER) VALUES (131,53,100,null,'RCR-Outside Training Equivalent',str_to_date('02-11-11','%d-%m-%y'),'OSPA');
INSERT INTO TRAINING_MODULES (TRAINING_MODULES_ID,TRAINING_CODE,MODULE_CODE,SUB_MODULE_CODE,DESCRIPTION,UPDATE_TIMESTAMP,UPDATE_USER) VALUES (132,14,7,null,'CITI-Social & Behavioral Research Investigators',str_to_date('23-6-11','%d-%m-%y'),'OSPA');
INSERT INTO TRAINING_MODULES (TRAINING_MODULES_ID,TRAINING_CODE,MODULE_CODE,SUB_MODULE_CODE,DESCRIPTION,UPDATE_TIMESTAMP,UPDATE_USER) VALUES (133,15,7,null,'CITI-Biomedical Research Investigators',str_to_date('23-6-11','%d-%m-%y'),'OSPA');
INSERT INTO TRAINING_MODULES (TRAINING_MODULES_ID,TRAINING_CODE,MODULE_CODE,SUB_MODULE_CODE,DESCRIPTION,UPDATE_TIMESTAMP,UPDATE_USER) VALUES (134,17,7,null,'CITI-Data or Specimens Only Research',str_to_date('23-6-11','%d-%m-%y'),'OSPA');
INSERT INTO TRAINING_MODULES (TRAINING_MODULES_ID,TRAINING_CODE,MODULE_CODE,SUB_MODULE_CODE,DESCRIPTION,UPDATE_TIMESTAMP,UPDATE_USER) VALUES (135,23,7,null,'CITI REFRESHER-Biomedical Research Investigators',str_to_date('23-6-11','%d-%m-%y'),'OSPA');
INSERT INTO TRAINING_MODULES (TRAINING_MODULES_ID,TRAINING_CODE,MODULE_CODE,SUB_MODULE_CODE,DESCRIPTION,UPDATE_TIMESTAMP,UPDATE_USER) VALUES (136,24,7,null,'CITI REFRESHER-Data or Specimens Only Research',str_to_date('23-6-11','%d-%m-%y'),'OSPA');
INSERT INTO TRAINING_MODULES (TRAINING_MODULES_ID,TRAINING_CODE,MODULE_CODE,SUB_MODULE_CODE,DESCRIPTION,UPDATE_TIMESTAMP,UPDATE_USER) VALUES (137,25,7,null,'CITI REFRESHER-Social & Behavioral Research Investigators',str_to_date('23-6-11','%d-%m-%y'),'OSPA');
INSERT INTO TRAINING_MODULES (TRAINING_MODULES_ID,TRAINING_CODE,MODULE_CODE,SUB_MODULE_CODE,DESCRIPTION,UPDATE_TIMESTAMP,UPDATE_USER) VALUES (138,26,7,null,'CITI-IRB Members',str_to_date('23-6-11','%d-%m-%y'),'OSPA');
INSERT INTO TRAINING_MODULES (TRAINING_MODULES_ID,TRAINING_CODE,MODULE_CODE,SUB_MODULE_CODE,DESCRIPTION,UPDATE_TIMESTAMP,UPDATE_USER) VALUES (139,27,7,null,'CITI REFRESHER-IRB Members',str_to_date('23-6-11','%d-%m-%y'),'OSPA');
INSERT INTO TRAINING_MODULES (TRAINING_MODULES_ID,TRAINING_CODE,MODULE_CODE,SUB_MODULE_CODE,DESCRIPTION,UPDATE_TIMESTAMP,UPDATE_USER) VALUES (140,40,100,null,'CITI-RCR-HUMANITIES',str_to_date('23-6-11','%d-%m-%y'),'OSPA');
INSERT INTO TRAINING_MODULES (TRAINING_MODULES_ID,TRAINING_CODE,MODULE_CODE,SUB_MODULE_CODE,DESCRIPTION,UPDATE_TIMESTAMP,UPDATE_USER) VALUES (141,41,100,null,'CITI-RCR-SOCIAL BEHAVIORAL',str_to_date('23-6-11','%d-%m-%y'),'OSPA');
INSERT INTO TRAINING_MODULES (TRAINING_MODULES_ID,TRAINING_CODE,MODULE_CODE,SUB_MODULE_CODE,DESCRIPTION,UPDATE_TIMESTAMP,UPDATE_USER) VALUES (142,42,100,null,'CITI-RCR-ENGINEERS',str_to_date('23-6-11','%d-%m-%y'),'OSPA');
INSERT INTO TRAINING_MODULES (TRAINING_MODULES_ID,TRAINING_CODE,MODULE_CODE,SUB_MODULE_CODE,DESCRIPTION,UPDATE_TIMESTAMP,UPDATE_USER) VALUES (143,43,100,null,'CITI-RCR-PHYSICAL SCIENCE',str_to_date('23-6-11','%d-%m-%y'),'OSPA');
INSERT INTO TRAINING_MODULES (TRAINING_MODULES_ID,TRAINING_CODE,MODULE_CODE,SUB_MODULE_CODE,DESCRIPTION,UPDATE_TIMESTAMP,UPDATE_USER) VALUES (144,44,100,null,'CITI-RCR-BIOMEDICAL',str_to_date('23-6-11','%d-%m-%y'),'OSPA');
INSERT INTO TRAINING_MODULES (TRAINING_MODULES_ID,TRAINING_CODE,MODULE_CODE,SUB_MODULE_CODE,DESCRIPTION,UPDATE_TIMESTAMP,UPDATE_USER) VALUES (145,45,100,null,'CITI-RCR-ADMINISTRATORS',str_to_date('23-6-11','%d-%m-%y'),'OSPA');
INSERT INTO TRAINING_MODULES (TRAINING_MODULES_ID,TRAINING_CODE,MODULE_CODE,SUB_MODULE_CODE,DESCRIPTION,UPDATE_TIMESTAMP,UPDATE_USER) VALUES (146,46,100,null,'CITI-RCR-REFRESHER-HUMANITIES',str_to_date('23-6-11','%d-%m-%y'),'OSPA');
INSERT INTO TRAINING_MODULES (TRAINING_MODULES_ID,TRAINING_CODE,MODULE_CODE,SUB_MODULE_CODE,DESCRIPTION,UPDATE_TIMESTAMP,UPDATE_USER) VALUES (147,47,100,null,'CITI-RCR-REFRESHER-SOCIAL',str_to_date('23-6-11','%d-%m-%y'),'OSPA');
INSERT INTO TRAINING_MODULES (TRAINING_MODULES_ID,TRAINING_CODE,MODULE_CODE,SUB_MODULE_CODE,DESCRIPTION,UPDATE_TIMESTAMP,UPDATE_USER) VALUES (148,48,100,null,'CITI-RCR-REFRESHER-ENGINEERS',str_to_date('23-6-11','%d-%m-%y'),'OSPA');
INSERT INTO TRAINING_MODULES (TRAINING_MODULES_ID,TRAINING_CODE,MODULE_CODE,SUB_MODULE_CODE,DESCRIPTION,UPDATE_TIMESTAMP,UPDATE_USER) VALUES (149,49,100,null,'CITI-RCR-REFRESHER-PHYS',str_to_date('23-6-11','%d-%m-%y'),'OSPA');
INSERT INTO TRAINING_MODULES (TRAINING_MODULES_ID,TRAINING_CODE,MODULE_CODE,SUB_MODULE_CODE,DESCRIPTION,UPDATE_TIMESTAMP,UPDATE_USER) VALUES (150,50,100,null,'CITI-RCR-REFRESHER-BIOMED',str_to_date('23-6-11','%d-%m-%y'),'OSPA');
INSERT INTO TRAINING_MODULES (TRAINING_MODULES_ID,TRAINING_CODE,MODULE_CODE,SUB_MODULE_CODE,DESCRIPTION,UPDATE_TIMESTAMP,UPDATE_USER) VALUES (151,51,100,null,'CITI-RCR-REFRESHER-ADMIN',str_to_date('23-6-11','%d-%m-%y'),'OSPA');
INSERT INTO TRAINING_MODULES (TRAINING_MODULES_ID,TRAINING_CODE,MODULE_CODE,SUB_MODULE_CODE,DESCRIPTION,UPDATE_TIMESTAMP,UPDATE_USER) VALUES (152,1,7,null,'Rochester Training Booklet - Human Subjects',str_to_date('23-6-11','%d-%m-%y'),'OSPA');
INSERT INTO TRAINING_MODULES (TRAINING_MODULES_ID,TRAINING_CODE,MODULE_CODE,SUB_MODULE_CODE,DESCRIPTION,UPDATE_TIMESTAMP,UPDATE_USER) VALUES (153,2,7,null,'MIT Human Subjects Training via Traincasters',str_to_date('23-6-11','%d-%m-%y'),'OSPA');
INSERT INTO TRAINING_MODULES (TRAINING_MODULES_ID,TRAINING_CODE,MODULE_CODE,SUB_MODULE_CODE,DESCRIPTION,UPDATE_TIMESTAMP,UPDATE_USER) VALUES (154,3,7,null,'NIH Training - Human Subjects',str_to_date('23-6-11','%d-%m-%y'),'OSPA');
INSERT INTO TRAINING_MODULES (TRAINING_MODULES_ID,TRAINING_CODE,MODULE_CODE,SUB_MODULE_CODE,DESCRIPTION,UPDATE_TIMESTAMP,UPDATE_USER) VALUES (155,4,7,null,'Johns Hopkins - Human Subjects',str_to_date('23-6-11','%d-%m-%y'),'OSPA');
INSERT INTO TRAINING_MODULES (TRAINING_MODULES_ID,TRAINING_CODE,MODULE_CODE,SUB_MODULE_CODE,DESCRIPTION,UPDATE_TIMESTAMP,UPDATE_USER) VALUES (156,5,7,null,'Massachusetts General Hospital - Human Subjects',str_to_date('23-6-11','%d-%m-%y'),'OSPA');
INSERT INTO TRAINING_MODULES (TRAINING_MODULES_ID,TRAINING_CODE,MODULE_CODE,SUB_MODULE_CODE,DESCRIPTION,UPDATE_TIMESTAMP,UPDATE_USER) VALUES (157,6,7,null,'Stanford - Human Subjects',str_to_date('23-6-11','%d-%m-%y'),'OSPA');
INSERT INTO TRAINING_MODULES (TRAINING_MODULES_ID,TRAINING_CODE,MODULE_CODE,SUB_MODULE_CODE,DESCRIPTION,UPDATE_TIMESTAMP,UPDATE_USER) VALUES (158,7,7,null,'Beth Israel Deaconess Medical Center - Human Subjects',str_to_date('23-6-11','%d-%m-%y'),'OSPA');
INSERT INTO TRAINING_MODULES (TRAINING_MODULES_ID,TRAINING_CODE,MODULE_CODE,SUB_MODULE_CODE,DESCRIPTION,UPDATE_TIMESTAMP,UPDATE_USER) VALUES (159,8,7,null,'Massachusetts Eye & Ear Infirmary - Human Subjects',str_to_date('23-6-11','%d-%m-%y'),'OSPA');
INSERT INTO TRAINING_MODULES (TRAINING_MODULES_ID,TRAINING_CODE,MODULE_CODE,SUB_MODULE_CODE,DESCRIPTION,UPDATE_TIMESTAMP,UPDATE_USER) VALUES (160,9,7,null,'University of Miami CITI Ethics Training program',str_to_date('23-6-11','%d-%m-%y'),'OSPA');
INSERT INTO TRAINING_MODULES (TRAINING_MODULES_ID,TRAINING_CODE,MODULE_CODE,SUB_MODULE_CODE,DESCRIPTION,UPDATE_TIMESTAMP,UPDATE_USER) VALUES (161,10,7,null,'Children''s Hospital CITI Ethics Training Course',str_to_date('23-6-11','%d-%m-%y'),'OSPA');
INSERT INTO TRAINING_MODULES (TRAINING_MODULES_ID,TRAINING_CODE,MODULE_CODE,SUB_MODULE_CODE,DESCRIPTION,UPDATE_TIMESTAMP,UPDATE_USER) VALUES (162,11,7,null,'Yale - Human Subjects',str_to_date('23-6-11','%d-%m-%y'),'OSPA');
INSERT INTO TRAINING_MODULES (TRAINING_MODULES_ID,TRAINING_CODE,MODULE_CODE,SUB_MODULE_CODE,DESCRIPTION,UPDATE_TIMESTAMP,UPDATE_USER) VALUES (163,12,7,null,'Harvard Ethics Training in Human Subjects',str_to_date('23-6-11','%d-%m-%y'),'OSPA');
INSERT INTO TRAINING_MODULES (TRAINING_MODULES_ID,TRAINING_CODE,MODULE_CODE,SUB_MODULE_CODE,DESCRIPTION,UPDATE_TIMESTAMP,UPDATE_USER) VALUES (164,13,7,null,'Princeton University-Protection of Human Research Subjects',str_to_date('23-6-11','%d-%m-%y'),'OSPA');
INSERT INTO TRAINING_MODULES (TRAINING_MODULES_ID,TRAINING_CODE,MODULE_CODE,SUB_MODULE_CODE,DESCRIPTION,UPDATE_TIMESTAMP,UPDATE_USER) VALUES (165,16,7,null,'CITI- Program - Refresher',str_to_date('23-6-11','%d-%m-%y'),'OSPA');
INSERT INTO TRAINING_MODULES (TRAINING_MODULES_ID,TRAINING_CODE,MODULE_CODE,SUB_MODULE_CODE,DESCRIPTION,UPDATE_TIMESTAMP,UPDATE_USER) VALUES (166,54,8,null,'CITI Conflicts of Interest',str_to_date('14-8-12','%d-%m-%y'),'OSPA');
INSERT INTO TRAINING_MODULES (TRAINING_MODULES_ID,TRAINING_CODE,MODULE_CODE,SUB_MODULE_CODE,DESCRIPTION,UPDATE_TIMESTAMP,UPDATE_USER) VALUES (167,55,7,null,'IRB-Outside Training Equivalent-Social & Behavioral',str_to_date('20-2-15','%d-%m-%y'),'OSPA');
INSERT INTO TRAINING_MODULES (TRAINING_MODULES_ID,TRAINING_CODE,MODULE_CODE,SUB_MODULE_CODE,DESCRIPTION,UPDATE_TIMESTAMP,UPDATE_USER) VALUES (168,56,7,null,'IRB-Outside Training Equivalent-Biomedical',str_to_date('20-2-15','%d-%m-%y'),'OSPA');
INSERT INTO TRAINING_MODULES (TRAINING_MODULES_ID,TRAINING_CODE,MODULE_CODE,SUB_MODULE_CODE,DESCRIPTION,UPDATE_TIMESTAMP,UPDATE_USER) VALUES (169,18,7,null,'National Bureau of Economic Research (NBER)',str_to_date('20-2-15','%d-%m-%y'),'OSPA');
INSERT INTO TRAINING_MODULES (TRAINING_MODULES_ID,TRAINING_CODE,MODULE_CODE,SUB_MODULE_CODE,DESCRIPTION,UPDATE_TIMESTAMP,UPDATE_USER) VALUES (170,19,7,null,'MIT COUHES Presentation',str_to_date('20-2-15','%d-%m-%y'),'OSPA');
INSERT INTO TRAINING_MODULES (TRAINING_MODULES_ID,TRAINING_CODE,MODULE_CODE,SUB_MODULE_CODE,DESCRIPTION,UPDATE_TIMESTAMP,UPDATE_USER) VALUES (171,20,7,null,'Rutgers University',str_to_date('20-2-15','%d-%m-%y'),'OSPA');
INSERT INTO TRAINING_MODULES (TRAINING_MODULES_ID,TRAINING_CODE,MODULE_CODE,SUB_MODULE_CODE,DESCRIPTION,UPDATE_TIMESTAMP,UPDATE_USER) VALUES (172,52,1,null,'Award Budget for Raft',str_to_date('20-2-15','%d-%m-%y'),'OSPA');
INSERT INTO TRAINING_MODULES (TRAINING_MODULES_ID,TRAINING_CODE,MODULE_CODE,SUB_MODULE_CODE,DESCRIPTION,UPDATE_TIMESTAMP,UPDATE_USER) VALUES (173,57,9,null,'CITI-IACUC-WORKING-WITH-IACUC',str_to_date('23-4-14','%d-%m-%y'),'OSPA');
INSERT INTO TRAINING_MODULES (TRAINING_MODULES_ID,TRAINING_CODE,MODULE_CODE,SUB_MODULE_CODE,DESCRIPTION,UPDATE_TIMESTAMP,UPDATE_USER) VALUES (174,58,9,null,'CITI-IACUC-REFRESHER-WORKING-WITH-IACUC',str_to_date('23-4-14','%d-%m-%y'),'OSPA');
INSERT INTO TRAINING_MODULES (TRAINING_MODULES_ID,TRAINING_CODE,MODULE_CODE,SUB_MODULE_CODE,DESCRIPTION,UPDATE_TIMESTAMP,UPDATE_USER) VALUES (175,59,9,null,'CITI-IACUC-ASEPTIC-SURGERY',str_to_date('23-4-14','%d-%m-%y'),'OSPA');
INSERT INTO TRAINING_MODULES (TRAINING_MODULES_ID,TRAINING_CODE,MODULE_CODE,SUB_MODULE_CODE,DESCRIPTION,UPDATE_TIMESTAMP,UPDATE_USER) VALUES (176,60,9,null,'CITI-IACUC-ANTIBODY-PRODUCTION',str_to_date('23-4-14','%d-%m-%y'),'OSPA');
INSERT INTO TRAINING_MODULES (TRAINING_MODULES_ID,TRAINING_CODE,MODULE_CODE,SUB_MODULE_CODE,DESCRIPTION,UPDATE_TIMESTAMP,UPDATE_USER) VALUES (177,61,9,null,'CITI-IACUC-ESSENTIALS',str_to_date('23-4-14','%d-%m-%y'),'OSPA');
INSERT INTO TRAINING_MODULES (TRAINING_MODULES_ID,TRAINING_CODE,MODULE_CODE,SUB_MODULE_CODE,DESCRIPTION,UPDATE_TIMESTAMP,UPDATE_USER) VALUES (178,62,9,null,'CITI-IACUC-COMMUNITY-MEMBER',str_to_date('23-4-14','%d-%m-%y'),'OSPA');
INSERT INTO TRAINING_MODULES (TRAINING_MODULES_ID,TRAINING_CODE,MODULE_CODE,SUB_MODULE_CODE,DESCRIPTION,UPDATE_TIMESTAMP,UPDATE_USER) VALUES (179,63,9,null,'CITI-IACUC-REDUCING-PAIN-IN-MICE-AND-RATS',str_to_date('23-4-14','%d-%m-%y'),'OSPA');
INSERT INTO TRAINING_MODULES (TRAINING_MODULES_ID,TRAINING_CODE,MODULE_CODE,SUB_MODULE_CODE,DESCRIPTION,UPDATE_TIMESTAMP,UPDATE_USER) VALUES (180,64,9,null,'CITI-IACUC-WILDLIFE-RESEARCH',str_to_date('23-4-14','%d-%m-%y'),'OSPA');
INSERT INTO TRAINING_MODULES (TRAINING_MODULES_ID,TRAINING_CODE,MODULE_CODE,SUB_MODULE_CODE,DESCRIPTION,UPDATE_TIMESTAMP,UPDATE_USER) VALUES (181,65,9,null,'CITI-IACUC-WORKING-WITH-AMPHIBIANS',str_to_date('23-4-14','%d-%m-%y'),'OSPA');
INSERT INTO TRAINING_MODULES (TRAINING_MODULES_ID,TRAINING_CODE,MODULE_CODE,SUB_MODULE_CODE,DESCRIPTION,UPDATE_TIMESTAMP,UPDATE_USER) VALUES (182,66,9,null,'CITI-IACUC-WORKING-WITH-CATS',str_to_date('23-4-14','%d-%m-%y'),'OSPA');
INSERT INTO TRAINING_MODULES (TRAINING_MODULES_ID,TRAINING_CODE,MODULE_CODE,SUB_MODULE_CODE,DESCRIPTION,UPDATE_TIMESTAMP,UPDATE_USER) VALUES (183,67,9,null,'CITI-IACUC-WORKING-WITH-DOGS',str_to_date('23-4-14','%d-%m-%y'),'OSPA');
INSERT INTO TRAINING_MODULES (TRAINING_MODULES_ID,TRAINING_CODE,MODULE_CODE,SUB_MODULE_CODE,DESCRIPTION,UPDATE_TIMESTAMP,UPDATE_USER) VALUES (184,68,9,null,'CITI-IACUC-WORKING-WITH-FERRETS',str_to_date('23-4-14','%d-%m-%y'),'OSPA');
INSERT INTO TRAINING_MODULES (TRAINING_MODULES_ID,TRAINING_CODE,MODULE_CODE,SUB_MODULE_CODE,DESCRIPTION,UPDATE_TIMESTAMP,UPDATE_USER) VALUES (185,69,9,null,'CITI-IACUC-WORKING-WITH-FISH',str_to_date('23-4-14','%d-%m-%y'),'OSPA');
INSERT INTO TRAINING_MODULES (TRAINING_MODULES_ID,TRAINING_CODE,MODULE_CODE,SUB_MODULE_CODE,DESCRIPTION,UPDATE_TIMESTAMP,UPDATE_USER) VALUES (186,70,9,null,'CITI-IACUC-WORKING-WITH-GERBILS',str_to_date('23-4-14','%d-%m-%y'),'OSPA');
INSERT INTO TRAINING_MODULES (TRAINING_MODULES_ID,TRAINING_CODE,MODULE_CODE,SUB_MODULE_CODE,DESCRIPTION,UPDATE_TIMESTAMP,UPDATE_USER) VALUES (187,71,9,null,'CITI-IACUC-WORKING-WITH-GUINEA-PIGS',str_to_date('23-4-14','%d-%m-%y'),'OSPA');
INSERT INTO TRAINING_MODULES (TRAINING_MODULES_ID,TRAINING_CODE,MODULE_CODE,SUB_MODULE_CODE,DESCRIPTION,UPDATE_TIMESTAMP,UPDATE_USER) VALUES (188,72,9,null,'CITI-IACUC-WORKING-WITH-HAMSTERS',str_to_date('23-4-14','%d-%m-%y'),'OSPA');
INSERT INTO TRAINING_MODULES (TRAINING_MODULES_ID,TRAINING_CODE,MODULE_CODE,SUB_MODULE_CODE,DESCRIPTION,UPDATE_TIMESTAMP,UPDATE_USER) VALUES (189,73,9,null,'CITI-IACUC-WORKING-WITH-MICE',str_to_date('23-4-14','%d-%m-%y'),'OSPA');
INSERT INTO TRAINING_MODULES (TRAINING_MODULES_ID,TRAINING_CODE,MODULE_CODE,SUB_MODULE_CODE,DESCRIPTION,UPDATE_TIMESTAMP,UPDATE_USER) VALUES (190,74,9,null,'CITI-IACUC-WORKING-WITH-NON-HUMAN-PRIMATES',str_to_date('23-4-14','%d-%m-%y'),'OSPA');
INSERT INTO TRAINING_MODULES (TRAINING_MODULES_ID,TRAINING_CODE,MODULE_CODE,SUB_MODULE_CODE,DESCRIPTION,UPDATE_TIMESTAMP,UPDATE_USER) VALUES (191,75,9,null,'CITI-IACUC-WORKING-WITH-RABBITS',str_to_date('23-4-14','%d-%m-%y'),'OSPA');
INSERT INTO TRAINING_MODULES (TRAINING_MODULES_ID,TRAINING_CODE,MODULE_CODE,SUB_MODULE_CODE,DESCRIPTION,UPDATE_TIMESTAMP,UPDATE_USER) VALUES (192,76,9,null,'CITI-IACUC-WORKING-WITH-RATS',str_to_date('23-4-14','%d-%m-%y'),'OSPA');
INSERT INTO TRAINING_MODULES (TRAINING_MODULES_ID,TRAINING_CODE,MODULE_CODE,SUB_MODULE_CODE,DESCRIPTION,UPDATE_TIMESTAMP,UPDATE_USER) VALUES (193,77,9,null,'CITI-IACUC-WORKING-WITH-SWINE',str_to_date('23-4-14','%d-%m-%y'),'OSPA');
INSERT INTO TRAINING_MODULES (TRAINING_MODULES_ID,TRAINING_CODE,MODULE_CODE,SUB_MODULE_CODE,DESCRIPTION,UPDATE_TIMESTAMP,UPDATE_USER) VALUES (194,78,9,null,'CITI-IACUC-WORKING-WITH-ZEBRAFISH',str_to_date('23-4-14','%d-%m-%y'),'OSPA');
INSERT INTO TRAINING_MODULES (TRAINING_MODULES_ID,TRAINING_CODE,MODULE_CODE,SUB_MODULE_CODE,DESCRIPTION,UPDATE_TIMESTAMP,UPDATE_USER) VALUES (195,79,9,null,'CITI-IACUC-POST-APPROVAL-MONITORING',str_to_date('23-4-14','%d-%m-%y'),'OSPA');
INSERT INTO TRAINING_MODULES (TRAINING_MODULES_ID,TRAINING_CODE,MODULE_CODE,SUB_MODULE_CODE,DESCRIPTION,UPDATE_TIMESTAMP,UPDATE_USER) VALUES (1,90,200,null,'CITI MIT Export control',str_to_date('08-11-17','%d-%m-%y'),'jenlu');
INSERT INTO TRAINING_MODULES (TRAINING_MODULES_ID,TRAINING_CODE,MODULE_CODE,SUB_MODULE_CODE,DESCRIPTION,UPDATE_TIMESTAMP,UPDATE_USER) VALUES (21,100,103,null,'CITI-GCP - Social and Behavioral Research Best Practices for Clinical Research',str_to_date('16-4-19','%d-%m-%y'),'jenlu');
INSERT INTO TRAINING_MODULES (TRAINING_MODULES_ID,TRAINING_CODE,MODULE_CODE,SUB_MODULE_CODE,DESCRIPTION,UPDATE_TIMESTAMP,UPDATE_USER) VALUES (22,101,103,null,'CITI REFRESHER-GCP - Social and Behavioral Research Best Practices for Clinical Research',str_to_date('16-4-19','%d-%m-%y'),'jenlu');
INSERT INTO TRAINING_MODULES (TRAINING_MODULES_ID,TRAINING_CODE,MODULE_CODE,SUB_MODULE_CODE,DESCRIPTION,UPDATE_TIMESTAMP,UPDATE_USER) VALUES (23,102,103,null,'CITI-GCP for Clinical Investigations of Devices',str_to_date('16-4-19','%d-%m-%y'),'jenlu');
INSERT INTO TRAINING_MODULES (TRAINING_MODULES_ID,TRAINING_CODE,MODULE_CODE,SUB_MODULE_CODE,DESCRIPTION,UPDATE_TIMESTAMP,UPDATE_USER) VALUES (24,103,103,null,'CITI REFRESHER-GCP for Clinical Investigations of Devices',str_to_date('16-4-19','%d-%m-%y'),'jenlu');
INSERT INTO TRAINING_MODULES (TRAINING_MODULES_ID,TRAINING_CODE,MODULE_CODE,SUB_MODULE_CODE,DESCRIPTION,UPDATE_TIMESTAMP,UPDATE_USER) VALUES (27,106,103,null,'CITI-GCP for Clinical Trials with Investigational Drugs and Medical Devices (U.S. FDA Focus)',str_to_date('16-4-19','%d-%m-%y'),'jenlu');
INSERT INTO TRAINING_MODULES (TRAINING_MODULES_ID,TRAINING_CODE,MODULE_CODE,SUB_MODULE_CODE,DESCRIPTION,UPDATE_TIMESTAMP,UPDATE_USER) VALUES (212,153,100,null,'RECR-Outside Training Equivalent',str_to_date('01-8-23','%d-%m-%y'),'jenlu');
INSERT INTO TRAINING_MODULES (TRAINING_MODULES_ID,TRAINING_CODE,MODULE_CODE,SUB_MODULE_CODE,DESCRIPTION,UPDATE_TIMESTAMP,UPDATE_USER) VALUES (213,140,100,null,'CITI-RECR-HUMANITIES',str_to_date('01-8-23','%d-%m-%y'),'jenlu');
INSERT INTO TRAINING_MODULES (TRAINING_MODULES_ID,TRAINING_CODE,MODULE_CODE,SUB_MODULE_CODE,DESCRIPTION,UPDATE_TIMESTAMP,UPDATE_USER) VALUES (214,141,100,null,'CITI-RECR-SOCIAL BEHAVIORAL',str_to_date('01-8-23','%d-%m-%y'),'jenlu');
INSERT INTO TRAINING_MODULES (TRAINING_MODULES_ID,TRAINING_CODE,MODULE_CODE,SUB_MODULE_CODE,DESCRIPTION,UPDATE_TIMESTAMP,UPDATE_USER) VALUES (215,142,100,null,'CITI-RECR-ENGINEERS',str_to_date('01-8-23','%d-%m-%y'),'jenlu');
INSERT INTO TRAINING_MODULES (TRAINING_MODULES_ID,TRAINING_CODE,MODULE_CODE,SUB_MODULE_CODE,DESCRIPTION,UPDATE_TIMESTAMP,UPDATE_USER) VALUES (216,143,100,null,'CITI-RECR-PHYSICAL SCIENCE',str_to_date('01-8-23','%d-%m-%y'),'jenlu');
INSERT INTO TRAINING_MODULES (TRAINING_MODULES_ID,TRAINING_CODE,MODULE_CODE,SUB_MODULE_CODE,DESCRIPTION,UPDATE_TIMESTAMP,UPDATE_USER) VALUES (217,144,100,null,'CITI-RECR-BIOMEDICAL',str_to_date('01-8-23','%d-%m-%y'),'jenlu');
INSERT INTO TRAINING_MODULES (TRAINING_MODULES_ID,TRAINING_CODE,MODULE_CODE,SUB_MODULE_CODE,DESCRIPTION,UPDATE_TIMESTAMP,UPDATE_USER) VALUES (218,145,100,null,'CITI-RECR-ADMINISTRATORS',str_to_date('01-8-23','%d-%m-%y'),'jenlu');
INSERT INTO TRAINING_MODULES (TRAINING_MODULES_ID,TRAINING_CODE,MODULE_CODE,SUB_MODULE_CODE,DESCRIPTION,UPDATE_TIMESTAMP,UPDATE_USER) VALUES (219,151,100,null,'CITI-RECR-REFRESHER',str_to_date('01-8-23','%d-%m-%y'),'jenlu');

INSERT INTO TRAINING (TRAINING_CODE,DESCRIPTION,UPDATE_TIMESTAMP,UPDATE_USER) VALUES (107,'CITI REFRESHER-GCP for Clinical Trials with Investigational Drugs and Medical Devices (U.S. FDA Focus)',str_to_date('16-04-19','%d-%m-%y'),'KCSO');
INSERT INTO TRAINING (TRAINING_CODE,DESCRIPTION,UPDATE_TIMESTAMP,UPDATE_USER) VALUES (105,'CITI REFRESHER-GCP for Clinical Trials with Investigational Drugs and Biologics (ICH Focus)',str_to_date('16-04-19','%d-%m-%y'),'KCSO');
INSERT INTO TRAINING (TRAINING_CODE,DESCRIPTION,UPDATE_TIMESTAMP,UPDATE_USER) VALUES (104,'CITI-GCP for Clinical Trials with Investigational Drugs and Biologics (ICH Focus)',str_to_date('16-04-19','%d-%m-%y'),'KCSO');
INSERT INTO TRAINING (TRAINING_CODE,DESCRIPTION,UPDATE_TIMESTAMP,UPDATE_USER) VALUES (100,'CITI-GCP - Social and Behavioral Research Best Practices for Clinical Research',str_to_date('16-04-19','%d-%m-%y'),'KCSO');
INSERT INTO TRAINING (TRAINING_CODE,DESCRIPTION,UPDATE_TIMESTAMP,UPDATE_USER) VALUES (101,'CITI REFRESHER-GCP - Social and Behavioral Research Best Practices for Clinical Research',str_to_date('16-04-19','%d-%m-%y'),'KCSO');
INSERT INTO TRAINING (TRAINING_CODE,DESCRIPTION,UPDATE_TIMESTAMP,UPDATE_USER) VALUES (102,'CITI-GCP for Clinical Investigations of Devices',str_to_date('16-04-19','%d-%m-%y'),'KCSO');
INSERT INTO TRAINING (TRAINING_CODE,DESCRIPTION,UPDATE_TIMESTAMP,UPDATE_USER) VALUES (103,'CITI REFRESHER-GCP for Clinical Investigations of Devices',str_to_date('16-04-19','%d-%m-%y'),'KCSO');
INSERT INTO TRAINING (TRAINING_CODE,DESCRIPTION,UPDATE_TIMESTAMP,UPDATE_USER) VALUES (106,'CITI-GCP for Clinical Trials with Investigational Drugs and Medical Devices (U.S. FDA Focus)',str_to_date('16-04-19','%d-%m-%y'),'KCSO');
INSERT INTO TRAINING (TRAINING_CODE,DESCRIPTION,UPDATE_TIMESTAMP,UPDATE_USER) VALUES (1,'Rochester Training Booklet - Human Subjects',str_to_date('05-09-01','%d-%m-%y'),'SDOWDY');
INSERT INTO TRAINING (TRAINING_CODE,DESCRIPTION,UPDATE_TIMESTAMP,UPDATE_USER) VALUES (2,'MIT Human Subjects Training via Traincasters',str_to_date('05-09-01','%d-%m-%y'),'SDOWDY');
INSERT INTO TRAINING (TRAINING_CODE,DESCRIPTION,UPDATE_TIMESTAMP,UPDATE_USER) VALUES (3,'NIH Training - Human Subjects',str_to_date('05-09-01','%d-%m-%y'),'SDOWDY');
INSERT INTO TRAINING (TRAINING_CODE,DESCRIPTION,UPDATE_TIMESTAMP,UPDATE_USER) VALUES (4,'Johns Hopkins - Human Subjects',str_to_date('05-09-01','%d-%m-%y'),'SDOWDY');
INSERT INTO TRAINING (TRAINING_CODE,DESCRIPTION,UPDATE_TIMESTAMP,UPDATE_USER) VALUES (5,'Massachusetts General Hospital - Human Subjects',str_to_date('05-09-01','%d-%m-%y'),'SDOWDY');
INSERT INTO TRAINING (TRAINING_CODE,DESCRIPTION,UPDATE_TIMESTAMP,UPDATE_USER) VALUES (6,'Stanford - Human Subjects',str_to_date('08-11-02','%d-%m-%y'),'JAOWENS');
INSERT INTO TRAINING (TRAINING_CODE,DESCRIPTION,UPDATE_TIMESTAMP,UPDATE_USER) VALUES (7,'Beth Israel Deaconess Medical Center - Human Subjects',str_to_date('05-01-05','%d-%m-%y'),'SDOWDY');
INSERT INTO TRAINING (TRAINING_CODE,DESCRIPTION,UPDATE_TIMESTAMP,UPDATE_USER) VALUES (8,'Massachusetts Eye & Ear Infirmary - Human Subjects',str_to_date('05-01-05','%d-%m-%y'),'SDOWDY');
INSERT INTO TRAINING (TRAINING_CODE,DESCRIPTION,UPDATE_TIMESTAMP,UPDATE_USER) VALUES (9,'University of Miami CITI Ethics Training program',str_to_date('05-01-05','%d-%m-%y'),'SDOWDY');
INSERT INTO TRAINING (TRAINING_CODE,DESCRIPTION,UPDATE_TIMESTAMP,UPDATE_USER) VALUES (10,'Children''s Hospital CITI Ethics Training Course',str_to_date('11-08-05','%d-%m-%y'),'SDOWDY');
INSERT INTO TRAINING (TRAINING_CODE,DESCRIPTION,UPDATE_TIMESTAMP,UPDATE_USER) VALUES (11,'Yale - Human Subjects',str_to_date('31-01-06','%d-%m-%y'),'sdowdy');
INSERT INTO TRAINING (TRAINING_CODE,DESCRIPTION,UPDATE_TIMESTAMP,UPDATE_USER) VALUES (12,'Harvard Ethics Training in Human Subjects',str_to_date('01-03-06','%d-%m-%y'),'sdowdy');
INSERT INTO TRAINING (TRAINING_CODE,DESCRIPTION,UPDATE_TIMESTAMP,UPDATE_USER) VALUES (13,'Princeton University-Protection of Human Research Subjects',str_to_date('21-11-08','%d-%m-%y'),'ncaissie');
INSERT INTO TRAINING (TRAINING_CODE,DESCRIPTION,UPDATE_TIMESTAMP,UPDATE_USER) VALUES (14,'CITI-Social & Behavioral Research Investigators',str_to_date('24-10-12','%d-%m-%y'),'aeh');
INSERT INTO TRAINING (TRAINING_CODE,DESCRIPTION,UPDATE_TIMESTAMP,UPDATE_USER) VALUES (15,'CITI-Biomedical Research Investigators',str_to_date('24-10-12','%d-%m-%y'),'aeh');
INSERT INTO TRAINING (TRAINING_CODE,DESCRIPTION,UPDATE_TIMESTAMP,UPDATE_USER) VALUES (16,'CITI-Program - Refresher',str_to_date('24-10-12','%d-%m-%y'),'aeh');
INSERT INTO TRAINING (TRAINING_CODE,DESCRIPTION,UPDATE_TIMESTAMP,UPDATE_USER) VALUES (17,'CITI-Data or Specimens Only Research',str_to_date('24-10-12','%d-%m-%y'),'aeh');
INSERT INTO TRAINING (TRAINING_CODE,DESCRIPTION,UPDATE_TIMESTAMP,UPDATE_USER) VALUES (18,'National Bureau of Economic Research (NBER)',str_to_date('12-02-09','%d-%m-%y'),'ncaissie');
INSERT INTO TRAINING (TRAINING_CODE,DESCRIPTION,UPDATE_TIMESTAMP,UPDATE_USER) VALUES (19,'MIT COUHES Presentation',str_to_date('15-06-09','%d-%m-%y'),'ncaissie');
INSERT INTO TRAINING (TRAINING_CODE,DESCRIPTION,UPDATE_TIMESTAMP,UPDATE_USER) VALUES (20,'Rutgers University',str_to_date('15-03-11','%d-%m-%y'),'ncaissie');
INSERT INTO TRAINING (TRAINING_CODE,DESCRIPTION,UPDATE_TIMESTAMP,UPDATE_USER) VALUES (23,'CITI REFRESHER-Biomedical Research Investigators',str_to_date('23-06-11','%d-%m-%y'),'OSPA');
INSERT INTO TRAINING (TRAINING_CODE,DESCRIPTION,UPDATE_TIMESTAMP,UPDATE_USER) VALUES (24,'CITI REFRESHER-Data or Specimens Only Research',str_to_date('23-06-11','%d-%m-%y'),'OSPA');
INSERT INTO TRAINING (TRAINING_CODE,DESCRIPTION,UPDATE_TIMESTAMP,UPDATE_USER) VALUES (25,'CITI REFRESHER-Social & Behavioral Research Investigators',str_to_date('23-06-11','%d-%m-%y'),'OSPA');
INSERT INTO TRAINING (TRAINING_CODE,DESCRIPTION,UPDATE_TIMESTAMP,UPDATE_USER) VALUES (26,'CITI-IRB Members',str_to_date('23-06-11','%d-%m-%y'),'OSPA');
INSERT INTO TRAINING (TRAINING_CODE,DESCRIPTION,UPDATE_TIMESTAMP,UPDATE_USER) VALUES (27,'CITI REFRESHER-IRB Members',str_to_date('23-06-11','%d-%m-%y'),'OSPA');
INSERT INTO TRAINING (TRAINING_CODE,DESCRIPTION,UPDATE_TIMESTAMP,UPDATE_USER) VALUES (40,'CITI-RCR-HUMANITIES',str_to_date('23-06-11','%d-%m-%y'),'OSPA');
INSERT INTO TRAINING (TRAINING_CODE,DESCRIPTION,UPDATE_TIMESTAMP,UPDATE_USER) VALUES (41,'CITI-RCR-SOCIAL BEHAVIORAL',str_to_date('23-06-11','%d-%m-%y'),'OSPA');
INSERT INTO TRAINING (TRAINING_CODE,DESCRIPTION,UPDATE_TIMESTAMP,UPDATE_USER) VALUES (42,'CITI-RCR-ENGINEERS',str_to_date('23-06-11','%d-%m-%y'),'OSPA');
INSERT INTO TRAINING (TRAINING_CODE,DESCRIPTION,UPDATE_TIMESTAMP,UPDATE_USER) VALUES (43,'CITI-RCR-PHYSICAL SCIENCE',str_to_date('23-06-11','%d-%m-%y'),'OSPA');
INSERT INTO TRAINING (TRAINING_CODE,DESCRIPTION,UPDATE_TIMESTAMP,UPDATE_USER) VALUES (44,'CITI-RCR-BIOMEDICAL',str_to_date('23-06-11','%d-%m-%y'),'OSPA');
INSERT INTO TRAINING (TRAINING_CODE,DESCRIPTION,UPDATE_TIMESTAMP,UPDATE_USER) VALUES (45,'CITI-RCR-ADMINISTRATORS',str_to_date('23-06-11','%d-%m-%y'),'OSPA');
INSERT INTO TRAINING (TRAINING_CODE,DESCRIPTION,UPDATE_TIMESTAMP,UPDATE_USER) VALUES (46,'CITI-RCR-REFRESHER-HUMANITIES',str_to_date('23-06-11','%d-%m-%y'),'OSPA');
INSERT INTO TRAINING (TRAINING_CODE,DESCRIPTION,UPDATE_TIMESTAMP,UPDATE_USER) VALUES (47,'CITI-RCR-REFRESHER-SOCIAL',str_to_date('23-06-11','%d-%m-%y'),'OSPA');
INSERT INTO TRAINING (TRAINING_CODE,DESCRIPTION,UPDATE_TIMESTAMP,UPDATE_USER) VALUES (48,'CITI-RCR-REFRESHER-ENGINEERS',str_to_date('23-06-11','%d-%m-%y'),'OSPA');
INSERT INTO TRAINING (TRAINING_CODE,DESCRIPTION,UPDATE_TIMESTAMP,UPDATE_USER) VALUES (49,'CITI-RCR-REFRESHER-PHYS',str_to_date('23-06-11','%d-%m-%y'),'OSPA');
INSERT INTO TRAINING (TRAINING_CODE,DESCRIPTION,UPDATE_TIMESTAMP,UPDATE_USER) VALUES (50,'CITI-RCR-REFRESHER-BIOMED',str_to_date('23-06-11','%d-%m-%y'),'OSPA');
INSERT INTO TRAINING (TRAINING_CODE,DESCRIPTION,UPDATE_TIMESTAMP,UPDATE_USER) VALUES (51,'CITI-RCR-REFRESHER-ADMIN',str_to_date('23-06-11','%d-%m-%y'),'OSPA');
INSERT INTO TRAINING (TRAINING_CODE,DESCRIPTION,UPDATE_TIMESTAMP,UPDATE_USER) VALUES (52,'Award Budget for Raft',str_to_date('22-08-11','%d-%m-%y'),'barrigar');
INSERT INTO TRAINING (TRAINING_CODE,DESCRIPTION,UPDATE_TIMESTAMP,UPDATE_USER) VALUES (53,'RCR-Outside Training Equivalent',str_to_date('02-11-11','%d-%m-%y'),'barrigar');
INSERT INTO TRAINING (TRAINING_CODE,DESCRIPTION,UPDATE_TIMESTAMP,UPDATE_USER) VALUES (54,'CITI Conflicts of Interest',str_to_date('14-08-12','%d-%m-%y'),'OSPA');
INSERT INTO TRAINING (TRAINING_CODE,DESCRIPTION,UPDATE_TIMESTAMP,UPDATE_USER) VALUES (55,'IRB-Outside Training Equivalent-Social & Behavioral',str_to_date('13-02-14','%d-%m-%y'),'pviejo');
INSERT INTO TRAINING (TRAINING_CODE,DESCRIPTION,UPDATE_TIMESTAMP,UPDATE_USER) VALUES (56,'IRB-Outside Training Equivalent-Biomedical',str_to_date('13-02-14','%d-%m-%y'),'pviejo');
INSERT INTO TRAINING (TRAINING_CODE,DESCRIPTION,UPDATE_TIMESTAMP,UPDATE_USER) VALUES (57,'CITI-IACUC-WORKING-WITH-IACUC',str_to_date('23-04-14','%d-%m-%y'),'OSPA');
INSERT INTO TRAINING (TRAINING_CODE,DESCRIPTION,UPDATE_TIMESTAMP,UPDATE_USER) VALUES (58,'CITI-IACUC-REFRESHER-WORKING-WITH-IACUC',str_to_date('23-04-14','%d-%m-%y'),'OSPA');
INSERT INTO TRAINING (TRAINING_CODE,DESCRIPTION,UPDATE_TIMESTAMP,UPDATE_USER) VALUES (59,'CITI-IACUC-ASEPTIC-SURGERY',str_to_date('23-04-14','%d-%m-%y'),'OSPA');
INSERT INTO TRAINING (TRAINING_CODE,DESCRIPTION,UPDATE_TIMESTAMP,UPDATE_USER) VALUES (60,'CITI-IACUC-ANTIBODY-PRODUCTION',str_to_date('23-04-14','%d-%m-%y'),'OSPA');
INSERT INTO TRAINING (TRAINING_CODE,DESCRIPTION,UPDATE_TIMESTAMP,UPDATE_USER) VALUES (61,'CITI-IACUC-ESSENTIALS',str_to_date('23-04-14','%d-%m-%y'),'OSPA');
INSERT INTO TRAINING (TRAINING_CODE,DESCRIPTION,UPDATE_TIMESTAMP,UPDATE_USER) VALUES (62,'CITI-IACUC-COMMUNITY-MEMBER',str_to_date('23-04-14','%d-%m-%y'),'OSPA');
INSERT INTO TRAINING (TRAINING_CODE,DESCRIPTION,UPDATE_TIMESTAMP,UPDATE_USER) VALUES (63,'CITI-IACUC-REDUCING-PAIN-IN-MICE-AND-RATS',str_to_date('23-04-14','%d-%m-%y'),'OSPA');
INSERT INTO TRAINING (TRAINING_CODE,DESCRIPTION,UPDATE_TIMESTAMP,UPDATE_USER) VALUES (64,'CITI-IACUC-WILDLIFE-RESEARCH',str_to_date('23-04-14','%d-%m-%y'),'OSPA');
INSERT INTO TRAINING (TRAINING_CODE,DESCRIPTION,UPDATE_TIMESTAMP,UPDATE_USER) VALUES (65,'CITI-IACUC-WORKING-WITH-AMPHIBIANS',str_to_date('23-04-14','%d-%m-%y'),'OSPA');
INSERT INTO TRAINING (TRAINING_CODE,DESCRIPTION,UPDATE_TIMESTAMP,UPDATE_USER) VALUES (66,'CITI-IACUC-WORKING-WITH-CATS',str_to_date('23-04-14','%d-%m-%y'),'OSPA');
INSERT INTO TRAINING (TRAINING_CODE,DESCRIPTION,UPDATE_TIMESTAMP,UPDATE_USER) VALUES (67,'CITI-IACUC-WORKING-WITH-DOGS',str_to_date('23-04-14','%d-%m-%y'),'OSPA');
INSERT INTO TRAINING (TRAINING_CODE,DESCRIPTION,UPDATE_TIMESTAMP,UPDATE_USER) VALUES (68,'CITI-IACUC-WORKING-WITH-FERRETS',str_to_date('23-04-14','%d-%m-%y'),'OSPA');
INSERT INTO TRAINING (TRAINING_CODE,DESCRIPTION,UPDATE_TIMESTAMP,UPDATE_USER) VALUES (69,'CITI-IACUC-WORKING-WITH-FISH',str_to_date('23-04-14','%d-%m-%y'),'OSPA');
INSERT INTO TRAINING (TRAINING_CODE,DESCRIPTION,UPDATE_TIMESTAMP,UPDATE_USER) VALUES (70,'CITI-IACUC-WORKING-WITH-GERBILS',str_to_date('23-04-14','%d-%m-%y'),'OSPA');
INSERT INTO TRAINING (TRAINING_CODE,DESCRIPTION,UPDATE_TIMESTAMP,UPDATE_USER) VALUES (71,'CITI-IACUC-WORKING-WITH-GUINEA-PIGS',str_to_date('23-04-14','%d-%m-%y'),'OSPA');
INSERT INTO TRAINING (TRAINING_CODE,DESCRIPTION,UPDATE_TIMESTAMP,UPDATE_USER) VALUES (72,'CITI-IACUC-WORKING-WITH-HAMSTERS',str_to_date('23-04-14','%d-%m-%y'),'OSPA');
INSERT INTO TRAINING (TRAINING_CODE,DESCRIPTION,UPDATE_TIMESTAMP,UPDATE_USER) VALUES (73,'CITI-IACUC-WORKING-WITH-MICE',str_to_date('23-04-14','%d-%m-%y'),'OSPA');
INSERT INTO TRAINING (TRAINING_CODE,DESCRIPTION,UPDATE_TIMESTAMP,UPDATE_USER) VALUES (74,'CITI-IACUC-WORKING-WITH-NON-HUMAN-PRIMATES',str_to_date('23-04-14','%d-%m-%y'),'OSPA');
INSERT INTO TRAINING (TRAINING_CODE,DESCRIPTION,UPDATE_TIMESTAMP,UPDATE_USER) VALUES (75,'CITI-IACUC-WORKING-WITH-RABBITS',str_to_date('23-04-14','%d-%m-%y'),'OSPA');
INSERT INTO TRAINING (TRAINING_CODE,DESCRIPTION,UPDATE_TIMESTAMP,UPDATE_USER) VALUES (76,'CITI-IACUC-WORKING-WITH-RATS',str_to_date('23-04-14','%d-%m-%y'),'OSPA');
INSERT INTO TRAINING (TRAINING_CODE,DESCRIPTION,UPDATE_TIMESTAMP,UPDATE_USER) VALUES (77,'CITI-IACUC-WORKING-WITH-SWINE',str_to_date('23-04-14','%d-%m-%y'),'OSPA');
INSERT INTO TRAINING (TRAINING_CODE,DESCRIPTION,UPDATE_TIMESTAMP,UPDATE_USER) VALUES (78,'CITI-IACUC-WORKING-WITH-ZEBRAFISH',str_to_date('23-04-14','%d-%m-%y'),'OSPA');
INSERT INTO TRAINING (TRAINING_CODE,DESCRIPTION,UPDATE_TIMESTAMP,UPDATE_USER) VALUES (79,'CITI-IACUC-POST-APPROVAL-MONITORING',str_to_date('23-04-14','%d-%m-%y'),'OSPA');
INSERT INTO TRAINING (TRAINING_CODE,DESCRIPTION,UPDATE_TIMESTAMP,UPDATE_USER) VALUES (90,'CITI - MIT Export Control',str_to_date('08-11-17','%d-%m-%y'),'pviejo');
INSERT INTO TRAINING (TRAINING_CODE,DESCRIPTION,UPDATE_TIMESTAMP,UPDATE_USER) VALUES (120,'Undue Foreign Influence: Risks and Mitigations',str_to_date('10-02-21','%d-%m-%y'),'KCSO');
INSERT INTO TRAINING (TRAINING_CODE,DESCRIPTION,UPDATE_TIMESTAMP,UPDATE_USER) VALUES (153,'RECR-Outside Training Equivalent',str_to_date('01-08-23','%d-%m-%y'),'KCSO');
INSERT INTO TRAINING (TRAINING_CODE,DESCRIPTION,UPDATE_TIMESTAMP,UPDATE_USER) VALUES (140,'CITI-RECR-HUMANITIES',str_to_date('01-08-23','%d-%m-%y'),'KCSO');
INSERT INTO TRAINING (TRAINING_CODE,DESCRIPTION,UPDATE_TIMESTAMP,UPDATE_USER) VALUES (141,'CITI-RECR-SOCIAL BEHAVIORAL',str_to_date('01-08-23','%d-%m-%y'),'KCSO');
INSERT INTO TRAINING (TRAINING_CODE,DESCRIPTION,UPDATE_TIMESTAMP,UPDATE_USER) VALUES (142,'CITI-RECR-ENGINEERS',str_to_date('01-08-23','%d-%m-%y'),'KCSO');
INSERT INTO TRAINING (TRAINING_CODE,DESCRIPTION,UPDATE_TIMESTAMP,UPDATE_USER) VALUES (143,'CITI-RECR-PHYSICAL SCIENCE',str_to_date('01-08-23','%d-%m-%y'),'KCSO');
INSERT INTO TRAINING (TRAINING_CODE,DESCRIPTION,UPDATE_TIMESTAMP,UPDATE_USER) VALUES (144,'CITI-RECR-BIOMEDICAL',str_to_date('01-08-23','%d-%m-%y'),'KCSO');
INSERT INTO TRAINING (TRAINING_CODE,DESCRIPTION,UPDATE_TIMESTAMP,UPDATE_USER) VALUES (145,'CITI-RECR-ADMINISTRATORS',str_to_date('01-08-23','%d-%m-%y'),'KCSO');
INSERT INTO TRAINING (TRAINING_CODE,DESCRIPTION,UPDATE_TIMESTAMP,UPDATE_USER) VALUES (151,'CITI-RECR-REFRESHER',str_to_date('01-08-23','%d-%m-%y'),'KCSO');

INSERT INTO CITI_TRAINING_FEED_CONFIG (CONFIGURATION_KEY,CONFIGURATION_VALUE,DESCRIPTION,UPDATE_TIMESTAMP,UPDATED_BY) VALUES ('file.download.name','citi_training_1_','File name for processing',NOW(),'910056750');
INSERT INTO CITI_TRAINING_FEED_CONFIG (CONFIGURATION_KEY,CONFIGURATION_VALUE,DESCRIPTION,UPDATE_TIMESTAMP,UPDATED_BY) VALUES ('file.download.url','','URL of the CITI training',NOW(),'910056750');
INSERT INTO CITI_TRAINING_FEED_CONFIG (CONFIGURATION_KEY,CONFIGURATION_VALUE,DESCRIPTION,UPDATE_TIMESTAMP,UPDATED_BY) VALUES ('file.read.path','DEV','File read from local path or SFTP path. For development purpose only.',NOW(),'910056750');
INSERT INTO CITI_TRAINING_FEED_CONFIG (CONFIGURATION_KEY,CONFIGURATION_VALUE,DESCRIPTION,UPDATE_TIMESTAMP,UPDATED_BY) VALUES ('local.archive.dir','D:/Project/coi/citi/CitiReport/Archive','Used to test in development environment.',NOW(),'910056750');
INSERT INTO CITI_TRAINING_FEED_CONFIG (CONFIGURATION_KEY,CONFIGURATION_VALUE,DESCRIPTION,UPDATE_TIMESTAMP,UPDATED_BY) VALUES ('local.file.name','citi_report_A.xls','Used to test in development environment.',NOW(),'910056750');
INSERT INTO CITI_TRAINING_FEED_CONFIG (CONFIGURATION_KEY,CONFIGURATION_VALUE,DESCRIPTION,UPDATE_TIMESTAMP,UPDATED_BY) VALUES ('local.remote.dir','D:/Project/coi/citi/CitiReport/','Used to test in development environment.',NOW(),'910056750');
INSERT INTO CITI_TRAINING_FEED_CONFIG (CONFIGURATION_KEY,CONFIGURATION_VALUE,DESCRIPTION,UPDATE_TIMESTAMP,UPDATED_BY) VALUES ('sftp.archive.dir','polussftp/citi_training/Archive','Remote file Archive directory',NOW(),'910056750');
INSERT INTO CITI_TRAINING_FEED_CONFIG (CONFIGURATION_KEY,CONFIGURATION_VALUE,DESCRIPTION,UPDATE_TIMESTAMP,UPDATED_BY) VALUES ('sftp.password','polus123','Password of the SFTP server',NOW(),'910056750');
INSERT INTO CITI_TRAINING_FEED_CONFIG (CONFIGURATION_KEY,CONFIGURATION_VALUE,DESCRIPTION,UPDATE_TIMESTAMP,UPDATED_BY) VALUES ('sftp.port','22','Port number of the SFTP server',NOW(),'910056750');
INSERT INTO CITI_TRAINING_FEED_CONFIG (CONFIGURATION_KEY,CONFIGURATION_VALUE,DESCRIPTION,UPDATE_TIMESTAMP,UPDATED_BY) VALUES ('sftp.remote.dir','polussftp/citi_training','Remote file directory',NOW(),'910056750');
INSERT INTO CITI_TRAINING_FEED_CONFIG (CONFIGURATION_KEY,CONFIGURATION_VALUE,DESCRIPTION,UPDATE_TIMESTAMP,UPDATED_BY) VALUES ('sftp.server','192.168.1.226','Host name of the SFTP server',NOW(),'910056750');
INSERT INTO CITI_TRAINING_FEED_CONFIG (CONFIGURATION_KEY,CONFIGURATION_VALUE,DESCRIPTION,UPDATE_TIMESTAMP,UPDATED_BY) VALUES ('sftp.username','polussftp','Username of the SFTP server',NOW(),'910056750');

INSERT INTO SOURCE_TYPE (SOURCE_TYPE_CODE, DESCRIPTION, UPDATE_USER, UPDATE_TIMESTAMP) VALUES ('1', 'FIBI', 'admin', now());
INSERT INTO SOURCE_TYPE (SOURCE_TYPE_CODE, DESCRIPTION, UPDATE_USER, UPDATE_TIMESTAMP) VALUES ('2', 'Researcher Profile', 'admin', now());
INSERT INTO SOURCE_TYPE (SOURCE_TYPE_CODE, DESCRIPTION, UPDATE_USER, UPDATE_TIMESTAMP) VALUES ('3', 'MyLearn Integration', 'admin', now());

INSERT INTO REMINDER_NOTIFICATION
(REMINDER_NOTIFICATION_ID, REMINDER_NAME, NOTIFICATION_TYPE_ID, DAYS_TO_DUE_DATE, PROCEDURE_NAME, IS_ACTVE, UPDATE_USER, UPDATE_TIMESTAMP, PLACEHOLDER_VALUES)
VALUES((SELECT T.ID FROM (SELECT MAX(REMINDER_NOTIFICATION_ID) + 1 AS ID FROM REMINDER_NOTIFICATION) AS T), 'FCOI Disclosure reminder for Renewal', 8022, 7, 'FCOI_DISCLOSRE_RENEWAL_REMINDER', 'Y', 'willsmith', now(), NULL);

INSERT INTO REMINDER_NOTIFICATION
(REMINDER_NOTIFICATION_ID, REMINDER_NAME, NOTIFICATION_TYPE_ID, DAYS_TO_DUE_DATE, PROCEDURE_NAME, IS_ACTVE, UPDATE_USER, UPDATE_TIMESTAMP, PLACEHOLDER_VALUES)
VALUES((SELECT T.ID FROM (SELECT MAX(REMINDER_NOTIFICATION_ID) + 1 AS ID FROM REMINDER_NOTIFICATION) AS T), 'FCOI Disclosure reminder for Renewal', 8022, 30, 'FCOI_DISCLOSRE_RENEWAL_REMINDER', 'Y', 'willsmith', now(), NULL);

INSERT INTO REMINDER_NOTIFICATION
(REMINDER_NOTIFICATION_ID, REMINDER_NAME, NOTIFICATION_TYPE_ID, DAYS_TO_DUE_DATE, PROCEDURE_NAME, IS_ACTVE, UPDATE_USER, UPDATE_TIMESTAMP, PLACEHOLDER_VALUES)
VALUES((SELECT T.ID FROM (SELECT MAX(REMINDER_NOTIFICATION_ID) + 1 AS ID FROM REMINDER_NOTIFICATION) AS T), 'FCOI Disclosure reminder for Renewal', 8022, 60, 'FCOI_DISCLOSRE_RENEWAL_REMINDER', 'Y', 'willsmith', now(), NULL);
